{
  "id": "GHSA-2mvq-xp48-4c77",
  "summary": "Denial of Service in subtext",
  "details": "All versions of `subtext` are vulnerable to Denial of Service (DoS). The package fails to enforce the `maxBytes` configuration for payloads with chunked encoding that are written to the file system. This allows attackers to send requests with arbitrary payload sizes, which may exhaust system resources leading to Denial of Service.\n\n\n## Recommendation\n\nThis package is not actively maintained and has been moved to `@hapi/subtext` where version 6.1.2.",
  "modified": "2021-09-29T18:37:04Z",
  "published": "2020-09-03T20:35:29Z",
  "database_specific": {
    "nvd_published_at": null,
    "github_reviewed_at": "2020-08-31T18:49:45Z",
    "severity": "HIGH",
    "github_reviewed": true,
    "cwe_ids": [
      "CWE-400"
    ]
  },
  "references": [
    {
      "type": "WEB",
      "url": "https://github.com/hapijs/subtext/issues/72"
    },
    {
      "type": "PACKAGE",
      "url": "https://github.com/hapijs/subtext"
    },
    {
      "type": "WEB",
      "url": "https://www.npmjs.com/advisories/1168"
    }
  ],
  "affected": [
    {
      "package": {
        "name": "subtext",
        "ecosystem": "npm",
        "purl": "pkg:npm/subtext"
      },
      "ranges": [
        {
          "type": "SEMVER",
          "events": [
            {
              "introduced": "0.0.0"
            }
          ]
        }
      ],
      "database_specific": {
        "source": "https://github.com/github/advisory-database/blob/main/advisories/github-reviewed/2020/09/GHSA-2mvq-xp48-4c77/GHSA-2mvq-xp48-4c77.json"
      }
    }
  ],
  "schema_version": "1.6.0"
}