{
  "id": "GHSA-2r9c-46v3-43fc",
  "summary": "Downloads Resources over HTTP in haxe3",
  "details": "Affected versions of `haxe3` insecurely download an executable over an unencrypted HTTP connection. \n\nIn scenarios where an attacker has a privileged network position, it is possible to intercept the response and replace the executable with a malicious one, resulting in code execution on the system running `haxe3`.\n\n\n## Recommendation\n\nNo patch is currently available for this vulnerability. This vulnerability has been left unpatched for several years, despite active maintenance on the package. Because of this, it appears that the package author has accepted the risk, and is unlikely to patch this package in the future.\n\nThe best mitigation is currently to avoid using this package, using a different package if available. \n\nAlternatively, the risk of exploitation can be reduced by ensuring that this package is not installed while connected to a public network. If the package is installed on a private network, the only people who can exploit this vulnerability are those who have compromised your network or those who have privileged access to your ISP, such as Nation State Actors or Rogue ISP Employees.",
  "aliases": [
    "CVE-2016-10688"
  ],
  "modified": "2023-11-08T03:58:20.461184Z",
  "published": "2018-08-17T20:28:13Z",
  "database_specific": {
    "nvd_published_at": null,
    "github_reviewed_at": "2020-06-16T20:52:56Z",
    "severity": "HIGH",
    "github_reviewed": true,
    "cwe_ids": [
      "CWE-311"
    ]
  },
  "references": [
    {
      "type": "ADVISORY",
      "url": "https://nvd.nist.gov/vuln/detail/CVE-2016-10688"
    },
    {
      "type": "ADVISORY",
      "url": "https://github.com/advisories/GHSA-2r9c-46v3-43fc"
    },
    {
      "type": "WEB",
      "url": "https://www.npmjs.com/advisories/294"
    }
  ],
  "affected": [
    {
      "package": {
        "name": "haxe3",
        "ecosystem": "npm",
        "purl": "pkg:npm/haxe3"
      },
      "ranges": [
        {
          "type": "SEMVER",
          "events": [
            {
              "introduced": "0"
            }
          ]
        }
      ],
      "database_specific": {
        "source": "https://github.com/github/advisory-database/blob/main/advisories/github-reviewed/2018/08/GHSA-2r9c-46v3-43fc/GHSA-2r9c-46v3-43fc.json"
      }
    }
  ],
  "schema_version": "1.6.0"
}