{
  "id": "GHSA-3ww4-cp53-6g2x",
  "summary": "Cross Site Request Forgery in kindeditor",
  "details": "Cross Site Request Forgery (CSRF) vulnerability exists in KindEditor 4.1.x. First, you upload an html file containing csrf on the website that uses a google editor, (you only need to search in google: inurl:/examples/uploadbutton.html) and then use the authority of this website to trick users into clicking your malicious html link.",
  "aliases": [
    "CVE-2021-42228"
  ],
  "modified": "2023-11-08T04:07:05.285477Z",
  "published": "2021-10-18T19:44:06Z",
  "database_specific": {
    "nvd_published_at": "2021-10-14T17:15:00Z",
    "github_reviewed_at": "2021-10-15T17:38:56Z",
    "severity": "HIGH",
    "github_reviewed": true,
    "cwe_ids": [
      "CWE-352"
    ]
  },
  "references": [
    {
      "type": "ADVISORY",
      "url": "https://nvd.nist.gov/vuln/detail/CVE-2021-42228"
    },
    {
      "type": "WEB",
      "url": "https://github.com/kindsoft/kindeditor/issues/337"
    },
    {
      "type": "PACKAGE",
      "url": "https://github.com/kindsoft/kindeditor"
    }
  ],
  "affected": [
    {
      "package": {
        "name": "kindeditor",
        "ecosystem": "npm",
        "purl": "pkg:npm/kindeditor"
      },
      "ranges": [
        {
          "type": "SEMVER",
          "events": [
            {
              "introduced": "0"
            },
            {
              "last_affected": "4.1.12"
            }
          ]
        }
      ],
      "database_specific": {
        "source": "https://github.com/github/advisory-database/blob/main/advisories/github-reviewed/2021/10/GHSA-3ww4-cp53-6g2x/GHSA-3ww4-cp53-6g2x.json"
      }
    }
  ],
  "schema_version": "1.6.0",
  "severity": [
    {
      "type": "CVSS_V3",
      "score": "CVSS:3.1/AV:N/AC:L/PR:N/UI:R/S:U/C:H/I:H/A:H"
    }
  ]
}