{
  "id": "GHSA-388g-jwpg-x6j4",
  "summary": "Cross-Site Scripting in swagger-ui",
  "details": "Versions of `swagger-ui` prior to 3.0.13 are vulnerable to Cross-Site Scripting (XSS). The package fails to sanitize YAML files imported from URLs or copied-pasted. This may allow attackers to execute arbitrary JavaScript.\n\n\n## Recommendation\n\nUpgrade to version 3.0.13 or later.",
  "modified": "2021-09-28T17:00:22Z",
  "published": "2020-09-11T21:20:14Z",
  "database_specific": {
    "nvd_published_at": null,
    "github_reviewed_at": "2020-08-31T18:43:03Z",
    "severity": "MODERATE",
    "github_reviewed": true,
    "cwe_ids": [
      "CWE-79"
    ]
  },
  "references": [
    {
      "type": "WEB",
      "url": "https://github.com/swagger-api/swagger-ui/issues/3163"
    },
    {
      "type": "PACKAGE",
      "url": "https://github.com/swagger-api/swagger-ui"
    },
    {
      "type": "WEB",
      "url": "https://snyk.io/vuln/SNYK-JS-SWAGGERUI-449941"
    },
    {
      "type": "WEB",
      "url": "https://www.npmjs.com/advisories/985"
    }
  ],
  "affected": [
    {
      "package": {
        "name": "swagger-ui",
        "ecosystem": "npm",
        "purl": "pkg:npm/swagger-ui"
      },
      "ranges": [
        {
          "type": "SEMVER",
          "events": [
            {
              "introduced": "0"
            },
            {
              "fixed": "3.0.13"
            }
          ]
        }
      ],
      "database_specific": {
        "source": "https://github.com/github/advisory-database/blob/main/advisories/github-reviewed/2020/09/GHSA-388g-jwpg-x6j4/GHSA-388g-jwpg-x6j4.json"
      }
    }
  ],
  "schema_version": "1.6.0",
  "severity": [
    {
      "type": "CVSS_V3",
      "score": "CVSS:3.1/AV:N/AC:L/PR:N/UI:R/S:U/C:H/I:N/A:N"
    }
  ]
}