{
  "id": "GHSA-3pwh-5mmc-mwrx",
  "summary": "Denial of Service in nes",
  "details": "Affected versions of `nes` are vulnerable to denial of service when given an invalid `cookie` header, and websocket authentication is set to `cookie`. Submitting an invalid cookie on the websocket upgrade request will cause the node process to throw and exit.\n\n\n## Recommendation\n\nUpdate to version 6.4.1 or later.",
  "aliases": [
    "CVE-2017-16025"
  ],
  "modified": "2023-11-08T03:59:00.377551Z",
  "published": "2018-07-24T20:06:33Z",
  "database_specific": {
    "nvd_published_at": null,
    "github_reviewed_at": "2020-06-16T20:55:46Z",
    "severity": "HIGH",
    "github_reviewed": true,
    "cwe_ids": [
      "CWE-400"
    ]
  },
  "references": [
    {
      "type": "ADVISORY",
      "url": "https://nvd.nist.gov/vuln/detail/CVE-2017-16025"
    },
    {
      "type": "WEB",
      "url": "https://github.com/hapijs/nes/issues/171"
    },
    {
      "type": "WEB",
      "url": "https://github.com/hapijs/nes/commit/249ba1755ed6977fbc208463c87364bf884ad655"
    },
    {
      "type": "ADVISORY",
      "url": "https://github.com/advisories/GHSA-3pwh-5mmc-mwrx"
    },
    {
      "type": "WEB",
      "url": "https://www.npmjs.com/advisories/331"
    }
  ],
  "affected": [
    {
      "package": {
        "name": "nes",
        "ecosystem": "npm",
        "purl": "pkg:npm/nes"
      },
      "ranges": [
        {
          "type": "SEMVER",
          "events": [
            {
              "introduced": "0"
            },
            {
              "fixed": "6.4.1"
            }
          ]
        }
      ],
      "database_specific": {
        "last_known_affected_version_range": "<= 6.4.0",
        "source": "https://github.com/github/advisory-database/blob/main/advisories/github-reviewed/2018/07/GHSA-3pwh-5mmc-mwrx/GHSA-3pwh-5mmc-mwrx.json"
      }
    }
  ],
  "schema_version": "1.6.0"
}