{
  "id": "GHSA-36m4-6v6m-4vpr",
  "summary": "Cross-site Scripting in remarkable",
  "details": "In remarkable 1.7.1, lib/parser_inline.js mishandles URL filtering, which allows attackers to trigger XSS via unprintable characters, as demonstrated by a `\\x0ejavascript:` URL.",
  "aliases": [
    "CVE-2019-12043"
  ],
  "modified": "2023-11-08T04:01:02.707178Z",
  "published": "2019-05-29T18:04:55Z",
  "database_specific": {
    "nvd_published_at": "2019-05-13T14:29:00Z",
    "cwe_ids": [
      "CWE-79"
    ],
    "severity": "MODERATE",
    "github_reviewed": true,
    "github_reviewed_at": "2019-05-14T01:14:15Z"
  },
  "references": [
    {
      "type": "ADVISORY",
      "url": "https://nvd.nist.gov/vuln/detail/CVE-2019-12043"
    },
    {
      "type": "WEB",
      "url": "https://github.com/jonschlinkert/remarkable/issues/332"
    },
    {
      "type": "WEB",
      "url": "https://github.com/jonschlinkert/remarkable/commit/49e87b7ae2dc323d83606792a749fb207595249e"
    }
  ],
  "affected": [
    {
      "package": {
        "name": "remarkable",
        "ecosystem": "npm",
        "purl": "pkg:npm/remarkable"
      },
      "ranges": [
        {
          "type": "SEMVER",
          "events": [
            {
              "introduced": "0"
            },
            {
              "fixed": "1.7.2"
            }
          ]
        }
      ],
      "database_specific": {
        "source": "https://github.com/github/advisory-database/blob/main/advisories/github-reviewed/2019/05/GHSA-36m4-6v6m-4vpr/GHSA-36m4-6v6m-4vpr.json"
      }
    }
  ],
  "schema_version": "1.6.0",
  "severity": [
    {
      "type": "CVSS_V3",
      "score": "CVSS:3.0/AV:N/AC:L/PR:N/UI:R/S:C/C:L/I:L/A:N"
    }
  ]
}