{
  "id": "GHSA-2x9c-qwgf-94xr",
  "summary": "matrix-react-sdk Prototype pollution vulnerability",
  "details": "### Impact\nEvents sent with special strings in key places can temporarily disrupt or impede the matrix-react-sdk from functioning properly, such as by causing room or event tile crashes. The remainder of the application can appear functional, though certain rooms/events will not be rendered.\n\n### Patches\nThis is fixed in matrix-react-sdk 3.53.0\n\n### Workarounds\nThere are no workarounds. Please upgrade immediately.\n\n### References\nhttps://learn.snyk.io/lessons/prototype-pollution/javascript/\n\n### For more information\nIf you have any questions or comments about this advisory please email us at [security at matrix.org](mailto:security@matrix.org).\n",
  "aliases": [
    "CVE-2022-36060"
  ],
  "modified": "2023-11-08T04:09:59.154049Z",
  "published": "2023-03-28T19:57:57Z",
  "database_specific": {
    "nvd_published_at": "2023-03-28T21:15:00Z",
    "github_reviewed_at": "2023-03-28T19:57:57Z",
    "severity": "HIGH",
    "github_reviewed": true,
    "cwe_ids": [
      "CWE-1321"
    ]
  },
  "references": [
    {
      "type": "WEB",
      "url": "https://github.com/matrix-org/matrix-react-sdk/security/advisories/GHSA-2x9c-qwgf-94xr"
    },
    {
      "type": "ADVISORY",
      "url": "https://nvd.nist.gov/vuln/detail/CVE-2022-36060"
    },
    {
      "type": "PACKAGE",
      "url": "https://github.com/matrix-org/matrix-react-sdk"
    },
    {
      "type": "WEB",
      "url": "https://github.com/matrix-org/matrix-react-sdk/releases/tag/v3.53.0"
    }
  ],
  "affected": [
    {
      "package": {
        "name": "matrix-react-sdk",
        "ecosystem": "npm",
        "purl": "pkg:npm/matrix-react-sdk"
      },
      "ranges": [
        {
          "type": "SEMVER",
          "events": [
            {
              "introduced": "0"
            },
            {
              "fixed": "3.53.0"
            }
          ]
        }
      ],
      "database_specific": {
        "source": "https://github.com/github/advisory-database/blob/main/advisories/github-reviewed/2023/03/GHSA-2x9c-qwgf-94xr/GHSA-2x9c-qwgf-94xr.json"
      }
    }
  ],
  "schema_version": "1.6.0",
  "severity": [
    {
      "type": "CVSS_V3",
      "score": "CVSS:3.1/AV:N/AC:L/PR:N/UI:N/S:C/C:L/I:L/A:N"
    }
  ]
}