{
  "id": "GHSA-4cmx-hrq9-c23p",
  "summary": "Improper Authorization in aedes",
  "details": "Versions of `aedes` before 0.35.1 does not respect its own authorization rules when a client sets a `Last Will`.\n\n\n## Recommendation\n\nUpdate to version 0.35.1 or later.",
  "aliases": [
    "CVE-2018-3778"
  ],
  "modified": "2023-11-08T04:00:19.875821Z",
  "published": "2018-08-15T20:03:22Z",
  "database_specific": {
    "nvd_published_at": "2018-08-08T20:29:00Z",
    "github_reviewed_at": "2020-06-16T20:58:11Z",
    "severity": "MODERATE",
    "github_reviewed": true,
    "cwe_ids": [
      "CWE-285",
      "CWE-863"
    ]
  },
  "references": [
    {
      "type": "ADVISORY",
      "url": "https://nvd.nist.gov/vuln/detail/CVE-2018-3778"
    },
    {
      "type": "WEB",
      "url": "https://github.com/moscajs/aedes/issues/211"
    },
    {
      "type": "WEB",
      "url": "https://github.com/moscajs/aedes/issues/212"
    },
    {
      "type": "WEB",
      "url": "https://github.com/moscajs/aedes/commit/ffbc1702bb24b596afbb96407cc6db234a4044a8"
    },
    {
      "type": "PACKAGE",
      "url": "https://github.com/moscajs/aedes"
    },
    {
      "type": "WEB",
      "url": "https://github.com/nodejs/security-wg/blob/master/vuln/npm/457.json"
    }
  ],
  "affected": [
    {
      "package": {
        "name": "aedes",
        "ecosystem": "npm",
        "purl": "pkg:npm/aedes"
      },
      "ranges": [
        {
          "type": "SEMVER",
          "events": [
            {
              "introduced": "0"
            },
            {
              "fixed": "0.35.1"
            }
          ]
        }
      ],
      "database_specific": {
        "source": "https://github.com/github/advisory-database/blob/main/advisories/github-reviewed/2018/08/GHSA-4cmx-hrq9-c23p/GHSA-4cmx-hrq9-c23p.json"
      }
    }
  ],
  "schema_version": "1.6.0",
  "severity": [
    {
      "type": "CVSS_V3",
      "score": "CVSS:3.1/AV:N/AC:L/PR:N/UI:N/S:U/C:N/I:L/A:N"
    }
  ]
}