{
  "id": "GHSA-4g88-4hgm-m99x",
  "summary": "NASA Open MCT Cross Site Request Forgery (CSRF) vulnerability",
  "details": "Cross Site Request Forgery (CSRF) vulnerability in NASA Open MCT (aka openmct) through 3.1.0 allows attackers to view sensitive information via the flexibleLayout plugin.",
  "aliases": [
    "CVE-2023-45884"
  ],
  "modified": "2023-11-15T17:56:28.226708Z",
  "published": "2023-11-09T18:34:55Z",
  "database_specific": {
    "nvd_published_at": "2023-11-09T17:15:08Z",
    "cwe_ids": [
      "CWE-352"
    ],
    "severity": "MODERATE",
    "github_reviewed": true,
    "github_reviewed_at": "2023-11-15T17:28:47Z"
  },
  "references": [
    {
      "type": "ADVISORY",
      "url": "https://nvd.nist.gov/vuln/detail/CVE-2023-45884"
    },
    {
      "type": "WEB",
      "url": "https://github.com/nasa/openmct/pull/7148"
    },
    {
      "type": "WEB",
      "url": "https://github.com/nasa/openmct/pull/7148/commits/4e95e12559c9c5364269ff366a59768573baacb4"
    },
    {
      "type": "PACKAGE",
      "url": "https://github.com/nasa/openmct"
    },
    {
      "type": "WEB",
      "url": "https://www.linkedin.com/pulse/xss-nasas-open-mct-v302-visionspace-technologies-ubg4f"
    }
  ],
  "affected": [
    {
      "package": {
        "name": "openmct",
        "ecosystem": "npm",
        "purl": "pkg:npm/openmct"
      },
      "ranges": [
        {
          "type": "SEMVER",
          "events": [
            {
              "introduced": "0"
            },
            {
              "fixed": "3.1.1"
            }
          ]
        }
      ],
      "database_specific": {
        "last_known_affected_version_range": "<= 3.1.0",
        "source": "https://github.com/github/advisory-database/blob/main/advisories/github-reviewed/2023/11/GHSA-4g88-4hgm-m99x/GHSA-4g88-4hgm-m99x.json"
      }
    }
  ],
  "schema_version": "1.6.0",
  "severity": [
    {
      "type": "CVSS_V3",
      "score": "CVSS:3.1/AV:N/AC:L/PR:N/UI:R/S:U/C:H/I:N/A:N"
    }
  ]
}