{
  "id": "GHSA-3x62-x456-q2vm",
  "summary": "OS Command Injection in git-pull-or-clone",
  "details": "The package git-pull-or-clone before 2.0.2 is vulnerable to Command Injection due to the use of the --upload-pack feature of git which is also supported for git clone. The source includes the use of the secure child process API spawn(). However, the outpath parameter passed to it may be a command-line argument to the git clone command and result in arbitrary command injection.\n## Credits\n\nCredit @lirantal for discovering this vulnerability.",
  "aliases": [
    "CVE-2022-24437",
    "SNYK-JS-GITPULLORCLONE-2434307"
  ],
  "modified": "2023-11-08T04:08:31.360716Z",
  "published": "2022-05-03T00:00:46Z",
  "database_specific": {
    "nvd_published_at": "2022-05-01T16:15:00Z",
    "github_reviewed_at": "2022-05-23T19:56:13Z",
    "severity": "CRITICAL",
    "github_reviewed": true,
    "cwe_ids": [
      "CWE-77",
      "CWE-78"
    ]
  },
  "references": [
    {
      "type": "ADVISORY",
      "url": "https://nvd.nist.gov/vuln/detail/CVE-2022-24437"
    },
    {
      "type": "WEB",
      "url": "https://github.com/feross/git-pull-or-clone/commit/f9ce092be13cc32e685dfa26e7705e9c6e3108a3"
    },
    {
      "type": "WEB",
      "url": "https://gist.github.com/lirantal/327e9dd32686991b5a1fa6341aac2e7b"
    },
    {
      "type": "PACKAGE",
      "url": "https://github.com/feross/git-pull-or-clone"
    },
    {
      "type": "WEB",
      "url": "https://snyk.io/vuln/SNYK-JS-GITPULLORCLONE-2434307"
    }
  ],
  "affected": [
    {
      "package": {
        "name": "git-pull-or-clone",
        "ecosystem": "npm",
        "purl": "pkg:npm/git-pull-or-clone"
      },
      "ranges": [
        {
          "type": "SEMVER",
          "events": [
            {
              "introduced": "0"
            },
            {
              "fixed": "2.0.2"
            }
          ]
        }
      ],
      "database_specific": {
        "source": "https://github.com/github/advisory-database/blob/main/advisories/github-reviewed/2022/05/GHSA-3x62-x456-q2vm/GHSA-3x62-x456-q2vm.json"
      }
    }
  ],
  "schema_version": "1.6.0",
  "severity": [
    {
      "type": "CVSS_V3",
      "score": "CVSS:3.1/AV:N/AC:L/PR:N/UI:N/S:U/C:H/I:H/A:H"
    }
  ]
}