{
  "id": "GHSA-3fr8-mwpp-8h9p",
  "summary": "Cross-site scripting in TileServer GL",
  "details": "An issue was discovered in server.js in TileServer GL through 3.0.0. The content of the key GET parameter is reflected unsanitized in an HTTP response for the application's main page, causing reflected XSS.",
  "aliases": [
    "CVE-2020-15500"
  ],
  "modified": "2023-11-08T04:02:37.114856Z",
  "published": "2021-05-17T21:01:15Z",
  "database_specific": {
    "nvd_published_at": "2020-07-01T23:15:00Z",
    "cwe_ids": [
      "CWE-79"
    ],
    "severity": "MODERATE",
    "github_reviewed": true,
    "github_reviewed_at": "2021-05-11T19:36:26Z"
  },
  "references": [
    {
      "type": "ADVISORY",
      "url": "https://nvd.nist.gov/vuln/detail/CVE-2020-15500"
    },
    {
      "type": "WEB",
      "url": "https://github.com/maptiler/tileserver-gl/issues/461"
    },
    {
      "type": "WEB",
      "url": "https://github.com/maptiler/tileserver-gl/commit/10431d70d0f0d7b7950ae2c02aea0850c7566621"
    },
    {
      "type": "PACKAGE",
      "url": "https://github.com/maptiler/tileserver-gl"
    },
    {
      "type": "WEB",
      "url": "http://packetstormsecurity.com/files/162193/Tileserver-gl-3.0.0-Cross-Site-Scripting.html"
    }
  ],
  "affected": [
    {
      "package": {
        "name": "tileserver-gl",
        "ecosystem": "npm",
        "purl": "pkg:npm/tileserver-gl"
      },
      "ranges": [
        {
          "type": "SEMVER",
          "events": [
            {
              "introduced": "0"
            },
            {
              "fixed": "3.1.0"
            }
          ]
        }
      ],
      "database_specific": {
        "last_known_affected_version_range": "<= 3.0.0",
        "source": "https://github.com/github/advisory-database/blob/main/advisories/github-reviewed/2021/05/GHSA-3fr8-mwpp-8h9p/GHSA-3fr8-mwpp-8h9p.json"
      }
    }
  ],
  "schema_version": "1.6.0",
  "severity": [
    {
      "type": "CVSS_V3",
      "score": "CVSS:3.1/AV:N/AC:L/PR:N/UI:R/S:C/C:L/I:L/A:N"
    }
  ]
}