{
  "id": "GHSA-4p55-xj37-fx7g",
  "summary": "Improper Authorization in Strapi",
  "details": "In Strapi before 3.2.5, there is no `admin::hasPermissions` restriction for CTB (aka content-type-builder) routes.",
  "aliases": [
    "CVE-2020-27665"
  ],
  "modified": "2023-11-08T04:03:22.054766Z",
  "published": "2020-10-29T18:29:31Z",
  "database_specific": {
    "nvd_published_at": null,
    "cwe_ids": [
      "CWE-276"
    ],
    "severity": "HIGH",
    "github_reviewed": true,
    "github_reviewed_at": "2020-10-29T16:25:47Z"
  },
  "references": [
    {
      "type": "ADVISORY",
      "url": "https://nvd.nist.gov/vuln/detail/CVE-2020-27665"
    },
    {
      "type": "WEB",
      "url": "https://github.com/strapi/strapi/pull/8439"
    },
    {
      "type": "WEB",
      "url": "https://github.com/strapi/strapi/commit/3cdd73987950d5c7976701047b38203e902007bb"
    },
    {
      "type": "WEB",
      "url": "https://github.com/strapi/strapi/releases/tag/v3.2.5"
    },
    {
      "type": "WEB",
      "url": "https://snyk.io/vuln/SNYK-JS-STRAPIPLUGINCONTENTTYPEBUILDER-1021616"
    }
  ],
  "affected": [
    {
      "package": {
        "name": "strapi-plugin-content-type-builder",
        "ecosystem": "npm",
        "purl": "pkg:npm/strapi-plugin-content-type-builder"
      },
      "ranges": [
        {
          "type": "SEMVER",
          "events": [
            {
              "introduced": "0"
            },
            {
              "fixed": "3.2.5"
            }
          ]
        }
      ],
      "database_specific": {
        "source": "https://github.com/github/advisory-database/blob/main/advisories/github-reviewed/2020/10/GHSA-4p55-xj37-fx7g/GHSA-4p55-xj37-fx7g.json"
      }
    }
  ],
  "schema_version": "1.6.0",
  "severity": [
    {
      "type": "CVSS_V3",
      "score": "CVSS:3.1/AV:N/AC:L/PR:N/UI:N/S:U/C:N/I:H/A:N"
    }
  ]
}