{
  "id": "GHSA-2hhw-p8mg-jrm6",
  "summary": "Path Traversal in http-live-simulator",
  "details": "Versions of `http-live-simulator` prior to 1.0.6 are vulnerable to Path Traversal.  Due to insufficient input sanitization, attackers can access server files by using relative paths. \n\n\n## Recommendation\n\nUpgrade to version 1.0.6",
  "aliases": [
    "CVE-2019-5423"
  ],
  "modified": "2023-11-08T04:01:35.983128Z",
  "published": "2019-04-08T15:18:40Z",
  "database_specific": {
    "nvd_published_at": null,
    "github_reviewed_at": "2020-06-16T20:52:06Z",
    "severity": "HIGH",
    "github_reviewed": true,
    "cwe_ids": [
      "CWE-22"
    ]
  },
  "references": [
    {
      "type": "ADVISORY",
      "url": "https://nvd.nist.gov/vuln/detail/CVE-2019-5423"
    },
    {
      "type": "WEB",
      "url": "https://hackerone.com/reports/384939"
    },
    {
      "type": "ADVISORY",
      "url": "https://github.com/advisories/GHSA-2hhw-p8mg-jrm6"
    },
    {
      "type": "WEB",
      "url": "https://www.npmjs.com/advisories/799"
    }
  ],
  "affected": [
    {
      "package": {
        "name": "http-live-simulator",
        "ecosystem": "npm",
        "purl": "pkg:npm/http-live-simulator"
      },
      "ranges": [
        {
          "type": "SEMVER",
          "events": [
            {
              "introduced": "0"
            },
            {
              "fixed": "1.0.6"
            }
          ]
        }
      ],
      "database_specific": {
        "source": "https://github.com/github/advisory-database/blob/main/advisories/github-reviewed/2019/04/GHSA-2hhw-p8mg-jrm6/GHSA-2hhw-p8mg-jrm6.json"
      }
    }
  ],
  "schema_version": "1.6.0"
}