{
  "id": "GHSA-4gp3-p7ph-x2jr",
  "summary": "OS Command Injection in devcert-sanscache",
  "details": "devcert-sanscache before 0.4.7 allows remote attackers to execute arbitrary code or cause a Command Injection via the exec function. The variable `commonName` controlled by user input is used as part of the `exec` function without any sanitization.",
  "aliases": [
    "CVE-2019-10778"
  ],
  "modified": "2023-11-08T04:00:56.480660Z",
  "published": "2020-04-14T23:09:00Z",
  "database_specific": {
    "nvd_published_at": null,
    "github_reviewed_at": "2020-04-14T15:32:49Z",
    "severity": "CRITICAL",
    "github_reviewed": true,
    "cwe_ids": [
      "CWE-78"
    ]
  },
  "references": [
    {
      "type": "ADVISORY",
      "url": "https://nvd.nist.gov/vuln/detail/CVE-2019-10778"
    },
    {
      "type": "WEB",
      "url": "https://github.com/guybedford/devcert/commit/571f4e6d077f7f21c6aed655ae380d85a7a5d3b8"
    },
    {
      "type": "WEB",
      "url": "https://snyk.io/vuln/SNYK-JS-DEVCERTSANSCACHE-540926"
    }
  ],
  "affected": [
    {
      "package": {
        "name": "devcert-sanscache",
        "ecosystem": "npm",
        "purl": "pkg:npm/devcert-sanscache"
      },
      "ranges": [
        {
          "type": "SEMVER",
          "events": [
            {
              "introduced": "0"
            },
            {
              "fixed": "0.4.7"
            }
          ]
        }
      ],
      "database_specific": {
        "source": "https://github.com/github/advisory-database/blob/main/advisories/github-reviewed/2020/04/GHSA-4gp3-p7ph-x2jr/GHSA-4gp3-p7ph-x2jr.json"
      }
    }
  ],
  "schema_version": "1.6.0",
  "severity": [
    {
      "type": "CVSS_V3",
      "score": "CVSS:3.1/AV:N/AC:L/PR:N/UI:N/S:U/C:H/I:H/A:H"
    }
  ]
}