{
  "id": "GHSA-4mv4-gmmf-q382",
  "summary": "DataTable Vulnerable to Cross-Site Scripting",
  "details": "Cross-site scripting (XSS) vulnerability in the DataTables plugin 1.10.8 and earlier for jQuery allows remote attackers to inject arbitrary web script or HTML via the scripts parameter to media/unit_testing/templates/6776.php.\n\n\n## Recommendation\n\nUpdate to a version greater than 1.10.8. A [fix](https://github.com/DataTables/DataTablesSrc/commit/ccf86dc5982bd8e16d) appears in [version 1.10.10](https://github.com/DataTables/DataTablesSrc/commits/1.10.10?after=9780a3693572757d87bf70e48bd7555faf974f28+34&branch=1.10.10&qualified_name=refs%2Ftags%2F1.10.10).",
  "aliases": [
    "CVE-2015-6584"
  ],
  "modified": "2024-02-18T05:32:54.714028Z",
  "published": "2020-08-31T22:42:29Z",
  "database_specific": {
    "nvd_published_at": null,
    "cwe_ids": [
      "CWE-79"
    ],
    "severity": "HIGH",
    "github_reviewed": true,
    "github_reviewed_at": "2020-08-31T18:07:30Z"
  },
  "references": [
    {
      "type": "ADVISORY",
      "url": "https://nvd.nist.gov/vuln/detail/CVE-2015-6584"
    },
    {
      "type": "WEB",
      "url": "https://github.com/DataTables/DataTables/issues/602"
    },
    {
      "type": "WEB",
      "url": "https://github.com/DataTables/DataTablesSrc/commit/ccf86dc5982bd8e16d"
    },
    {
      "type": "PACKAGE",
      "url": "https://github.com/DataTables/DataTables"
    },
    {
      "type": "WEB",
      "url": "https://github.com/DataTables/DataTablesSrc/commits/1.10.10?after=9780a3693572757d87bf70e48bd7555faf974f28+34&branch=1.10.10&qualified_name=refs%2Ftags%2F1.10.10"
    },
    {
      "type": "WEB",
      "url": "https://www.netsparker.com/cve-2015-6384-xss-vulnerability-identified-in-datatables"
    },
    {
      "type": "WEB",
      "url": "https://www.npmjs.com/advisories/5"
    },
    {
      "type": "WEB",
      "url": "http://packetstormsecurity.com/files/133555/DataTables-1.10.8-Cross-Site-Scripting.html"
    },
    {
      "type": "WEB",
      "url": "http://seclists.org/fulldisclosure/2015/Sep/37"
    },
    {
      "type": "WEB",
      "url": "http://www.securityfocus.com/archive/1/536437/100/0/threaded"
    },
    {
      "type": "WEB",
      "url": "http://www.securityfocus.com/archive/1/archive/1/536437/100/0/threaded"
    }
  ],
  "affected": [
    {
      "package": {
        "name": "datatables",
        "ecosystem": "npm",
        "purl": "pkg:npm/datatables"
      },
      "ranges": [
        {
          "type": "SEMVER",
          "events": [
            {
              "introduced": "0"
            },
            {
              "fixed": "1.10.10"
            }
          ]
        }
      ],
      "database_specific": {
        "source": "https://github.com/github/advisory-database/blob/main/advisories/github-reviewed/2020/08/GHSA-4mv4-gmmf-q382/GHSA-4mv4-gmmf-q382.json"
      }
    },
    {
      "package": {
        "name": "datatables/datatables",
        "ecosystem": "Packagist",
        "purl": "pkg:composer/datatables/datatables"
      },
      "ranges": [
        {
          "type": "ECOSYSTEM",
          "events": [
            {
              "introduced": "0"
            },
            {
              "fixed": "1.10.10"
            }
          ]
        }
      ],
      "versions": [
        "1.10.0",
        "1.10.0-beta.1",
        "1.10.0-beta.2",
        "1.10.0-rc.1",
        "1.10.1",
        "1.10.2",
        "1.10.3",
        "1.10.4",
        "1.10.5",
        "1.10.6",
        "1.10.7",
        "1.10.8",
        "1.10.9"
      ],
      "database_specific": {
        "source": "https://github.com/github/advisory-database/blob/main/advisories/github-reviewed/2020/08/GHSA-4mv4-gmmf-q382/GHSA-4mv4-gmmf-q382.json"
      }
    }
  ],
  "schema_version": "1.6.0"
}