{
  "id": "GHSA-23r4-5mxp-c7g5",
  "summary": "parse-server new anonymous user session acts as if it's created with password",
  "details": "### Impact\n\nDevelopers that use the REST API to signup users and also allow users to login anonymously. When an anonymous user is first signed up using REST, the server creates session incorrectly, particularly the `authProvider` field in `_Session` class under `createdWith` shows the user logged in creating a password. If a developer later depends on the `createdWith` field to provide a different level of access between a password user and anonymous user, the server incorrectly classified the session type as being created with a `password`.\n\nThe server currently doesn't use `createdWith` to make decisions on how things work internally, so if a developer isn't using `createdWith` directly, there's nothing to worry about. The vulnerability only affects users who depend on `createdWith` by using it directly.   \n\n### Patches\nUpgrade to version 4.5.1.\n\n### Workarounds\nDon't use the `createdWith` Session field to make decisions if you allow anonymous login.\n\n### References\nn/a",
  "aliases": [
    "BIT-parse-2021-39138",
    "CVE-2021-39138"
  ],
  "modified": "2023-12-06T01:01:25.982965Z",
  "published": "2021-08-23T19:41:52Z",
  "database_specific": {
    "nvd_published_at": "2021-08-19T16:15:00Z",
    "github_reviewed_at": "2021-08-23T17:07:34Z",
    "severity": "MODERATE",
    "github_reviewed": true,
    "cwe_ids": [
      "CWE-287",
      "CWE-863"
    ]
  },
  "references": [
    {
      "type": "WEB",
      "url": "https://github.com/parse-community/parse-server/security/advisories/GHSA-23r4-5mxp-c7g5"
    },
    {
      "type": "ADVISORY",
      "url": "https://nvd.nist.gov/vuln/detail/CVE-2021-39138"
    },
    {
      "type": "WEB",
      "url": "https://github.com/parse-community/parse-server/commit/147bd9a3dc43391e92c36e05d5db860b04ca27db"
    },
    {
      "type": "PACKAGE",
      "url": "https://github.com/parse-community/parse-server"
    },
    {
      "type": "WEB",
      "url": "https://github.com/parse-community/parse-server/releases/tag/4.5.2"
    }
  ],
  "affected": [
    {
      "package": {
        "name": "parse-server",
        "ecosystem": "npm",
        "purl": "pkg:npm/parse-server"
      },
      "ranges": [
        {
          "type": "SEMVER",
          "events": [
            {
              "introduced": "0"
            },
            {
              "fixed": "4.5.2"
            }
          ]
        }
      ],
      "database_specific": {
        "source": "https://github.com/github/advisory-database/blob/main/advisories/github-reviewed/2021/08/GHSA-23r4-5mxp-c7g5/GHSA-23r4-5mxp-c7g5.json"
      }
    }
  ],
  "schema_version": "1.6.0",
  "severity": [
    {
      "type": "CVSS_V3",
      "score": "CVSS:3.1/AV:N/AC:H/PR:N/UI:N/S:U/C:L/I:L/A:N"
    }
  ]
}