{
  "id": "GHSA-3fc5-9x9m-vqc4",
  "summary": "Privilege Escalation in express-cart",
  "details": "Versions of `express-cart` before 1.1.6 are vulnerable to privilege escalation. This vulnerability can be exploited so that normal users can escalate their privilege and add new administrator users.\n\n\n## Recommendation\n\nUpdate to version 1.1.6 or later.",
  "modified": "2021-08-04T21:25:59Z",
  "published": "2019-06-03T17:31:32Z",
  "database_specific": {
    "nvd_published_at": null,
    "github_reviewed_at": "2019-06-03T17:30:55Z",
    "severity": "CRITICAL",
    "github_reviewed": true,
    "cwe_ids": []
  },
  "references": [
    {
      "type": "WEB",
      "url": "https://github.com/mrvautin/expressCart/commit/baccaae9b0b72f00b10c5453ca00231340ad3e3b"
    },
    {
      "type": "WEB",
      "url": "https://hackerone.com/reports/343626"
    },
    {
      "type": "WEB",
      "url": "https://github.com/nodejs/security-wg/blob/master/vuln/npm/469.json"
    },
    {
      "type": "WEB",
      "url": "https://snyk.io/vuln/npm:express-cart:20180712"
    },
    {
      "type": "WEB",
      "url": "https://www.npmjs.com/advisories/730"
    }
  ],
  "affected": [
    {
      "package": {
        "name": "express-cart",
        "ecosystem": "npm",
        "purl": "pkg:npm/express-cart"
      },
      "ranges": [
        {
          "type": "SEMVER",
          "events": [
            {
              "introduced": "0"
            },
            {
              "fixed": "1.1.6"
            }
          ]
        }
      ],
      "database_specific": {
        "source": "https://github.com/github/advisory-database/blob/main/advisories/github-reviewed/2019/06/GHSA-3fc5-9x9m-vqc4/GHSA-3fc5-9x9m-vqc4.json"
      }
    }
  ],
  "schema_version": "1.6.0",
  "severity": [
    {
      "type": "CVSS_V3",
      "score": "CVSS:3.1/AV:N/AC:L/PR:N/UI:N/S:U/C:H/I:H/A:H"
    }
  ]
}