{
  "id": "GHSA-4gjv-5jjp-rcgh",
  "summary": "HashBrown CMS RCE",
  "details": "A remote code execution issue was discovered in HashBrown CMS through 1.3.3. `Server/Entity/Deployer/GitDeployer.js` has a `Service.AppService.exec call` that mishandles the URL, repository, username, and password.",
  "aliases": [
    "CVE-2020-6948"
  ],
  "modified": "2023-11-08T04:03:57.479359Z",
  "published": "2022-05-24T17:06:08Z",
  "database_specific": {
    "nvd_published_at": "2020-01-13T19:15:00Z",
    "cwe_ids": [
      "CWE-20"
    ],
    "severity": "CRITICAL",
    "github_reviewed": true,
    "github_reviewed_at": "2023-07-12T20:51:04Z"
  },
  "references": [
    {
      "type": "ADVISORY",
      "url": "https://nvd.nist.gov/vuln/detail/CVE-2020-6948"
    },
    {
      "type": "WEB",
      "url": "https://github.com/HashBrownCMS/hashbrown-cms/issues/326"
    },
    {
      "type": "WEB",
      "url": "https://github.com/HashBrownCMS/hashbrown-cms/commit/ff95bbad391fb7111355c643cadc02fe8792d758"
    },
    {
      "type": "WEB",
      "url": "https://github.com/HashBrownCMS/hashbrown-cms"
    }
  ],
  "affected": [
    {
      "package": {
        "name": "hashbrown-cms",
        "ecosystem": "npm",
        "purl": "pkg:npm/hashbrown-cms"
      },
      "ranges": [
        {
          "type": "SEMVER",
          "events": [
            {
              "introduced": "0"
            },
            {
              "fixed": "1.3.4"
            }
          ]
        }
      ],
      "database_specific": {
        "last_known_affected_version_range": "<= 1.3.3",
        "source": "https://github.com/github/advisory-database/blob/main/advisories/github-reviewed/2022/05/GHSA-4gjv-5jjp-rcgh/GHSA-4gjv-5jjp-rcgh.json"
      }
    }
  ],
  "schema_version": "1.6.0",
  "severity": [
    {
      "type": "CVSS_V3",
      "score": "CVSS:3.1/AV:N/AC:L/PR:N/UI:N/S:U/C:H/I:H/A:H"
    }
  ]
}