{
  "id": "GHSA-38vq-cjh5-vw7x",
  "summary": "Malicious Package in nodes.js",
  "details": "All versions of `nodes.js ` contain malicious code. The package searches and installs globally thousands of packages based on keywords `node`, `react`, `react-native`, `vue`, `angular` and `babel` to fill the system's memory.\n\n\n## Recommendation\n\nRemove the package from your environment and validate what packages are installed.",
  "modified": "2021-09-30T20:04:09Z",
  "published": "2020-09-03T18:13:41Z",
  "database_specific": {
    "nvd_published_at": null,
    "github_reviewed_at": "2020-08-31T18:46:23Z",
    "severity": "CRITICAL",
    "github_reviewed": true,
    "cwe_ids": [
      "CWE-506"
    ]
  },
  "references": [
    {
      "type": "WEB",
      "url": "https://www.npmjs.com/advisories/1074"
    }
  ],
  "affected": [
    {
      "package": {
        "name": "nodes.js",
        "ecosystem": "npm",
        "purl": "pkg:npm/nodes.js"
      },
      "ranges": [
        {
          "type": "SEMVER",
          "events": [
            {
              "introduced": "0.0.0"
            }
          ]
        }
      ],
      "database_specific": {
        "source": "https://github.com/github/advisory-database/blob/main/advisories/github-reviewed/2020/09/GHSA-38vq-cjh5-vw7x/GHSA-38vq-cjh5-vw7x.json"
      }
    }
  ],
  "schema_version": "1.6.0",
  "severity": [
    {
      "type": "CVSS_V3",
      "score": "CVSS:3.1/AV:N/AC:L/PR:N/UI:N/S:U/C:H/I:H/A:H"
    }
  ]
}