{
  "id": "GHSA-42hx-vrxx-5r6v",
  "summary": "Jodit Editor vulnerable to Cross-site Scripting",
  "details": "Jodit Editor is a WYSIWYG editor written in pure TypeScript without the use of additional libraries. Jodit Editor is vulnerable to XSS attacks when pasting specially constructed input. This issue has not been fully patched. There are no known workarounds.",
  "aliases": [
    "CVE-2022-23461"
  ],
  "modified": "2023-11-08T04:08:18.370003Z",
  "published": "2022-09-25T00:00:15Z",
  "database_specific": {
    "nvd_published_at": "2022-09-24T03:15:00Z",
    "cwe_ids": [
      "CWE-79"
    ],
    "severity": "MODERATE",
    "github_reviewed": true,
    "github_reviewed_at": "2022-09-27T22:48:53Z"
  },
  "references": [
    {
      "type": "ADVISORY",
      "url": "https://nvd.nist.gov/vuln/detail/CVE-2022-23461"
    },
    {
      "type": "PACKAGE",
      "url": "https://github.com/xdan/jodit"
    },
    {
      "type": "ADVISORY",
      "url": "https://securitylab.github.com/advisories/GHSL-2022-030_xdan_jodit"
    }
  ],
  "affected": [
    {
      "package": {
        "name": "jodit",
        "ecosystem": "npm",
        "purl": "pkg:npm/jodit"
      },
      "ranges": [
        {
          "type": "SEMVER",
          "events": [
            {
              "introduced": "0"
            },
            {
              "last_affected": "3.24.2"
            }
          ]
        }
      ],
      "database_specific": {
        "source": "https://github.com/github/advisory-database/blob/main/advisories/github-reviewed/2022/09/GHSA-42hx-vrxx-5r6v/GHSA-42hx-vrxx-5r6v.json"
      }
    }
  ],
  "schema_version": "1.6.0",
  "severity": [
    {
      "type": "CVSS_V3",
      "score": "CVSS:3.1/AV:N/AC:L/PR:N/UI:R/S:C/C:L/I:L/A:N"
    }
  ]
}