{
  "id": "GHSA-49r3-3h96-rwj6",
  "summary": "Cross-Site Scripting in ids-enterprise",
  "details": "Versions of `ids-enterprise` prior to 4.18.2 are vulnerable to Cross-Site Scripting (XSS). The `soho-dropdown` component does not properly encode its output and may allow attackers to execute arbitrary JavaScript.\n\n\n## Recommendation\n\nUpgrade to version 4.18.2 or later",
  "modified": "2020-08-31T18:41:54Z",
  "published": "2019-06-13T19:09:31Z",
  "database_specific": {
    "nvd_published_at": null,
    "github_reviewed_at": "2019-06-13T19:09:01Z",
    "severity": "HIGH",
    "github_reviewed": true,
    "cwe_ids": [
      "CWE-79"
    ]
  },
  "references": [
    {
      "type": "WEB",
      "url": "https://github.com/infor-design/enterprise-ng/issues/503"
    },
    {
      "type": "WEB",
      "url": "https://github.com/infor-design/enterprise/commit/6bd74d8f38c268b22f31e8169316e065e0093362"
    },
    {
      "type": "WEB",
      "url": "https://www.npmjs.com/advisories/956"
    }
  ],
  "affected": [
    {
      "package": {
        "name": "ids-enterprise",
        "ecosystem": "npm",
        "purl": "pkg:npm/ids-enterprise"
      },
      "ranges": [
        {
          "type": "SEMVER",
          "events": [
            {
              "introduced": "0"
            },
            {
              "fixed": "4.18.2"
            }
          ]
        }
      ],
      "database_specific": {
        "source": "https://github.com/github/advisory-database/blob/main/advisories/github-reviewed/2019/06/GHSA-49r3-3h96-rwj6/GHSA-49r3-3h96-rwj6.json"
      }
    }
  ],
  "schema_version": "1.6.0"
}