{
  "id": "GHSA-4gpv-cvmq-6526",
  "summary": "Denial of Service in protobufjs",
  "details": "Withdrawn: Duplicate of GHSA-762f-c2wg-m8c8",
  "modified": "2020-08-19T22:23:09Z",
  "published": "2020-08-19T22:23:09Z",
  "withdrawn": "2020-08-19T22:23:09Z",
  "database_specific": {
    "nvd_published_at": null,
    "github_reviewed_at": "2019-06-03T17:21:28Z",
    "severity": "MODERATE",
    "github_reviewed": true,
    "cwe_ids": []
  },
  "references": [
    {
      "type": "WEB",
      "url": "https://hackerone.com/reports/319576"
    },
    {
      "type": "WEB",
      "url": "https://github.com/dcodeIO/protobuf.js/blob/6.8.5/src/parse.js#L27"
    },
    {
      "type": "WEB",
      "url": "https://www.npmjs.com/advisories/605"
    }
  ],
  "affected": [
    {
      "package": {
        "name": "protobufjs",
        "ecosystem": "npm",
        "purl": "pkg:npm/protobufjs"
      },
      "ranges": [
        {
          "type": "SEMVER",
          "events": [
            {
              "introduced": "6.0.0"
            },
            {
              "fixed": "6.8.6"
            }
          ]
        }
      ],
      "database_specific": {
        "source": "https://github.com/github/advisory-database/blob/main/advisories/github-reviewed/2020/08/GHSA-4gpv-cvmq-6526/GHSA-4gpv-cvmq-6526.json"
      }
    },
    {
      "package": {
        "name": "protobufjs",
        "ecosystem": "npm",
        "purl": "pkg:npm/protobufjs"
      },
      "ranges": [
        {
          "type": "SEMVER",
          "events": [
            {
              "introduced": "0"
            },
            {
              "fixed": "5.0.3"
            }
          ]
        }
      ],
      "database_specific": {
        "source": "https://github.com/github/advisory-database/blob/main/advisories/github-reviewed/2020/08/GHSA-4gpv-cvmq-6526/GHSA-4gpv-cvmq-6526.json"
      }
    }
  ],
  "schema_version": "1.6.0"
}