{
  "id": "GHSA-2mj8-pj3j-h362",
  "summary": "Symlink reference outside of node_modules in bin-links",
  "details": "Versions of `bin-links` prior to 1.1.5 are vulnerable to a Symlink reference outside of node_modules. It is possible to create symlinks to files outside of the`node_modules` folder through the `bin` field. This may allow attackers to access unauthorized files.\n\n\n## Recommendation\n\nUpgrade to version 1.1.5 or later.",
  "modified": "2020-08-31T18:59:12Z",
  "published": "2020-09-04T17:17:39Z",
  "database_specific": {
    "nvd_published_at": null,
    "github_reviewed_at": "2020-08-31T18:59:12Z",
    "severity": "LOW",
    "github_reviewed": true,
    "cwe_ids": []
  },
  "references": [
    {
      "type": "WEB",
      "url": "https://www.npmjs.com/advisories/1435"
    }
  ],
  "affected": [
    {
      "package": {
        "name": "bin-links",
        "ecosystem": "npm",
        "purl": "pkg:npm/bin-links"
      },
      "ranges": [
        {
          "type": "SEMVER",
          "events": [
            {
              "introduced": "0"
            },
            {
              "fixed": "1.1.5"
            }
          ]
        }
      ],
      "database_specific": {
        "source": "https://github.com/github/advisory-database/blob/main/advisories/github-reviewed/2020/09/GHSA-2mj8-pj3j-h362/GHSA-2mj8-pj3j-h362.json"
      }
    }
  ],
  "schema_version": "1.6.0"
}