{
  "id": "GHSA-28f8-hqmc-7ph8",
  "summary": "Malicious Package in ember-power-timepicker",
  "details": "Version 1.0.8 of `ember-power-timepicker` contained malicious code. The code when executed in the browser would enumerate password, cvc and cardnumber fields from forms and send the extracted values to `https://js-metrics.com/minjs.php?pl=`\n\n\n\n## Recommendation\n\nRemove the package from your environment and evaluate your application to determine whether or not user data was compromised.\n\nUsers may consider downgrading to version 1.0.7",
  "modified": "2023-07-27T00:06:44Z",
  "published": "2020-09-11T21:19:09Z",
  "database_specific": {
    "nvd_published_at": null,
    "cwe_ids": [],
    "severity": "CRITICAL",
    "github_reviewed": true,
    "github_reviewed_at": "2020-08-31T18:40:57Z"
  },
  "references": [
    {
      "type": "WEB",
      "url": "https://www.npmjs.com/advisories/931"
    }
  ],
  "affected": [
    {
      "package": {
        "name": "ember-power-timepicker",
        "ecosystem": "npm",
        "purl": "pkg:npm/ember-power-timepicker"
      },
      "versions": [
        "1.0.8"
      ],
      "database_specific": {
        "source": "https://github.com/github/advisory-database/blob/main/advisories/github-reviewed/2020/09/GHSA-28f8-hqmc-7ph8/GHSA-28f8-hqmc-7ph8.json"
      }
    }
  ],
  "schema_version": "1.6.0"
}