{
  "id": "GHSA-4g46-5grc-wq49",
  "summary": "Cross-Site Scripting in seeftl",
  "details": "All versions of `seeftl` are vulnerable to Cross-Site Scripting (XSS). The package fails to sanitize filenames, allowing attackers to execute arbitrary JavaScript in the victim's browser through files with names containing malicious code.\n\n\n## Recommendation\n\nNo fix is currently available. Consider using an alternative package until a fix is made available.",
  "aliases": [
    "CVE-2019-15603"
  ],
  "modified": "2023-11-08T04:01:14.828194Z",
  "published": "2020-04-01T16:36:31Z",
  "database_specific": {
    "nvd_published_at": null,
    "github_reviewed_at": "2020-04-01T16:26:05Z",
    "severity": "HIGH",
    "github_reviewed": true,
    "cwe_ids": [
      "CWE-79"
    ]
  },
  "references": [
    {
      "type": "ADVISORY",
      "url": "https://nvd.nist.gov/vuln/detail/CVE-2019-15603"
    },
    {
      "type": "WEB",
      "url": "https://hackerone.com/reports/665302"
    },
    {
      "type": "WEB",
      "url": "https://www.npmjs.com/advisories/1451"
    }
  ],
  "affected": [
    {
      "package": {
        "name": "seeftl",
        "ecosystem": "npm",
        "purl": "pkg:npm/seeftl"
      },
      "ranges": [
        {
          "type": "SEMVER",
          "events": [
            {
              "introduced": "0"
            },
            {
              "last_affected": "0.1.1"
            }
          ]
        }
      ],
      "database_specific": {
        "source": "https://github.com/github/advisory-database/blob/main/advisories/github-reviewed/2020/04/GHSA-4g46-5grc-wq49/GHSA-4g46-5grc-wq49.json"
      }
    }
  ],
  "schema_version": "1.6.0"
}