{
  "id": "GHSA-3qmc-2r76-4rqp",
  "summary": "Redwood is vulnerable to account takeover via dbAuth \"forgot-password\" ",
  "details": "# Impact\n\n_What kind of vulnerability is it? Who is impacted?_\n\nThis is an API vulnerability in Redwood's [dbAuth], specifically the dbAuth forgot password feature:\n- only projects with the dbAuth \"forgot password\" feature are affected\n- this vulnerability was introduced in v0.38.0\n\n## User Accounts are Vulnerable to Takeover (Hijacking)\n\nA reset token for any user can be obtained given knowledge of their username or email via the forgot-password API. With the leaked reset token, a malicious user could request to reset a user's password, changing their credentials and gaining access to their account.\n\n## How to Determine if Projects have been Attacked\n\nTo determine if a project has been attacked, we recommend checking logs for suspicious activity; namely, the volume of requests to the forgot-password API using emails that don't exist. Another indication is if users inform you that they can't access their accounts.\n\nIf you have question or concerns, reach out via the \"For More Information\" section below.\n\n# Patch Releases Available\n\n**The problem has been patched on the v3 and v2 release lines.** Users should upgrade to **v3.3.1+**  or **v2.2.5+** respectively.\n\n## Workarounds\n\n_Is there a way for users to fix or remediate the vulnerability without upgrading?_\n\nWe recommend upgrading to the Patch Releases above. If upgrading is not possible, there are several workarounds:\n\n### Manually strip out `resetToken` and `resetTokenExpiresAt` in the `forgotPassword.handler()`\n\nUsers on all release lines can have their `forgotPassword.handler()` function strip out the sensitive fields manually before returning\n\n```js\nhandler: (user) => {\n  // your code to notify/email user of the link to reset their password...\n\n  const = { resetToken, resetTokenExpiresAt, ...rest }\n\n  return rest\n}\n```\n\n### Use `yarn patch` to manually apply the fix\n\nUsers on v3 and v2 can use [`yarn patch`] to apply the fix if they're using yarn v3. See the dbAuth \"forgot-password\" Account Takeover Vulnerability high gist for instructions. \n\n### Disable the forgot password flow entirely v3 only\n\nUsers on v3 can disable the forgot password flow entirely.",
  "modified": "2022-11-10T15:51:01Z",
  "published": "2022-11-10T15:51:01Z",
  "database_specific": {
    "nvd_published_at": null,
    "github_reviewed_at": "2022-11-10T15:51:01Z",
    "severity": "HIGH",
    "github_reviewed": true,
    "cwe_ids": []
  },
  "references": [
    {
      "type": "WEB",
      "url": "https://github.com/redwoodjs/redwood/security/advisories/GHSA-3qmc-2r76-4rqp"
    },
    {
      "type": "WEB",
      "url": "https://github.com/redwoodjs/redwood/issues/6343"
    },
    {
      "type": "WEB",
      "url": "https://github.com/redwoodjs/redwood/pull/6778"
    },
    {
      "type": "PACKAGE",
      "url": "https://github.com/redwoodjs/redwood"
    },
    {
      "type": "WEB",
      "url": "https://github.com/redwoodjs/redwood/releases/tag/v2.2.5"
    },
    {
      "type": "WEB",
      "url": "https://github.com/redwoodjs/redwood/releases/tag/v3.3.1"
    }
  ],
  "affected": [
    {
      "package": {
        "name": "@redwoodjs/api",
        "ecosystem": "npm",
        "purl": "pkg:npm/%40redwoodjs/api"
      },
      "ranges": [
        {
          "type": "SEMVER",
          "events": [
            {
              "introduced": "0.38.0"
            },
            {
              "fixed": "2.2.5"
            }
          ]
        }
      ],
      "database_specific": {
        "source": "https://github.com/github/advisory-database/blob/main/advisories/github-reviewed/2022/11/GHSA-3qmc-2r76-4rqp/GHSA-3qmc-2r76-4rqp.json"
      }
    },
    {
      "package": {
        "name": "@redwoodjs/api",
        "ecosystem": "npm",
        "purl": "pkg:npm/%40redwoodjs/api"
      },
      "ranges": [
        {
          "type": "SEMVER",
          "events": [
            {
              "introduced": "3.0.0"
            },
            {
              "fixed": "3.3.1"
            }
          ]
        }
      ],
      "database_specific": {
        "source": "https://github.com/github/advisory-database/blob/main/advisories/github-reviewed/2022/11/GHSA-3qmc-2r76-4rqp/GHSA-3qmc-2r76-4rqp.json"
      }
    }
  ],
  "schema_version": "1.6.0",
  "severity": [
    {
      "type": "CVSS_V3",
      "score": "CVSS:3.1/AV:N/AC:L/PR:N/UI:N/S:U/C:H/I:N/A:L"
    }
  ]
}