{
  "id": "GHSA-3gvp-54v2-2jrp",
  "summary": "Directus API vulnerable to denial of service",
  "details": "An issue found in Directus API v.2.2.0 allows a remote attacker to cause a denial of service via a great amount of HTTP requests.",
  "aliases": [
    "CVE-2020-19850"
  ],
  "modified": "2023-11-08T04:02:48.070401Z",
  "published": "2023-04-04T15:30:27Z",
  "database_specific": {
    "nvd_published_at": "2023-04-04T15:15:00Z",
    "github_reviewed_at": "2023-04-07T22:09:07Z",
    "severity": "MODERATE",
    "github_reviewed": true,
    "cwe_ids": [
      "CWE-400"
    ]
  },
  "references": [
    {
      "type": "ADVISORY",
      "url": "https://nvd.nist.gov/vuln/detail/CVE-2020-19850"
    },
    {
      "type": "WEB",
      "url": "https://github.com/directus/api/issues/982"
    },
    {
      "type": "PACKAGE",
      "url": "https://github.com/directus/v8-archive"
    }
  ],
  "affected": [
    {
      "package": {
        "name": "directus",
        "ecosystem": "npm",
        "purl": "pkg:npm/directus"
      },
      "ranges": [
        {
          "type": "SEMVER",
          "events": [
            {
              "introduced": "2.2.0"
            },
            {
              "fixed": "2.2.1"
            }
          ]
        }
      ],
      "versions": [
        "2.2.0"
      ],
      "database_specific": {
        "source": "https://github.com/github/advisory-database/blob/main/advisories/github-reviewed/2023/04/GHSA-3gvp-54v2-2jrp/GHSA-3gvp-54v2-2jrp.json"
      }
    }
  ],
  "schema_version": "1.6.0",
  "severity": [
    {
      "type": "CVSS_V3",
      "score": "CVSS:3.1/AV:N/AC:L/PR:L/UI:N/S:U/C:N/I:N/A:H"
    }
  ]
}