{
  "id": "GHSA-3627-w2qr-5fxr",
  "summary": "fuseki downloads Resources over HTTP",
  "details": "Affected versions of `fuseki` insecurely download an executable over an unencrypted HTTP connection. \n\nIn scenarios where an attacker has a privileged network position, it is possible to intercept the response and replace the executable with a malicious one, resulting in code execution on the system running `fuseki`.\n\n\n## Recommendation\n\nUpdate to version 1.0.1 or later.",
  "aliases": [
    "CVE-2016-10576"
  ],
  "modified": "2023-11-08T03:58:13.611731Z",
  "published": "2019-02-18T23:52:07Z",
  "database_specific": {
    "nvd_published_at": null,
    "cwe_ids": [
      "CWE-311"
    ],
    "severity": "HIGH",
    "github_reviewed": true,
    "github_reviewed_at": "2020-06-16T20:54:09Z"
  },
  "references": [
    {
      "type": "ADVISORY",
      "url": "https://nvd.nist.gov/vuln/detail/CVE-2016-10576"
    },
    {
      "type": "ADVISORY",
      "url": "https://github.com/advisories/GHSA-3627-w2qr-5fxr"
    },
    {
      "type": "WEB",
      "url": "https://www.npmjs.com/advisories/278"
    }
  ],
  "affected": [
    {
      "package": {
        "name": "fuseki",
        "ecosystem": "npm",
        "purl": "pkg:npm/fuseki"
      },
      "ranges": [
        {
          "type": "SEMVER",
          "events": [
            {
              "introduced": "0"
            },
            {
              "fixed": "1.0.1"
            }
          ]
        }
      ],
      "database_specific": {
        "source": "https://github.com/github/advisory-database/blob/main/advisories/github-reviewed/2019/02/GHSA-3627-w2qr-5fxr/GHSA-3627-w2qr-5fxr.json"
      }
    }
  ],
  "schema_version": "1.6.0",
  "severity": [
    {
      "type": "CVSS_V3",
      "score": "CVSS:3.0/AV:N/AC:H/PR:N/UI:N/S:U/C:H/I:H/A:H"
    }
  ]
}