{
  "id": "GHSA-32x6-qvw6-mxj4",
  "summary": "Forwarding of confidentials headers to third parties in fluture-node",
  "details": "### Impact\n\nUsing `followRedirects` or `followRedirectsWith` with any of the redirection strategies built into fluture-node 4.0.0 or 4.0.1, paired with a request that includes confidential headers such as Authorization or Cookie, exposes you to a vulnerability where, if the destination server were to redirect the request to a server on a third-party domain, or the same domain over unencrypted HTTP, the headers would be included in the follow-up request and be exposed to the third party, or potential http traffic sniffing.\n\n### Patches\n\nThe redirection strategies made available in version 4.0.2 automatically redact confidential headers when a redirect is followed across to another origin.\n\n### Workarounds\n\nUse a custom redirection strategy via the `followRedirectsWith` function. The custom strategy can be based on the new strategies available in fluture-node@4.0.2.\n\n### References\n\n- This vulnerability was discovered after the announcement of similar vulnerabilities in the `follow-redirects` package. There is more information there: https://github.com/advisories/GHSA-74fj-2j2h-c42q and https://huntr.dev/bounties/7cf2bf90-52da-4d59-8028-a73b132de0db/\n- Fixed in 125e4474f910c1507f8ec3232848626fbc0f55c4 and 0c99bc511533d48be17dc6bfe641f7d0aeb34d77\n ",
  "aliases": [
    "CVE-2022-24719",
    "PYSEC-2022-43051",
    "PYSEC-2022-43052"
  ],
  "modified": "2023-11-08T04:08:33.459816Z",
  "published": "2022-03-01T22:14:57Z",
  "database_specific": {
    "nvd_published_at": "2022-03-01T21:15:00Z",
    "cwe_ids": [
      "CWE-200",
      "CWE-212",
      "CWE-359",
      "CWE-601"
    ],
    "severity": "LOW",
    "github_reviewed": true,
    "github_reviewed_at": "2022-03-01T22:14:57Z"
  },
  "references": [
    {
      "type": "WEB",
      "url": "https://github.com/fluture-js/fluture-node/security/advisories/GHSA-32x6-qvw6-mxj4"
    },
    {
      "type": "ADVISORY",
      "url": "https://nvd.nist.gov/vuln/detail/CVE-2022-24719"
    },
    {
      "type": "WEB",
      "url": "https://github.com/psf/requests/pull/4718"
    },
    {
      "type": "WEB",
      "url": "https://github.com/fluture-js/fluture-node/commit/0c99bc511533d48be17dc6bfe641f7d0aeb34d77"
    },
    {
      "type": "WEB",
      "url": "https://github.com/fluture-js/fluture-node/commit/125e4474f910c1507f8ec3232848626fbc0f55c4"
    },
    {
      "type": "PACKAGE",
      "url": "https://github.com/fluture-js/fluture-node"
    },
    {
      "type": "WEB",
      "url": "https://github.com/pypa/advisory-database/tree/main/vulns/request-util/PYSEC-2022-43052.yaml"
    }
  ],
  "affected": [
    {
      "package": {
        "name": "fluture-node",
        "ecosystem": "npm",
        "purl": "pkg:npm/fluture-node"
      },
      "ranges": [
        {
          "type": "SEMVER",
          "events": [
            {
              "introduced": "4.0.0"
            },
            {
              "fixed": "4.0.2"
            }
          ]
        }
      ],
      "database_specific": {
        "source": "https://github.com/github/advisory-database/blob/main/advisories/github-reviewed/2022/03/GHSA-32x6-qvw6-mxj4/GHSA-32x6-qvw6-mxj4.json"
      }
    },
    {
      "package": {
        "name": "request-util",
        "ecosystem": "PyPI",
        "purl": "pkg:pypi/request-util"
      },
      "ranges": [
        {
          "type": "ECOSYSTEM",
          "events": [
            {
              "introduced": "0"
            }
          ]
        }
      ],
      "database_specific": {
        "source": "https://github.com/github/advisory-database/blob/main/advisories/github-reviewed/2022/03/GHSA-32x6-qvw6-mxj4/GHSA-32x6-qvw6-mxj4.json"
      }
    }
  ],
  "schema_version": "1.6.0",
  "severity": [
    {
      "type": "CVSS_V3",
      "score": "CVSS:3.1/AV:A/AC:H/PR:L/UI:N/S:U/C:L/I:N/A:N"
    }
  ]
}