{
  "id": "GHSA-2cf2-2383-h4jv",
  "summary": "Improperly Controlled Modification of Dynamically-Determined Object Attributes in querymen",
  "details": "querymen prior to 2.1.4 allows modification of object properties. The parameters of exported function handler(type, name, fn) can be controlled by users without any sanitization. This could be abused for Prototype Pollution attacks.",
  "aliases": [
    "CVE-2020-7600",
    "SNYK-JS-QUERYMEN-559867"
  ],
  "modified": "2023-11-08T04:03:59.757381Z",
  "published": "2021-05-07T16:16:43Z",
  "database_specific": {
    "nvd_published_at": "2020-03-12T23:15:00Z",
    "github_reviewed_at": "2021-05-03T19:11:22Z",
    "severity": "MODERATE",
    "github_reviewed": true,
    "cwe_ids": [
      "CWE-1321",
      "CWE-915"
    ]
  },
  "references": [
    {
      "type": "ADVISORY",
      "url": "https://nvd.nist.gov/vuln/detail/CVE-2020-7600"
    },
    {
      "type": "WEB",
      "url": "https://github.com/diegohaz/querymen/commit/1987fefcb3b7508253a29502a008d5063a873cef"
    },
    {
      "type": "WEB",
      "url": "https://snyk.io/vuln/SNYK-JS-QUERYMEN-559867"
    }
  ],
  "affected": [
    {
      "package": {
        "name": "querymen",
        "ecosystem": "npm",
        "purl": "pkg:npm/querymen"
      },
      "ranges": [
        {
          "type": "SEMVER",
          "events": [
            {
              "introduced": "0"
            },
            {
              "fixed": "2.1.4"
            }
          ]
        }
      ],
      "database_specific": {
        "source": "https://github.com/github/advisory-database/blob/main/advisories/github-reviewed/2021/05/GHSA-2cf2-2383-h4jv/GHSA-2cf2-2383-h4jv.json"
      }
    }
  ],
  "schema_version": "1.6.0",
  "severity": [
    {
      "type": "CVSS_V3",
      "score": "CVSS:3.1/AV:N/AC:L/PR:N/UI:N/S:U/C:N/I:L/A:N"
    }
  ]
}