{
  "id": "GHSA-3269-x4pw-vffg",
  "summary": "OS Command Injection in diskusage-ng",
  "details": "diskusage-ng through 0.2.4 is vulnerable to Command Injection.It allows execution of arbitrary commands via the path argument.",
  "aliases": [
    "CVE-2020-7631"
  ],
  "modified": "2023-11-08T04:04:01.590411Z",
  "published": "2022-01-07T00:21:08Z",
  "database_specific": {
    "nvd_published_at": "2020-04-06T13:15:00Z",
    "github_reviewed_at": "2021-05-19T22:33:53Z",
    "severity": "CRITICAL",
    "github_reviewed": true,
    "cwe_ids": [
      "CWE-78"
    ]
  },
  "references": [
    {
      "type": "ADVISORY",
      "url": "https://nvd.nist.gov/vuln/detail/CVE-2020-7631"
    },
    {
      "type": "WEB",
      "url": "https://github.com/iximiuz/node-diskusage-ng/blob/master/lib/posix.js#L11"
    },
    {
      "type": "WEB",
      "url": "https://snyk.io/vuln/SNYK-JS-DISKUSAGENG-564425"
    }
  ],
  "affected": [
    {
      "package": {
        "name": "diskusage-ng",
        "ecosystem": "npm",
        "purl": "pkg:npm/diskusage-ng"
      },
      "ranges": [
        {
          "type": "SEMVER",
          "events": [
            {
              "introduced": "0"
            },
            {
              "last_affected": "0.2.4"
            }
          ]
        }
      ],
      "database_specific": {
        "source": "https://github.com/github/advisory-database/blob/main/advisories/github-reviewed/2022/01/GHSA-3269-x4pw-vffg/GHSA-3269-x4pw-vffg.json"
      }
    }
  ],
  "schema_version": "1.6.0",
  "severity": [
    {
      "type": "CVSS_V3",
      "score": "CVSS:3.1/AV:N/AC:L/PR:N/UI:N/S:U/C:H/I:H/A:H"
    }
  ]
}