{
  "id": "GHSA-22cm-3qf2-2wc7",
  "summary": "LDAP Injection in is-user-valid",
  "details": "All versions of package is-user-valid are vulnerable to LDAP Injection which can lead to either authentication bypass or information exposure.",
  "aliases": [
    "CVE-2021-23335"
  ],
  "modified": "2023-11-08T04:05:03.900053Z",
  "published": "2021-04-13T15:30:27Z",
  "database_specific": {
    "nvd_published_at": "2021-02-11T12:15:00Z",
    "github_reviewed_at": "2021-04-01T23:39:38Z",
    "severity": "HIGH",
    "github_reviewed": true,
    "cwe_ids": [
      "CWE-74",
      "CWE-90"
    ]
  },
  "references": [
    {
      "type": "ADVISORY",
      "url": "https://nvd.nist.gov/vuln/detail/CVE-2021-23335"
    },
    {
      "type": "WEB",
      "url": "https://snyk.io/vuln/SNYK-JS-ISUSERVALID-1056766"
    }
  ],
  "affected": [
    {
      "package": {
        "name": "is-user-valid",
        "ecosystem": "npm",
        "purl": "pkg:npm/is-user-valid"
      },
      "ranges": [
        {
          "type": "SEMVER",
          "events": [
            {
              "introduced": "0"
            },
            {
              "last_affected": "1.1.2"
            }
          ]
        }
      ],
      "database_specific": {
        "source": "https://github.com/github/advisory-database/blob/main/advisories/github-reviewed/2021/04/GHSA-22cm-3qf2-2wc7/GHSA-22cm-3qf2-2wc7.json"
      }
    }
  ],
  "schema_version": "1.6.0",
  "severity": [
    {
      "type": "CVSS_V3",
      "score": "CVSS:3.1/AV:N/AC:L/PR:N/UI:N/S:U/C:H/I:N/A:N"
    }
  ]
}