{
  "id": "GHSA-4g7x-7vgq-3j28",
  "summary": "Vulnerability in list function leads to arbitrary code execution via filePath parameters",
  "details": "aaptjs is a node wraper for aapt. An issue was discovered in the list function in shenzhim aaptjs 1.3.1, allows attackers to execute arbitrary code via the filePath parameters.",
  "aliases": [
    "CVE-2020-36376"
  ],
  "modified": "2023-11-08T04:03:43.681813Z",
  "published": "2021-11-02T15:42:16Z",
  "database_specific": {
    "nvd_published_at": "2021-10-31T20:15:00Z",
    "github_reviewed_at": "2021-11-01T19:16:41Z",
    "severity": "CRITICAL",
    "github_reviewed": true,
    "cwe_ids": [
      "CWE-77",
      "CWE-78"
    ]
  },
  "references": [
    {
      "type": "ADVISORY",
      "url": "https://nvd.nist.gov/vuln/detail/CVE-2020-36376"
    },
    {
      "type": "WEB",
      "url": "https://github.com/shenzhim/aaptjs/issues/2"
    },
    {
      "type": "PACKAGE",
      "url": "https://github.com/shenzhim/aaptjs"
    }
  ],
  "affected": [
    {
      "package": {
        "name": "aaptjs",
        "ecosystem": "npm",
        "purl": "pkg:npm/aaptjs"
      },
      "ranges": [
        {
          "type": "SEMVER",
          "events": [
            {
              "introduced": "0"
            },
            {
              "last_affected": "1.3.1"
            }
          ]
        }
      ],
      "database_specific": {
        "source": "https://github.com/github/advisory-database/blob/main/advisories/github-reviewed/2021/11/GHSA-4g7x-7vgq-3j28/GHSA-4g7x-7vgq-3j28.json"
      }
    }
  ],
  "schema_version": "1.6.0",
  "severity": [
    {
      "type": "CVSS_V3",
      "score": "CVSS:3.1/AV:N/AC:L/PR:N/UI:N/S:U/C:H/I:H/A:H"
    }
  ]
}