{
  "id": "GHSA-4f9m-pxwh-68hg",
  "summary": "Cross-Site Scripting in swagger-ui",
  "details": "Versions of `swagger-ui` prior to 3.20.9 are vulnerable to Cross-Site Scripting (XSS). The package fails to sanitize URLs used in the OAuth auth flow, which may allow attackers to execute arbitrary JavaScript.\n\n\n## Recommendation\n\nUpgrade to version 3.20.9 or later.",
  "modified": "2021-09-28T16:57:07Z",
  "published": "2020-09-11T21:20:14Z",
  "database_specific": {
    "nvd_published_at": null,
    "cwe_ids": [
      "CWE-79"
    ],
    "severity": "MODERATE",
    "github_reviewed": true,
    "github_reviewed_at": "2020-08-31T18:42:43Z"
  },
  "references": [
    {
      "type": "WEB",
      "url": "https://github.com/swagger-api/swagger-ui/pull/5190"
    },
    {
      "type": "WEB",
      "url": "https://github.com/swagger-api/swagger-ui/commit/1e184e8e218676278c83e60a45846c199ce3d15e"
    },
    {
      "type": "PACKAGE",
      "url": "https://github.com/swagger-api/swagger-ui"
    },
    {
      "type": "WEB",
      "url": "https://snyk.io/vuln/SNYK-JS-SWAGGERUI-449921"
    }
  ],
  "affected": [
    {
      "package": {
        "name": "swagger-ui",
        "ecosystem": "npm",
        "purl": "pkg:npm/swagger-ui"
      },
      "ranges": [
        {
          "type": "SEMVER",
          "events": [
            {
              "introduced": "0"
            },
            {
              "fixed": "3.20.9"
            }
          ]
        }
      ],
      "database_specific": {
        "source": "https://github.com/github/advisory-database/blob/main/advisories/github-reviewed/2020/09/GHSA-4f9m-pxwh-68hg/GHSA-4f9m-pxwh-68hg.json"
      }
    }
  ],
  "schema_version": "1.6.0",
  "severity": [
    {
      "type": "CVSS_V3",
      "score": "CVSS:3.1/AV:N/AC:L/PR:N/UI:N/S:U/C:L/I:L/A:N"
    }
  ]
}