{
  "id": "GHSA-2jjq-x548-rhpv",
  "summary": "isolated-vm has vulnerable CachedDataOptions in API",
  "details": "### Impact\nIf the untrusted v8 cached data is passed to the API through CachedDataOptions, the attackers can bypass the sandbox and run arbitrary code in the nodejs process. Version 4.3.7 changes the documentation to warn users that they should not accept `cachedData` payloads from a user.",
  "aliases": [
    "CVE-2022-39266"
  ],
  "modified": "2023-11-08T04:10:17.188177Z",
  "published": "2022-09-30T22:59:03Z",
  "database_specific": {
    "nvd_published_at": "2022-09-29T18:15:00Z",
    "cwe_ids": [
      "CWE-20",
      "CWE-287",
      "CWE-693"
    ],
    "severity": "CRITICAL",
    "github_reviewed": true,
    "github_reviewed_at": "2022-09-30T22:59:03Z"
  },
  "references": [
    {
      "type": "WEB",
      "url": "https://github.com/laverdet/isolated-vm/security/advisories/GHSA-2jjq-x548-rhpv"
    },
    {
      "type": "ADVISORY",
      "url": "https://nvd.nist.gov/vuln/detail/CVE-2022-39266"
    },
    {
      "type": "WEB",
      "url": "https://github.com/laverdet/isolated-vm/issues/379"
    },
    {
      "type": "WEB",
      "url": "https://github.com/laverdet/isolated-vm/commit/218e87a6d4e8cb818bea76d1ab30cd0be51920e8"
    },
    {
      "type": "PACKAGE",
      "url": "https://github.com/laverdet/isolated-vm"
    },
    {
      "type": "WEB",
      "url": "https://github.com/laverdet/isolated-vm/commits/v4.3.7"
    }
  ],
  "affected": [
    {
      "package": {
        "name": "isolated-vm",
        "ecosystem": "npm",
        "purl": "pkg:npm/isolated-vm"
      },
      "ranges": [
        {
          "type": "SEMVER",
          "events": [
            {
              "introduced": "0"
            },
            {
              "fixed": "4.3.7"
            }
          ]
        }
      ],
      "database_specific": {
        "last_known_affected_version_range": "<= 4.3.6",
        "source": "https://github.com/github/advisory-database/blob/main/advisories/github-reviewed/2022/09/GHSA-2jjq-x548-rhpv/GHSA-2jjq-x548-rhpv.json"
      }
    }
  ],
  "schema_version": "1.6.0",
  "severity": [
    {
      "type": "CVSS_V3",
      "score": "CVSS:3.1/AV:A/AC:L/PR:N/UI:N/S:C/C:H/I:H/A:H"
    }
  ]
}