{
  "id": "GHSA-226w-6hhj-69hp",
  "summary": "Malicious Package in cal_rd",
  "details": "Version 0.1.1 of `rc_cal` contained malicious code. The code when executed in the browser would enumerate password, cvc, cardnumber fields from forms and send the extracted values to `https://js-metrics.com/minjs.php?pl=`\n\n\n\n## Recommendation\n\nRemove the package from your environment. It's also recommended to evaluate your application to determine whether or not user data was compromised.",
  "modified": "2021-09-30T20:06:59Z",
  "published": "2020-09-03T19:06:52Z",
  "database_specific": {
    "nvd_published_at": null,
    "github_reviewed_at": "2020-08-31T18:47:09Z",
    "severity": "CRITICAL",
    "github_reviewed": true,
    "cwe_ids": [
      "CWE-506"
    ]
  },
  "references": [
    {
      "type": "WEB",
      "url": "https://www.npmjs.com/advisories/1098"
    }
  ],
  "affected": [
    {
      "package": {
        "name": "cal_rd",
        "ecosystem": "npm",
        "purl": "pkg:npm/cal_rd"
      },
      "ranges": [
        {
          "type": "SEMVER",
          "events": [
            {
              "introduced": "0.0.0"
            }
          ]
        }
      ],
      "database_specific": {
        "source": "https://github.com/github/advisory-database/blob/main/advisories/github-reviewed/2020/09/GHSA-226w-6hhj-69hp/GHSA-226w-6hhj-69hp.json"
      }
    }
  ],
  "schema_version": "1.6.0",
  "severity": [
    {
      "type": "CVSS_V3",
      "score": "CVSS:3.1/AV:N/AC:L/PR:N/UI:N/S:U/C:H/I:H/A:H"
    }
  ]
}