{
  "id": "GHSA-2qqx-w9hr-q5gx",
  "summary": "angular vulnerable to regular expression denial of service via the $resource service",
  "details": "All versions of the package angular are vulnerable to Regular Expression Denial of Service (ReDoS) via the $resource service due to the usage of an insecure regular expression. Exploiting this vulnerability is possible by a large carefully-crafted input, which can result in catastrophic backtracking.",
  "aliases": [
    "CVE-2023-26117"
  ],
  "modified": "2023-11-08T04:11:58.565967Z",
  "published": "2023-03-30T06:30:26Z",
  "database_specific": {
    "nvd_published_at": "2023-03-30T05:15:00Z",
    "cwe_ids": [
      "CWE-1333"
    ],
    "severity": "MODERATE",
    "github_reviewed": true,
    "github_reviewed_at": "2023-04-03T13:07:46Z"
  },
  "references": [
    {
      "type": "ADVISORY",
      "url": "https://nvd.nist.gov/vuln/detail/CVE-2023-26117"
    },
    {
      "type": "PACKAGE",
      "url": "https://github.com/angular/angular.js"
    },
    {
      "type": "WEB",
      "url": "https://lists.fedoraproject.org/archives/list/package-announce@lists.fedoraproject.org/message/OQWJLE5WE33WNMA54XSJIDXBRK2KL3XJ"
    },
    {
      "type": "WEB",
      "url": "https://lists.fedoraproject.org/archives/list/package-announce@lists.fedoraproject.org/message/UDKFLKJ6VZKL52AFVW2OVZRMJWHMW55K"
    },
    {
      "type": "WEB",
      "url": "https://security.snyk.io/vuln/SNYK-JAVA-ORGWEBJARSBOWER-5406323"
    },
    {
      "type": "WEB",
      "url": "https://security.snyk.io/vuln/SNYK-JAVA-ORGWEBJARSBOWERGITHUBANGULAR-5406325"
    },
    {
      "type": "WEB",
      "url": "https://security.snyk.io/vuln/SNYK-JAVA-ORGWEBJARSNPM-5406324"
    },
    {
      "type": "WEB",
      "url": "https://security.snyk.io/vuln/SNYK-JS-ANGULAR-3373045"
    },
    {
      "type": "WEB",
      "url": "https://stackblitz.com/edit/angularjs-vulnerability-resource-trailing-slashes-redos"
    }
  ],
  "affected": [
    {
      "package": {
        "name": "angular",
        "ecosystem": "npm",
        "purl": "pkg:npm/angular"
      },
      "ranges": [
        {
          "type": "SEMVER",
          "events": [
            {
              "introduced": "0"
            },
            {
              "last_affected": "1.8.3"
            }
          ]
        }
      ],
      "database_specific": {
        "source": "https://github.com/github/advisory-database/blob/main/advisories/github-reviewed/2023/03/GHSA-2qqx-w9hr-q5gx/GHSA-2qqx-w9hr-q5gx.json"
      }
    }
  ],
  "schema_version": "1.6.0",
  "severity": [
    {
      "type": "CVSS_V3",
      "score": "CVSS:3.1/AV:N/AC:L/PR:N/UI:N/S:U/C:N/I:N/A:L"
    }
  ]
}