{
  "id": "GHSA-3f95-r44v-8mrg",
  "summary": "Command injection in simple-git",
  "details": "The package simple-git before 3.3.0 is vulnerable to Command Injection via argument injection. When calling the .fetch(remote, branch, handlerFn) function, both the remote and branch parameters are passed to the git fetch subcommand. By injecting some git options, it was possible to get arbitrary command execution.",
  "aliases": [
    "CVE-2022-24433",
    "SNYK-JAVA-ORGWEBJARSNPM-2421245",
    "SNYK-JS-SIMPLEGIT-2421199"
  ],
  "modified": "2023-11-08T04:08:31.235915Z",
  "published": "2022-03-12T00:00:33Z",
  "database_specific": {
    "nvd_published_at": "2022-03-11T17:16:00Z",
    "github_reviewed_at": "2022-03-14T23:30:00Z",
    "severity": "HIGH",
    "github_reviewed": true,
    "cwe_ids": [
      "CWE-74",
      "CWE-77"
    ]
  },
  "references": [
    {
      "type": "ADVISORY",
      "url": "https://nvd.nist.gov/vuln/detail/CVE-2022-24433"
    },
    {
      "type": "WEB",
      "url": "https://github.com/steveukx/git-js/pull/767"
    },
    {
      "type": "PACKAGE",
      "url": "https://github.com/steveukx/git-js"
    },
    {
      "type": "WEB",
      "url": "https://github.com/steveukx/git-js/releases/tag/simple-git%403.3.0"
    },
    {
      "type": "WEB",
      "url": "https://snyk.io/vuln/SNYK-JAVA-ORGWEBJARSNPM-2421245"
    },
    {
      "type": "WEB",
      "url": "https://snyk.io/vuln/SNYK-JS-SIMPLEGIT-2421199"
    }
  ],
  "affected": [
    {
      "package": {
        "name": "simple-git",
        "ecosystem": "npm",
        "purl": "pkg:npm/simple-git"
      },
      "ranges": [
        {
          "type": "SEMVER",
          "events": [
            {
              "introduced": "0"
            },
            {
              "fixed": "3.3.0"
            }
          ]
        }
      ],
      "database_specific": {
        "source": "https://github.com/github/advisory-database/blob/main/advisories/github-reviewed/2022/03/GHSA-3f95-r44v-8mrg/GHSA-3f95-r44v-8mrg.json"
      }
    }
  ],
  "schema_version": "1.6.0",
  "severity": [
    {
      "type": "CVSS_V3",
      "score": "CVSS:3.1/AV:N/AC:H/PR:N/UI:N/S:U/C:H/I:H/A:H"
    }
  ]
}