{
  "id": "GHSA-3hvj-2783-34x2",
  "summary": "njwt Prototype Pollution vulnerability",
  "details": "njwt up to v0.4.0 was discovered to contain a prototype pollution in the `Parser.prototype.parse` method.",
  "aliases": [
    "CVE-2024-34273"
  ],
  "modified": "2024-08-02T16:27:07.256704Z",
  "published": "2024-05-16T18:30:31Z",
  "database_specific": {
    "nvd_published_at": "2024-05-16T16:15:08Z",
    "cwe_ids": [
      "CWE-1321"
    ],
    "severity": "MODERATE",
    "github_reviewed": true,
    "github_reviewed_at": "2024-08-02T16:01:47Z"
  },
  "references": [
    {
      "type": "ADVISORY",
      "url": "https://nvd.nist.gov/vuln/detail/CVE-2024-34273"
    },
    {
      "type": "WEB",
      "url": "https://github.com/jwtk/njwt/issues/105"
    },
    {
      "type": "WEB",
      "url": "https://github.com/jwtk/njwt/commit/ec9483b6eec1150d56f772ddd308c2bbdf2f98f4"
    },
    {
      "type": "WEB",
      "url": "https://github.com/chrisandoryan/vuln-advisory/blob/main/nJwt/CVE-2024-34273.md"
    },
    {
      "type": "PACKAGE",
      "url": "https://github.com/jwtk/njwt"
    }
  ],
  "affected": [
    {
      "package": {
        "name": "njwt",
        "ecosystem": "npm",
        "purl": "pkg:npm/njwt"
      },
      "ranges": [
        {
          "type": "SEMVER",
          "events": [
            {
              "introduced": "0"
            },
            {
              "fixed": "2.0.1"
            }
          ]
        }
      ],
      "database_specific": {
        "source": "https://github.com/github/advisory-database/blob/main/advisories/github-reviewed/2024/05/GHSA-3hvj-2783-34x2/GHSA-3hvj-2783-34x2.json"
      }
    }
  ],
  "schema_version": "1.6.0",
  "severity": [
    {
      "type": "CVSS_V3",
      "score": "CVSS:3.1/AV:N/AC:H/PR:N/UI:N/S:U/C:N/I:N/A:H"
    },
    {
      "type": "CVSS_V4",
      "score": "CVSS:4.0/AV:N/AC:L/AT:N/PR:N/UI:N/VC:N/VI:N/VA:H/SC:N/SI:N/SA:N"
    }
  ]
}