{
  "id": "GHSA-4jwp-vfvf-657p",
  "summary": "Deserialization of Untrusted Data in bson",
  "details": "Incorrect parsing of certain JSON input may result in js-bson not correctly serializing BSON. This may cause unexpected application behaviour including data disclosure.",
  "aliases": [
    "CVE-2019-2391"
  ],
  "modified": "2023-11-08T04:01:31.793786Z",
  "published": "2022-02-10T23:30:20Z",
  "database_specific": {
    "nvd_published_at": "2020-03-31T14:15:00Z",
    "cwe_ids": [
      "CWE-502"
    ],
    "severity": "MODERATE",
    "github_reviewed": true,
    "github_reviewed_at": "2021-05-07T17:19:18Z"
  },
  "references": [
    {
      "type": "ADVISORY",
      "url": "https://nvd.nist.gov/vuln/detail/CVE-2019-2391"
    },
    {
      "type": "PACKAGE",
      "url": "https://github.com/mongodb/js-bson"
    },
    {
      "type": "WEB",
      "url": "https://github.com/mongodb/js-bson/releases/tag/v1.1.4"
    }
  ],
  "affected": [
    {
      "package": {
        "name": "bson",
        "ecosystem": "npm",
        "purl": "pkg:npm/bson"
      },
      "ranges": [
        {
          "type": "SEMVER",
          "events": [
            {
              "introduced": "0"
            },
            {
              "fixed": "1.1.4"
            }
          ]
        }
      ],
      "database_specific": {
        "source": "https://github.com/github/advisory-database/blob/main/advisories/github-reviewed/2022/02/GHSA-4jwp-vfvf-657p/GHSA-4jwp-vfvf-657p.json"
      }
    }
  ],
  "schema_version": "1.6.0",
  "severity": [
    {
      "type": "CVSS_V3",
      "score": "CVSS:3.1/AV:N/AC:L/PR:L/UI:N/S:U/C:L/I:L/A:N"
    }
  ]
}