{
  "id": "GHSA-49x3-8228-3w3m",
  "summary": "Inefficient Regular Expression Complexity in code-server",
  "details": "code-server is vulnerable to Inefficient Regular Expression Complexity",
  "aliases": [
    "CVE-2021-3810"
  ],
  "modified": "2023-11-08T04:06:25.370550Z",
  "published": "2021-09-20T20:18:39Z",
  "database_specific": {
    "nvd_published_at": "2021-09-17T07:15:00Z",
    "github_reviewed_at": "2021-09-20T18:59:46Z",
    "severity": "HIGH",
    "github_reviewed": true,
    "cwe_ids": [
      "CWE-1333"
    ]
  },
  "references": [
    {
      "type": "ADVISORY",
      "url": "https://nvd.nist.gov/vuln/detail/CVE-2021-3810"
    },
    {
      "type": "WEB",
      "url": "https://github.com/cdr/code-server/commit/ca617df135e78833f93c8320cb2d2cf8bba809f5"
    },
    {
      "type": "PACKAGE",
      "url": "https://github.com/cdr/code-server"
    },
    {
      "type": "WEB",
      "url": "https://huntr.dev/bounties/38888513-30fc-4d8f-805d-34070d60e223"
    }
  ],
  "affected": [
    {
      "package": {
        "name": "code-server",
        "ecosystem": "npm",
        "purl": "pkg:npm/code-server"
      },
      "ranges": [
        {
          "type": "SEMVER",
          "events": [
            {
              "introduced": "0"
            },
            {
              "fixed": "3.12.0"
            }
          ]
        }
      ],
      "database_specific": {
        "source": "https://github.com/github/advisory-database/blob/main/advisories/github-reviewed/2021/09/GHSA-49x3-8228-3w3m/GHSA-49x3-8228-3w3m.json"
      }
    }
  ],
  "schema_version": "1.6.0",
  "severity": [
    {
      "type": "CVSS_V3",
      "score": "CVSS:3.0/AV:N/AC:L/PR:N/UI:N/S:U/C:N/I:N/A:H"
    }
  ]
}