{
  "id": "GHSA-3mpr-hq3p-49h9",
  "summary": "Prototype Pollution in mixin-deep",
  "details": "Versions of `mixin-deep` before 1.3.1 are vulnerable to prototype pollution via merging functions.\n\n\n## Recommendation\n\nUpdate to version 1.3.1 or later.",
  "aliases": [
    "CVE-2018-3719"
  ],
  "modified": "2023-11-08T04:00:17.059082Z",
  "published": "2018-07-26T15:10:54Z",
  "database_specific": {
    "nvd_published_at": "2018-06-07T02:29:00Z",
    "github_reviewed_at": "2020-06-16T20:55:36Z",
    "severity": "HIGH",
    "github_reviewed": true,
    "cwe_ids": [
      "CWE-20",
      "CWE-471"
    ]
  },
  "references": [
    {
      "type": "ADVISORY",
      "url": "https://nvd.nist.gov/vuln/detail/CVE-2018-3719"
    },
    {
      "type": "WEB",
      "url": "https://github.com/jonschlinkert/mixin-deep/commit/578b0bc5e74e14de9ef4975f504dc698796bdf9c"
    },
    {
      "type": "WEB",
      "url": "https://hackerone.com/reports/311236"
    },
    {
      "type": "ADVISORY",
      "url": "https://github.com/advisories/GHSA-3mpr-hq3p-49h9"
    },
    {
      "type": "WEB",
      "url": "https://www.npmjs.com/advisories/578"
    }
  ],
  "affected": [
    {
      "package": {
        "name": "mixin-deep",
        "ecosystem": "npm",
        "purl": "pkg:npm/mixin-deep"
      },
      "ranges": [
        {
          "type": "SEMVER",
          "events": [
            {
              "introduced": "0"
            },
            {
              "fixed": "1.3.1"
            }
          ]
        }
      ],
      "database_specific": {
        "source": "https://github.com/github/advisory-database/blob/main/advisories/github-reviewed/2018/07/GHSA-3mpr-hq3p-49h9/GHSA-3mpr-hq3p-49h9.json"
      }
    }
  ],
  "schema_version": "1.6.0",
  "severity": [
    {
      "type": "CVSS_V3",
      "score": "CVSS:3.1/AV:N/AC:L/PR:L/UI:N/S:U/C:H/I:H/A:H"
    }
  ]
}