{
  "id": "GHSA-2j79-8pqc-r7x6",
  "summary": "react-native-reanimated vulnerable to ReDoS",
  "details": "The package react-native-reanimated before 2.10.0 is vulnerable to Regular Expression Denial of Service (ReDoS) due to improper usage of regular expression in the parser of Colors.js.",
  "aliases": [
    "CVE-2022-24373"
  ],
  "modified": "2023-11-08T04:08:30.865103Z",
  "published": "2022-10-01T00:00:24Z",
  "database_specific": {
    "nvd_published_at": "2022-09-30T05:15:00Z",
    "cwe_ids": [
      "CWE-1333"
    ],
    "severity": "HIGH",
    "github_reviewed": true,
    "github_reviewed_at": "2022-10-04T21:16:38Z"
  },
  "references": [
    {
      "type": "ADVISORY",
      "url": "https://nvd.nist.gov/vuln/detail/CVE-2022-24373"
    },
    {
      "type": "WEB",
      "url": "https://github.com/software-mansion/react-native-reanimated/pull/3382"
    },
    {
      "type": "WEB",
      "url": "https://github.com/software-mansion/react-native-reanimated/pull/3382/commits/7adf06d0c59382d884a04be86a96eede3d0432fa"
    },
    {
      "type": "WEB",
      "url": "https://github.com/software-mansion/react-native-reanimated/commit/8a927904366fa2d02df7a11553f8b0aa93471279"
    },
    {
      "type": "PACKAGE",
      "url": "https://github.com/software-mansion/react-native-reanimated"
    },
    {
      "type": "WEB",
      "url": "https://github.com/software-mansion/react-native-reanimated/compare/2.9.1...2.10.0"
    },
    {
      "type": "WEB",
      "url": "https://github.com/software-mansion/react-native-reanimated/releases/tag/3.0.0-rc.1"
    },
    {
      "type": "WEB",
      "url": "https://security.snyk.io/vuln/SNYK-JS-REACTNATIVEREANIMATED-2949507"
    }
  ],
  "affected": [
    {
      "package": {
        "name": "react-native-reanimated",
        "ecosystem": "npm",
        "purl": "pkg:npm/react-native-reanimated"
      },
      "ranges": [
        {
          "type": "SEMVER",
          "events": [
            {
              "introduced": "0"
            },
            {
              "fixed": "2.10.0"
            }
          ]
        }
      ],
      "database_specific": {
        "source": "https://github.com/github/advisory-database/blob/main/advisories/github-reviewed/2022/10/GHSA-2j79-8pqc-r7x6/GHSA-2j79-8pqc-r7x6.json"
      }
    }
  ],
  "schema_version": "1.6.0",
  "severity": [
    {
      "type": "CVSS_V3",
      "score": "CVSS:3.1/AV:N/AC:L/PR:N/UI:N/S:U/C:N/I:N/A:H"
    }
  ]
}