{
  "id": "GHSA-3f95-w5h5-fq86",
  "summary": "Prototype Pollution in mergify",
  "details": "All versions of `mergify` are vulnerable to Prototype Pollution. The `mergify()` function allows attackers to modify the prototype of Object causing the addition or modification of an existing property that will exist on all objects.\n\n\n\n\n## Recommendation\n\nNo fix is currently available. Consider using an alternative module as the package is deprecated.",
  "modified": "2020-08-31T18:43:27Z",
  "published": "2020-09-11T21:22:24Z",
  "database_specific": {
    "nvd_published_at": null,
    "github_reviewed_at": "2020-08-31T18:43:27Z",
    "severity": "MODERATE",
    "github_reviewed": true,
    "cwe_ids": [
      "CWE-1321"
    ]
  },
  "references": [
    {
      "type": "WEB",
      "url": "https://hackerone.com/reports/439098"
    },
    {
      "type": "WEB",
      "url": "https://www.npmjs.com/advisories/995"
    }
  ],
  "affected": [
    {
      "package": {
        "name": "mergify",
        "ecosystem": "npm",
        "purl": "pkg:npm/mergify"
      },
      "ranges": [
        {
          "type": "SEMVER",
          "events": [
            {
              "introduced": "0"
            }
          ]
        }
      ],
      "database_specific": {
        "source": "https://github.com/github/advisory-database/blob/main/advisories/github-reviewed/2020/09/GHSA-3f95-w5h5-fq86/GHSA-3f95-w5h5-fq86.json"
      }
    }
  ],
  "schema_version": "1.6.0"
}