{
  "id": "GHSA-4hq8-jgr8-mw9j",
  "summary": "grunt-util-property 0.0.2 function call can add/modify properties of Object.prototype using a __proto__ payload",
  "details": "This affects all versions of package grunt-util-property. The function call could be tricked into adding or modifying properties of `Object.prototype` using a `__proto__` payload.",
  "aliases": [
    "CVE-2020-7641"
  ],
  "modified": "2023-11-08T04:04:02.204191Z",
  "published": "2022-07-18T00:00:33Z",
  "database_specific": {
    "nvd_published_at": "2022-07-17T09:15:00Z",
    "github_reviewed_at": "2022-07-21T21:37:35Z",
    "severity": "HIGH",
    "github_reviewed": true,
    "cwe_ids": [
      "CWE-1321"
    ]
  },
  "references": [
    {
      "type": "ADVISORY",
      "url": "https://nvd.nist.gov/vuln/detail/CVE-2020-7641"
    },
    {
      "type": "PACKAGE",
      "url": "https://github.com/mikaelkaron/grunt-util-property"
    },
    {
      "type": "WEB",
      "url": "https://github.com/mikaelkaron/grunt-util-property/blob/master/main.js%23L41"
    },
    {
      "type": "WEB",
      "url": "https://security.snyk.io/vuln/SNYK-JS-GRUNTUTILPROPERTY-565088"
    }
  ],
  "affected": [
    {
      "package": {
        "name": "grunt-util-property",
        "ecosystem": "npm",
        "purl": "pkg:npm/grunt-util-property"
      },
      "ranges": [
        {
          "type": "SEMVER",
          "events": [
            {
              "introduced": "0"
            },
            {
              "last_affected": "0.0.2"
            }
          ]
        }
      ],
      "database_specific": {
        "source": "https://github.com/github/advisory-database/blob/main/advisories/github-reviewed/2022/07/GHSA-4hq8-jgr8-mw9j/GHSA-4hq8-jgr8-mw9j.json"
      }
    }
  ],
  "schema_version": "1.6.0",
  "severity": [
    {
      "type": "CVSS_V3",
      "score": "CVSS:3.1/AV:L/AC:L/PR:L/UI:N/S:U/C:H/I:H/A:H"
    }
  ]
}