{
  "id": "GHSA-44vf-8ffm-v2qh",
  "summary": "Sensitive Data Exposure in rails-session-decoder",
  "details": "All versions of `rails-session-decoder` are missing verification of the Message Authentication Code appended to the cookies. This may lead to decryption of cipher text thus exposing encrypted information.\n\n\n## Recommendation\n\nNo fix is currently available. Consider using an alternative module until a fix is made available.",
  "modified": "2020-08-31T18:34:35Z",
  "published": "2020-09-02T15:42:47Z",
  "database_specific": {
    "nvd_published_at": null,
    "github_reviewed_at": "2020-08-31T18:34:35Z",
    "severity": "HIGH",
    "github_reviewed": true,
    "cwe_ids": []
  },
  "references": [
    {
      "type": "WEB",
      "url": "https://www.npmjs.com/advisories/753"
    }
  ],
  "affected": [
    {
      "package": {
        "name": "rails-session-decoder",
        "ecosystem": "npm",
        "purl": "pkg:npm/rails-session-decoder"
      },
      "ranges": [
        {
          "type": "SEMVER",
          "events": [
            {
              "introduced": "0.0.0"
            }
          ]
        }
      ],
      "database_specific": {
        "source": "https://github.com/github/advisory-database/blob/main/advisories/github-reviewed/2020/09/GHSA-44vf-8ffm-v2qh/GHSA-44vf-8ffm-v2qh.json"
      }
    }
  ],
  "schema_version": "1.6.0"
}