{
  "id": "GHSA-2xw5-3767-qxvm",
  "summary": "Malicious Package in ng-ui-library",
  "details": "Version 1.0.987 of `ng-ui-library` contained malicious code. The code when executed in the browser would enumerate password, cvc and cardnumber fields from forms and send the extracted values to `https://js-metrics.com/minjs.php?pl=`\n\n\n\n## Recommendation\n\nRemove the package from your environment and evaluate your application to determine whether or not user data was compromised.",
  "modified": "2021-09-30T22:07:45Z",
  "published": "2020-09-11T21:21:20Z",
  "database_specific": {
    "nvd_published_at": null,
    "github_reviewed_at": "2020-08-31T18:41:17Z",
    "severity": "CRITICAL",
    "github_reviewed": true,
    "cwe_ids": [
      "CWE-506"
    ]
  },
  "references": [
    {
      "type": "WEB",
      "url": "https://www.npmjs.com/advisories/940"
    }
  ],
  "affected": [
    {
      "package": {
        "name": "ng-ui-library",
        "ecosystem": "npm",
        "purl": "pkg:npm/ng-ui-library"
      },
      "ranges": [
        {
          "type": "SEMVER",
          "events": [
            {
              "introduced": "1.0.987"
            },
            {
              "fixed": "1.0.990"
            }
          ]
        }
      ],
      "versions": [
        "1.0.987"
      ],
      "database_specific": {
        "source": "https://github.com/github/advisory-database/blob/main/advisories/github-reviewed/2020/09/GHSA-2xw5-3767-qxvm/GHSA-2xw5-3767-qxvm.json"
      }
    }
  ],
  "schema_version": "1.6.0",
  "severity": [
    {
      "type": "CVSS_V3",
      "score": "CVSS:3.1/AV:N/AC:L/PR:N/UI:N/S:U/C:H/I:H/A:H"
    }
  ]
}