{
  "id": "GHSA-2x4q-6jfv-8h9h",
  "summary": "Path Traversal in glance",
  "details": "Versions of `glance` before 3.0.4 are vulnerable to a Path Traversal vulnerability due to lack of validation of path passed to it, which allows a malicious user to read content of any file with known path.\n\n\n## Recommendation\n\nUpdate to version 3.0.4 or later.",
  "aliases": [
    "CVE-2018-3715"
  ],
  "modified": "2023-11-08T04:00:16.813310Z",
  "published": "2018-07-26T14:53:14Z",
  "database_specific": {
    "nvd_published_at": "2018-06-07T02:29:00Z",
    "github_reviewed_at": "2020-06-16T20:53:13Z",
    "severity": "MODERATE",
    "github_reviewed": true,
    "cwe_ids": [
      "CWE-22"
    ]
  },
  "references": [
    {
      "type": "ADVISORY",
      "url": "https://nvd.nist.gov/vuln/detail/CVE-2018-3715"
    },
    {
      "type": "WEB",
      "url": "https://github.com/jarofghosts/glance/commit/8cfd88e44ebd3f07e3a2eaf376a3e758b6c4ca19"
    },
    {
      "type": "WEB",
      "url": "https://hackerone.com/reports/310106"
    },
    {
      "type": "ADVISORY",
      "url": "https://github.com/advisories/GHSA-2x4q-6jfv-8h9h"
    },
    {
      "type": "WEB",
      "url": "https://www.npmjs.com/advisories/590"
    }
  ],
  "affected": [
    {
      "package": {
        "name": "glance",
        "ecosystem": "npm",
        "purl": "pkg:npm/glance"
      },
      "ranges": [
        {
          "type": "SEMVER",
          "events": [
            {
              "introduced": "0"
            },
            {
              "fixed": "3.0.4"
            }
          ]
        }
      ],
      "database_specific": {
        "source": "https://github.com/github/advisory-database/blob/main/advisories/github-reviewed/2018/07/GHSA-2x4q-6jfv-8h9h/GHSA-2x4q-6jfv-8h9h.json"
      }
    }
  ],
  "schema_version": "1.6.0",
  "severity": [
    {
      "type": "CVSS_V3",
      "score": "CVSS:3.1/AV:N/AC:L/PR:L/UI:N/S:U/C:H/I:N/A:N"
    }
  ]
}