{
  "id": "GHSA-2mm9-c2fx-c7m4",
  "summary": "Docsify XSS Vulnerability",
  "details": "This affects the package docsify before 4.12.0. It is possible to bypass the remediation done by CVE-2020-7680 and execute malicious JavaScript through the following methods 1) When parsing HTML from remote URLs, the HTML code on the main page is sanitized, but this sanitization is not taking place in the sidebar. 2) The isURL external check can be bypassed by inserting more `////` characters",
  "aliases": [
    "CVE-2021-23342",
    "SNYK-JAVA-ORGWEBJARSNPM-1076593",
    "SNYK-JS-DOCSIFY-1066017"
  ],
  "modified": "2023-11-08T04:05:04.327681Z",
  "published": "2021-03-01T19:44:27Z",
  "database_specific": {
    "nvd_published_at": "2021-02-19T17:15:00Z",
    "cwe_ids": [
      "CWE-79"
    ],
    "severity": "MODERATE",
    "github_reviewed": true,
    "github_reviewed_at": "2021-02-24T07:31:57Z"
  },
  "references": [
    {
      "type": "ADVISORY",
      "url": "https://nvd.nist.gov/vuln/detail/CVE-2021-23342"
    },
    {
      "type": "WEB",
      "url": "https://github.com/docsifyjs/docsify/commit/ff2a66f12752471277fe81a64ad6c4b2c08111fe"
    },
    {
      "type": "WEB",
      "url": "https://snyk.io/vuln/SNYK-JAVA-ORGWEBJARSNPM-1076593"
    },
    {
      "type": "WEB",
      "url": "https://snyk.io/vuln/SNYK-JS-DOCSIFY-1066017"
    },
    {
      "type": "WEB",
      "url": "https://www.npmjs.com/package/docsify"
    },
    {
      "type": "WEB",
      "url": "http://packetstormsecurity.com/files/161495/docsify-4.11.6-Cross-Site-Scripting.html"
    },
    {
      "type": "WEB",
      "url": "http://seclists.org/fulldisclosure/2021/Feb/71"
    }
  ],
  "affected": [
    {
      "package": {
        "name": "docsify",
        "ecosystem": "npm",
        "purl": "pkg:npm/docsify"
      },
      "ranges": [
        {
          "type": "SEMVER",
          "events": [
            {
              "introduced": "0"
            },
            {
              "fixed": "4.12.0"
            }
          ]
        }
      ],
      "database_specific": {
        "source": "https://github.com/github/advisory-database/blob/main/advisories/github-reviewed/2021/03/GHSA-2mm9-c2fx-c7m4/GHSA-2mm9-c2fx-c7m4.json"
      }
    }
  ],
  "schema_version": "1.6.0",
  "severity": [
    {
      "type": "CVSS_V3",
      "score": "CVSS:3.1/AV:N/AC:L/PR:N/UI:R/S:C/C:L/I:L/A:N"
    }
  ]
}