{
  "id": "GHSA-3hjh-5hgx-f5wh",
  "summary": "Path traversal vulnerability in glance",
  "details": "Versions of the package glance before 3.0.9 are vulnerable to Directory Traversal that allows users to read files outside the public root directory. This is related to but distinct from the vulnerability reported in [CVE-2018-3715](https://security.snyk.io/vuln/npm:glance:20180129).",
  "aliases": [
    "CVE-2022-25937"
  ],
  "modified": "2023-11-08T04:08:52.630682Z",
  "published": "2023-02-13T06:30:59Z",
  "database_specific": {
    "nvd_published_at": "2023-02-13T05:15:00Z",
    "github_reviewed_at": "2023-02-14T16:52:35Z",
    "severity": "MODERATE",
    "github_reviewed": true,
    "cwe_ids": [
      "CWE-22"
    ]
  },
  "references": [
    {
      "type": "ADVISORY",
      "url": "https://nvd.nist.gov/vuln/detail/CVE-2022-25937"
    },
    {
      "type": "WEB",
      "url": "https://github.com/jarofghosts/glance/commit/8cecfe90286e0c45a5494067f1b592d0ccfeabac"
    },
    {
      "type": "WEB",
      "url": "https://gist.github.com/lirantal/c8cfb0398c78e558b7d4ac02aae67809"
    },
    {
      "type": "PACKAGE",
      "url": "https://github.com/jarofghosts/glance"
    },
    {
      "type": "WEB",
      "url": "https://security.snyk.io/vuln/SNYK-JS-GLANCE-3318395"
    }
  ],
  "affected": [
    {
      "package": {
        "name": "glance",
        "ecosystem": "npm",
        "purl": "pkg:npm/glance"
      },
      "ranges": [
        {
          "type": "SEMVER",
          "events": [
            {
              "introduced": "0"
            },
            {
              "fixed": "3.0.9"
            }
          ]
        }
      ],
      "database_specific": {
        "source": "https://github.com/github/advisory-database/blob/main/advisories/github-reviewed/2023/02/GHSA-3hjh-5hgx-f5wh/GHSA-3hjh-5hgx-f5wh.json"
      }
    }
  ],
  "schema_version": "1.6.0",
  "severity": [
    {
      "type": "CVSS_V3",
      "score": "CVSS:3.1/AV:N/AC:L/PR:L/UI:N/S:U/C:H/I:N/A:N"
    }
  ]
}