{
  "id": "GHSA-2m53-83f3-562j",
  "summary": "Prototype pollution in min-dash < 3.8.1",
  "details": "### Impact\n\nThe `set` method is vulnerable to prototype pollution with specially crafted inputs.\n\n```javascript\n// insert the following into poc.js and run node poc,js (after installing the package)\n \nlet parser = require(\"min-dash\");\nparser.set({}, [[\"__proto__\"], \"polluted\"], \"success\");\nconsole.log(polluted);\n```\n\n### Patches\n\n`min-dash>=3.8.1` fix the issue.\n\n### Workarounds\n\nNo workarounds exist for the issue.\n\n### References\n\nClosed via https://github.com/bpmn-io/min-dash/pull/21.\n\n### Credits\n\nCredits to Cristian-Alexandru STAICU who found the vulnerability and to Idan Digmi from the Snyk Security Team who reported the vulnerability to us, responsibly. ",
  "modified": "2022-01-27T23:11:40Z",
  "published": "2022-02-01T00:44:35Z",
  "database_specific": {
    "nvd_published_at": null,
    "github_reviewed_at": "2022-01-27T23:11:40Z",
    "severity": "HIGH",
    "github_reviewed": true,
    "cwe_ids": [
      "CWE-1321"
    ]
  },
  "references": [
    {
      "type": "WEB",
      "url": "https://github.com/bpmn-io/min-dash/security/advisories/GHSA-2m53-83f3-562j"
    },
    {
      "type": "PACKAGE",
      "url": "https://github.com/bpmn-io/min-dash"
    }
  ],
  "affected": [
    {
      "package": {
        "name": "min-dash",
        "ecosystem": "npm",
        "purl": "pkg:npm/min-dash"
      },
      "ranges": [
        {
          "type": "SEMVER",
          "events": [
            {
              "introduced": "0"
            },
            {
              "fixed": "3.8.1"
            }
          ]
        }
      ],
      "database_specific": {
        "source": "https://github.com/github/advisory-database/blob/main/advisories/github-reviewed/2022/02/GHSA-2m53-83f3-562j/GHSA-2m53-83f3-562j.json"
      }
    }
  ],
  "schema_version": "1.6.0"
}