{
  "id": "GHSA-4jfq-q299-g4cr",
  "summary": "Malicious Package in reqquest",
  "details": "All versions of `reqquest` typosquatted a popular package of similar name and tracked users who had installed the incorrect package. The package uploaded information to a remote server including: name of the downloaded package, name of the intended package, the Node version and whether the process was running as sudo. There is no further compromise.\n\n\n## Recommendation\n\nRemove the package from your dependencies and always ensure package names are typed correctly upon installation.",
  "modified": "2021-10-01T14:06:36Z",
  "published": "2020-09-02T20:28:57Z",
  "database_specific": {
    "nvd_published_at": null,
    "github_reviewed_at": "2020-08-31T18:38:30Z",
    "severity": "CRITICAL",
    "github_reviewed": true,
    "cwe_ids": [
      "CWE-506"
    ]
  },
  "references": [
    {
      "type": "WEB",
      "url": "https://www.npmjs.com/advisories/860"
    }
  ],
  "affected": [
    {
      "package": {
        "name": "reqquest",
        "ecosystem": "npm",
        "purl": "pkg:npm/reqquest"
      },
      "ranges": [
        {
          "type": "SEMVER",
          "events": [
            {
              "introduced": "0"
            }
          ]
        }
      ],
      "database_specific": {
        "source": "https://github.com/github/advisory-database/blob/main/advisories/github-reviewed/2020/09/GHSA-4jfq-q299-g4cr/GHSA-4jfq-q299-g4cr.json"
      }
    }
  ],
  "schema_version": "1.6.0",
  "severity": [
    {
      "type": "CVSS_V3",
      "score": "CVSS:3.1/AV:N/AC:L/PR:N/UI:N/S:U/C:H/I:H/A:H"
    }
  ]
}