{
  "id": "GHSA-277p-xwpp-3jf7",
  "summary": "Malicious Package in rrgod",
  "details": "All versions of `rrgod` are considered malicious. The package is malware designed to run arbitrary scripts. When installed, the package downloads an arbitrary file and executes its contents as a pre, post and install scripts.\n\n\n## Recommendation\n\nThis package is not available on the npm Registry anymore. If you happen to find this package in your environment you should consider the system it was installed on compromised and assess if further response (such as rotating all credentials found on the compromised machine) is necessary.\n",
  "modified": "2021-10-01T13:42:09Z",
  "published": "2020-09-02T15:49:22Z",
  "database_specific": {
    "nvd_published_at": null,
    "github_reviewed_at": "2020-08-31T18:34:53Z",
    "severity": "CRITICAL",
    "github_reviewed": true,
    "cwe_ids": [
      "CWE-506"
    ]
  },
  "references": [
    {
      "type": "WEB",
      "url": "https://www.npmjs.com/advisories/764"
    }
  ],
  "affected": [
    {
      "package": {
        "name": "rrgod",
        "ecosystem": "npm",
        "purl": "pkg:npm/rrgod"
      },
      "ranges": [
        {
          "type": "SEMVER",
          "events": [
            {
              "introduced": "0.0.0"
            }
          ]
        }
      ],
      "database_specific": {
        "source": "https://github.com/github/advisory-database/blob/main/advisories/github-reviewed/2020/09/GHSA-277p-xwpp-3jf7/GHSA-277p-xwpp-3jf7.json"
      }
    }
  ],
  "schema_version": "1.6.0",
  "severity": [
    {
      "type": "CVSS_V3",
      "score": "CVSS:3.1/AV:N/AC:L/PR:N/UI:N/S:U/C:H/I:H/A:H"
    }
  ]
}