{
  "id": "GHSA-2ghc-6v89-pw9j",
  "summary": "body-parser-xml vulnerable to Prototype Pollution",
  "details": "body-parser-xml is vulnerable to Improperly Controlled Modification of Object Prototype Attributes ('Prototype Pollution').",
  "aliases": [
    "CVE-2021-3666"
  ],
  "modified": "2023-11-08T04:06:15.314099Z",
  "published": "2021-09-14T20:25:35Z",
  "database_specific": {
    "nvd_published_at": "2021-09-13T18:15:00Z",
    "github_reviewed_at": "2021-09-14T18:39:31Z",
    "severity": "HIGH",
    "github_reviewed": true,
    "cwe_ids": [
      "CWE-1321",
      "CWE-915"
    ]
  },
  "references": [
    {
      "type": "ADVISORY",
      "url": "https://nvd.nist.gov/vuln/detail/CVE-2021-3666"
    },
    {
      "type": "WEB",
      "url": "https://github.com/fiznool/body-parser-xml/commit/d46ca622560f7c9a033cd9321c61e92558150d63"
    },
    {
      "type": "PACKAGE",
      "url": "https://github.com/fiznool/body-parser-xml"
    },
    {
      "type": "WEB",
      "url": "https://huntr.dev/bounties/1-other-fiznool/body-parser-xml"
    }
  ],
  "affected": [
    {
      "package": {
        "name": "body-parser-xml",
        "ecosystem": "npm",
        "purl": "pkg:npm/body-parser-xml"
      },
      "ranges": [
        {
          "type": "SEMVER",
          "events": [
            {
              "introduced": "0"
            },
            {
              "fixed": "2.0.3"
            }
          ]
        }
      ],
      "database_specific": {
        "source": "https://github.com/github/advisory-database/blob/main/advisories/github-reviewed/2021/09/GHSA-2ghc-6v89-pw9j/GHSA-2ghc-6v89-pw9j.json"
      }
    }
  ],
  "schema_version": "1.6.0",
  "severity": [
    {
      "type": "CVSS_V3",
      "score": "CVSS:3.0/AV:N/AC:L/PR:L/UI:N/S:U/C:L/I:L/A:H"
    }
  ]
}