{
  "id": "GHSA-4p35-cfcx-8653",
  "summary": "Hostname confusion in parse-url",
  "details": "Exposure of Sensitive Information to an Unauthorized Actor via hostname confusion in GitHub repository ionicabizau/parse-url prior to 6.0.1",
  "aliases": [
    "CVE-2022-0722"
  ],
  "modified": "2023-11-08T04:07:39.000074Z",
  "published": "2022-06-28T00:01:01Z",
  "database_specific": {
    "nvd_published_at": "2022-06-27T11:15:00Z",
    "github_reviewed_at": "2022-07-05T22:05:53Z",
    "severity": "HIGH",
    "github_reviewed": true,
    "cwe_ids": [
      "CWE-200"
    ]
  },
  "references": [
    {
      "type": "ADVISORY",
      "url": "https://nvd.nist.gov/vuln/detail/CVE-2022-0722"
    },
    {
      "type": "WEB",
      "url": "https://github.com/ionicabizau/parse-url/commit/21c72ab9412228eea753e2abc48f8962707b1fe3"
    },
    {
      "type": "WEB",
      "url": "https://huntr.dev/bounties/2490ef6d-5577-4714-a4dd-9608251b4226"
    }
  ],
  "affected": [
    {
      "package": {
        "name": "parse-url",
        "ecosystem": "npm",
        "purl": "pkg:npm/parse-url"
      },
      "ranges": [
        {
          "type": "SEMVER",
          "events": [
            {
              "introduced": "0"
            },
            {
              "fixed": "6.0.1"
            }
          ]
        }
      ],
      "database_specific": {
        "source": "https://github.com/github/advisory-database/blob/main/advisories/github-reviewed/2022/06/GHSA-4p35-cfcx-8653/GHSA-4p35-cfcx-8653.json"
      }
    }
  ],
  "schema_version": "1.6.0",
  "severity": [
    {
      "type": "CVSS_V3",
      "score": "CVSS:3.1/AV:N/AC:L/PR:N/UI:N/S:U/C:H/I:N/A:N"
    }
  ]
}