{
  "id": "GHSA-3v5x-qjrp-q2hq",
  "summary": "Unrestricted Upload of File with Dangerous Type in ButterCMS",
  "details": "An arbitrary file upload vulnerability in the file upload component of ButterCMS v1.2.8 allows attackers to execute arbitrary code via a crafted SVG file.",
  "aliases": [
    "CVE-2022-27260"
  ],
  "modified": "2023-11-08T04:08:57.989160Z",
  "published": "2022-04-13T00:00:24Z",
  "database_specific": {
    "nvd_published_at": "2022-04-12T17:15:00Z",
    "github_reviewed_at": "2022-04-22T21:02:44Z",
    "severity": "CRITICAL",
    "github_reviewed": true,
    "cwe_ids": [
      "CWE-434"
    ]
  },
  "references": [
    {
      "type": "ADVISORY",
      "url": "https://nvd.nist.gov/vuln/detail/CVE-2022-27260"
    },
    {
      "type": "PACKAGE",
      "url": "https://github.com/ButterCMS/buttercms-js"
    },
    {
      "type": "WEB",
      "url": "https://www.youtube.com/watch?v=Tw8OhtVd-mE"
    }
  ],
  "affected": [
    {
      "package": {
        "name": "buttercms",
        "ecosystem": "npm",
        "purl": "pkg:npm/buttercms"
      },
      "ranges": [
        {
          "type": "SEMVER",
          "events": [
            {
              "introduced": "0"
            },
            {
              "last_affected": "1.2.8"
            }
          ]
        }
      ],
      "database_specific": {
        "source": "https://github.com/github/advisory-database/blob/main/advisories/github-reviewed/2022/04/GHSA-3v5x-qjrp-q2hq/GHSA-3v5x-qjrp-q2hq.json"
      }
    }
  ],
  "schema_version": "1.6.0",
  "severity": [
    {
      "type": "CVSS_V3",
      "score": "CVSS:3.1/AV:N/AC:L/PR:N/UI:N/S:U/C:H/I:H/A:H"
    }
  ]
}