{
  "id": "GHSA-4449-hg37-77v8",
  "summary": "Command injection in total.js",
  "details": "There is a command injection vulnerability that affects the package total.js before version 3.4.7. The issue occurs in the image.pipe and image.stream functions. The type parameter is used to build the command that is then executed using child_process.spawn. The issue occurs because child_process.spawn is called with the option shell set to true and because the type parameter is not properly sanitized.",
  "aliases": [
    "CVE-2020-28494",
    "SNYK-JS-TOTALJS-1046672"
  ],
  "modified": "2023-11-08T04:03:28.603836Z",
  "published": "2021-02-05T20:43:27Z",
  "database_specific": {
    "nvd_published_at": "2021-02-02T11:15:00Z",
    "github_reviewed_at": "2021-02-03T07:49:15Z",
    "severity": "HIGH",
    "github_reviewed": true,
    "cwe_ids": [
      "CWE-78"
    ]
  },
  "references": [
    {
      "type": "ADVISORY",
      "url": "https://nvd.nist.gov/vuln/detail/CVE-2020-28494"
    },
    {
      "type": "WEB",
      "url": "https://github.com/totaljs/framework/commit/6192491ab2631e7c1d317c221f18ea613e2c18a5"
    },
    {
      "type": "WEB",
      "url": "https://snyk.io/vuln/SNYK-JS-TOTALJS-1046672"
    },
    {
      "type": "WEB",
      "url": "https://www.npmjs.com/package/total.js"
    }
  ],
  "affected": [
    {
      "package": {
        "name": "total.js",
        "ecosystem": "npm",
        "purl": "pkg:npm/total.js"
      },
      "ranges": [
        {
          "type": "SEMVER",
          "events": [
            {
              "introduced": "0"
            },
            {
              "fixed": "3.4.7"
            }
          ]
        }
      ],
      "database_specific": {
        "source": "https://github.com/github/advisory-database/blob/main/advisories/github-reviewed/2021/02/GHSA-4449-hg37-77v8/GHSA-4449-hg37-77v8.json"
      }
    }
  ],
  "schema_version": "1.6.0",
  "severity": [
    {
      "type": "CVSS_V3",
      "score": "CVSS:3.1/AV:N/AC:L/PR:N/UI:N/S:U/C:H/I:L/A:L"
    }
  ]
}