{
  "id": "GHSA-27g8-r9vw-765x",
  "summary": "Private Field data leak",
  "details": "This security advisory relates to a newly discovered capability in our query infrastructure to directly or indirectly expose the values of private fields, bypassing the configured access control.\n\nThis is an access control related oracle attack in that the attack method guides an attacker during their attempt to reveal information they do not have access to. The complexity of completing the attack is limited by some length-dependent behaviors and the fidelity of the exposed information.\n\n### Impact\n\nUnder some circumstances, field values or field value meta data can be determined, despite the field or list having `read` access control configured. If you use private fields or lists, you may be impacted.\n\n### Patches\n\nNone, at this time\n\n### Workarounds\n\nNone, at this time\n\n### References\n\nNone\n\n### For more information\n\nFor the protection of the community and private deployments, we think that the best course of action will be to not disclose further details on any open GitHub issues related to this advisory until a hot-fix or work-around has been deployed or published.\n\nIf needed, you can email us at keystone@thinkmill.com.au",
  "aliases": [
    "CVE-2021-32624"
  ],
  "modified": "2023-11-08T04:05:54.875243Z",
  "published": "2021-05-27T18:39:03Z",
  "database_specific": {
    "nvd_published_at": "2021-05-24T17:15:00Z",
    "github_reviewed_at": "2021-05-25T20:20:03Z",
    "severity": "HIGH",
    "github_reviewed": true,
    "cwe_ids": [
      "CWE-200"
    ]
  },
  "references": [
    {
      "type": "WEB",
      "url": "https://github.com/keystonejs/keystone-5/security/advisories/GHSA-27g8-r9vw-765x"
    },
    {
      "type": "ADVISORY",
      "url": "https://nvd.nist.gov/vuln/detail/CVE-2021-32624"
    }
  ],
  "affected": [
    {
      "package": {
        "name": "@keystonejs/keystone",
        "ecosystem": "npm",
        "purl": "pkg:npm/%40keystonejs/keystone"
      },
      "ranges": [
        {
          "type": "SEMVER",
          "events": [
            {
              "introduced": "0"
            },
            {
              "last_affected": "19.3.2"
            }
          ]
        }
      ],
      "database_specific": {
        "source": "https://github.com/github/advisory-database/blob/main/advisories/github-reviewed/2021/05/GHSA-27g8-r9vw-765x/GHSA-27g8-r9vw-765x.json"
      }
    }
  ],
  "schema_version": "1.6.0",
  "severity": [
    {
      "type": "CVSS_V3",
      "score": "CVSS:3.1/AV:N/AC:H/PR:L/UI:N/S:U/C:H/I:H/A:H"
    }
  ]
}