{
  "id": "GHSA-4jj4-m52p-8rx3",
  "summary": "Prototype pollution in set-object-value",
  "details": "Prototype pollution vulnerability in 'set-object-value' versions 0.0.0 through 0.0.5 allows an attacker to cause a denial of service and may lead to remote code execution.",
  "aliases": [
    "CVE-2020-28281"
  ],
  "modified": "2023-11-08T04:03:24.893222Z",
  "published": "2021-04-13T15:24:08Z",
  "database_specific": {
    "nvd_published_at": "2020-12-29T18:15:00Z",
    "github_reviewed_at": "2021-04-07T22:31:58Z",
    "severity": "CRITICAL",
    "github_reviewed": true,
    "cwe_ids": [
      "CWE-1321"
    ]
  },
  "references": [
    {
      "type": "ADVISORY",
      "url": "https://nvd.nist.gov/vuln/detail/CVE-2020-28281"
    },
    {
      "type": "WEB",
      "url": "https://github.com/react-atomic/react-atomic-organism/blob/e5645a2f9e632ffdebc83d720498831e09754c22/packages/lib/set-object-value/src/index.js#L16"
    },
    {
      "type": "WEB",
      "url": "https://www.whitesourcesoftware.com/vulnerability-database/CVE-2020-28281"
    }
  ],
  "affected": [
    {
      "package": {
        "name": "set-object-value",
        "ecosystem": "npm",
        "purl": "pkg:npm/set-object-value"
      },
      "ranges": [
        {
          "type": "SEMVER",
          "events": [
            {
              "introduced": "0"
            },
            {
              "fixed": "0.0.6"
            }
          ]
        }
      ],
      "database_specific": {
        "source": "https://github.com/github/advisory-database/blob/main/advisories/github-reviewed/2021/04/GHSA-4jj4-m52p-8rx3/GHSA-4jj4-m52p-8rx3.json"
      }
    }
  ],
  "schema_version": "1.6.0",
  "severity": [
    {
      "type": "CVSS_V3",
      "score": "CVSS:3.1/AV:N/AC:L/PR:N/UI:N/S:U/C:H/I:H/A:H"
    }
  ]
}