{
  "id": "GHSA-4m6q-rxhm-675w",
  "summary": " OS Command Injection in adb-driver",
  "details": "adb-driver through 0.1.8 is vulnerable to Command Injection.It allows execution of arbitrary commands via the command function.",
  "aliases": [
    "CVE-2020-7636"
  ],
  "modified": "2023-11-08T04:04:01.896372Z",
  "published": "2021-12-09T19:54:29Z",
  "database_specific": {
    "nvd_published_at": "2020-04-06T13:15:00Z",
    "github_reviewed_at": "2021-05-24T21:33:09Z",
    "severity": "CRITICAL",
    "github_reviewed": true,
    "cwe_ids": [
      "CWE-78"
    ]
  },
  "references": [
    {
      "type": "ADVISORY",
      "url": "https://nvd.nist.gov/vuln/detail/CVE-2020-7636"
    },
    {
      "type": "WEB",
      "url": "https://snyk.io/vuln/SNYK-JS-ADBDRIVER-564430"
    },
    {
      "type": "WEB",
      "url": "https://www.npmjs.com/package/adb-driver"
    }
  ],
  "affected": [
    {
      "package": {
        "name": "adb-driver",
        "ecosystem": "npm",
        "purl": "pkg:npm/adb-driver"
      },
      "ranges": [
        {
          "type": "SEMVER",
          "events": [
            {
              "introduced": "0"
            },
            {
              "last_affected": "0.1.8"
            }
          ]
        }
      ],
      "database_specific": {
        "source": "https://github.com/github/advisory-database/blob/main/advisories/github-reviewed/2021/12/GHSA-4m6q-rxhm-675w/GHSA-4m6q-rxhm-675w.json"
      }
    }
  ],
  "schema_version": "1.6.0",
  "severity": [
    {
      "type": "CVSS_V3",
      "score": "CVSS:3.1/AV:N/AC:L/PR:N/UI:N/S:U/C:H/I:H/A:H"
    }
  ]
}