{
  "id": "GHSA-4jrm-c32x-w4jf",
  "summary": "convict vulnerable to Prototype Pollution",
  "details": "### Impact\n\n* An attacker can inject attributes that are used in other components\n* An attacker can override existing attributes with ones that have incompatible type, which may lead to a crash.\n\nThe main use case of Convict is for handling server-side configurations written by the admins owning the servers, and not random users. So it's unlikely that an admin would deliberately sabotage their own server. Still a situation can happen where an admin not knowledgeable about JavaScript could be tricked by an attacker into writing the malicious JavaScript code into some config files.\n\n### Patches\nThe problem is patched in `convict@6.2.4`. Users should upgrade to `convict@6.2.4`.\n\n### Workarounds\nNo way for users to fix or remediate the vulnerability without upgrading\n\n### References\nhttps://github.com/mozilla/node-convict/issues/410\n",
  "aliases": [
    "CVE-2023-0163"
  ],
  "modified": "2023-11-08T04:11:06.199812Z",
  "published": "2023-01-10T21:50:00Z",
  "database_specific": {
    "nvd_published_at": null,
    "github_reviewed_at": "2023-01-10T21:50:00Z",
    "severity": "HIGH",
    "github_reviewed": true,
    "cwe_ids": []
  },
  "references": [
    {
      "type": "WEB",
      "url": "https://github.com/mozilla/node-convict/security/advisories/GHSA-4jrm-c32x-w4jf"
    },
    {
      "type": "WEB",
      "url": "https://github.com/mozilla/node-convict/commit/fb602fbe1e9f14f2e88ecb8179d0f76466d21ecb"
    },
    {
      "type": "PACKAGE",
      "url": "https://github.com/mozilla/node-convict"
    }
  ],
  "affected": [
    {
      "package": {
        "name": "convict",
        "ecosystem": "npm",
        "purl": "pkg:npm/convict"
      },
      "ranges": [
        {
          "type": "SEMVER",
          "events": [
            {
              "introduced": "0"
            },
            {
              "fixed": "6.2.4"
            }
          ]
        }
      ],
      "database_specific": {
        "source": "https://github.com/github/advisory-database/blob/main/advisories/github-reviewed/2023/01/GHSA-4jrm-c32x-w4jf/GHSA-4jrm-c32x-w4jf.json"
      }
    }
  ],
  "schema_version": "1.6.0",
  "severity": [
    {
      "type": "CVSS_V3",
      "score": "CVSS:3.1/AV:L/AC:L/PR:N/UI:N/S:U/C:H/I:H/A:H"
    }
  ]
}