{
  "id": "GHSA-488m-6gh8-9j36",
  "summary": "bracket-template vulnerable to reflected XSS",
  "details": "bracket-template suffers from reflected XSS possible when variable passed via GET parameter is used in template",
  "aliases": [
    "CVE-2018-3735"
  ],
  "modified": "2023-11-08T04:00:18.040921Z",
  "published": "2018-07-27T17:05:06Z",
  "database_specific": {
    "nvd_published_at": "2018-06-07T02:29:00Z",
    "cwe_ids": [
      "CWE-79"
    ],
    "severity": "MODERATE",
    "github_reviewed": true,
    "github_reviewed_at": "2020-06-16T20:57:50Z"
  },
  "references": [
    {
      "type": "ADVISORY",
      "url": "https://nvd.nist.gov/vuln/detail/CVE-2018-3735"
    },
    {
      "type": "WEB",
      "url": "https://hackerone.com/reports/317125"
    },
    {
      "type": "ADVISORY",
      "url": "https://github.com/advisories/GHSA-488m-6gh8-9j36"
    }
  ],
  "affected": [
    {
      "package": {
        "name": "bracket-template",
        "ecosystem": "npm",
        "purl": "pkg:npm/bracket-template"
      },
      "ranges": [
        {
          "type": "SEMVER",
          "events": [
            {
              "introduced": "0"
            },
            {
              "last_affected": "1.1.5"
            }
          ]
        }
      ],
      "database_specific": {
        "source": "https://github.com/github/advisory-database/blob/main/advisories/github-reviewed/2018/07/GHSA-488m-6gh8-9j36/GHSA-488m-6gh8-9j36.json"
      }
    }
  ],
  "schema_version": "1.6.0",
  "severity": [
    {
      "type": "CVSS_V3",
      "score": "CVSS:3.1/AV:N/AC:L/PR:N/UI:R/S:C/C:L/I:L/A:N"
    }
  ]
}