{
  "id": "GHSA-4q69-q4q7-x82c",
  "summary": "rendertron can remotely shut down Chrome instance",
  "details": "Rendertron 1.0.0 includes an `_ah/stop` route to shutdown the Chrome instance responsible for serving render requests to all users. Visiting this route with a GET request allows any unauthorized remote attacker to disable the core service of the application.",
  "aliases": [
    "CVE-2017-18353"
  ],
  "modified": "2023-11-08T03:59:15.798767Z",
  "published": "2019-01-04T17:41:46Z",
  "database_specific": {
    "nvd_published_at": null,
    "cwe_ids": [
      "CWE-284"
    ],
    "severity": "HIGH",
    "github_reviewed": true,
    "github_reviewed_at": "2020-06-16T20:58:46Z"
  },
  "references": [
    {
      "type": "ADVISORY",
      "url": "https://nvd.nist.gov/vuln/detail/CVE-2017-18353"
    },
    {
      "type": "WEB",
      "url": "https://github.com/GoogleChrome/rendertron/pull/88"
    },
    {
      "type": "WEB",
      "url": "https://github.com/GoogleChrome/rendertron/commit/8d70628c96ae72eff6eebb451d26fc9ed6b58b0e"
    },
    {
      "type": "WEB",
      "url": "https://bugs.chromium.org/p/chromium/issues/detail?id=759111"
    },
    {
      "type": "PACKAGE",
      "url": "https://github.com/GoogleChrome/rendertron"
    },
    {
      "type": "ADVISORY",
      "url": "https://github.com/advisories/GHSA-4q69-q4q7-x82c"
    }
  ],
  "affected": [
    {
      "package": {
        "name": "rendertron",
        "ecosystem": "npm",
        "purl": "pkg:npm/rendertron"
      },
      "ranges": [
        {
          "type": "SEMVER",
          "events": [
            {
              "introduced": "0"
            },
            {
              "fixed": "1.1.0"
            }
          ]
        }
      ],
      "database_specific": {
        "source": "https://github.com/github/advisory-database/blob/main/advisories/github-reviewed/2019/01/GHSA-4q69-q4q7-x82c/GHSA-4q69-q4q7-x82c.json"
      }
    }
  ],
  "schema_version": "1.6.0",
  "severity": [
    {
      "type": "CVSS_V3",
      "score": "CVSS:3.0/AV:N/AC:L/PR:N/UI:N/S:U/C:N/I:N/A:H"
    }
  ]
}