{
  "id": "GHSA-327c-qx3v-h673",
  "summary": "Always-Incorrect Control Flow Implementation in Facebook Hermes",
  "details": "A logic vulnerability when handling the SaveGeneratorLong instruction in Facebook Hermes prior to commit b2021df620824627f5a8c96615edbd1eb7fdddfc allows attackers to potentially read out of bounds or theoretically execute arbitrary code via crafted JavaScript. Note that this is only exploitable if the application using Hermes permits evaluation of untrusted JavaScript. Hence, most React Native applications are not affected.",
  "aliases": [
    "CVE-2020-1914"
  ],
  "modified": "2023-11-08T04:02:45.253678Z",
  "published": "2022-05-24T17:30:18Z",
  "database_specific": {
    "nvd_published_at": "2020-10-08T19:15:00Z",
    "github_reviewed_at": "2022-06-24T01:23:21Z",
    "severity": "CRITICAL",
    "github_reviewed": true,
    "cwe_ids": [
      "CWE-1119",
      "CWE-670"
    ]
  },
  "references": [
    {
      "type": "ADVISORY",
      "url": "https://nvd.nist.gov/vuln/detail/CVE-2020-1914"
    },
    {
      "type": "WEB",
      "url": "https://github.com/facebook/hermes/issues/373"
    },
    {
      "type": "WEB",
      "url": "https://github.com/facebook/hermes/commit/b2021df620824627f5a8c96615edbd1eb7fdddfc"
    },
    {
      "type": "PACKAGE",
      "url": "https://github.com/facebook/hermes"
    },
    {
      "type": "WEB",
      "url": "https://www.facebook.com/security/advisories/cve-2020-1914"
    }
  ],
  "affected": [
    {
      "package": {
        "name": "hermes-engine",
        "ecosystem": "npm",
        "purl": "pkg:npm/hermes-engine"
      },
      "ranges": [
        {
          "type": "SEMVER",
          "events": [
            {
              "introduced": "0"
            },
            {
              "fixed": "0.7.2"
            }
          ]
        }
      ],
      "database_specific": {
        "last_known_affected_version_range": "<= 0.7.1",
        "source": "https://github.com/github/advisory-database/blob/main/advisories/github-reviewed/2022/05/GHSA-327c-qx3v-h673/GHSA-327c-qx3v-h673.json"
      }
    }
  ],
  "schema_version": "1.6.0",
  "severity": [
    {
      "type": "CVSS_V3",
      "score": "CVSS:3.1/AV:N/AC:L/PR:N/UI:N/S:U/C:H/I:H/A:H"
    }
  ]
}