{
  "id": "GHSA-28f4-mjfq-qrvf",
  "summary": "Malicious Package in buffes-xor",
  "details": "Version 2.0.2 contained malicious code. The package targeted the Ethereum cryptocurrency and performed transactions to wallets not controlled by the user.\n\n\n## Recommendation\n\nRemove the package from your environment. Ensure no Ethereum funds were compromised.",
  "modified": "2021-09-29T21:26:03Z",
  "published": "2020-09-03T22:18:40Z",
  "database_specific": {
    "nvd_published_at": null,
    "github_reviewed_at": "2020-08-31T18:52:42Z",
    "severity": "CRITICAL",
    "github_reviewed": true,
    "cwe_ids": [
      "CWE-506"
    ]
  },
  "references": [
    {
      "type": "WEB",
      "url": "https://www.npmjs.com/advisories/1257"
    }
  ],
  "affected": [
    {
      "package": {
        "name": "buffes-xor",
        "ecosystem": "npm",
        "purl": "pkg:npm/buffes-xor"
      },
      "ranges": [
        {
          "type": "SEMVER",
          "events": [
            {
              "introduced": "0.0.0"
            }
          ]
        }
      ],
      "database_specific": {
        "source": "https://github.com/github/advisory-database/blob/main/advisories/github-reviewed/2020/09/GHSA-28f4-mjfq-qrvf/GHSA-28f4-mjfq-qrvf.json"
      }
    }
  ],
  "schema_version": "1.6.0",
  "severity": [
    {
      "type": "CVSS_V3",
      "score": "CVSS:3.1/AV:N/AC:L/PR:N/UI:N/S:U/C:H/I:H/A:H"
    }
  ]
}