{
  "id": "GHSA-2r7v-cmch-5x26",
  "summary": "muhammara and hummus vulnerable to Unchecked Return Value to NULL Pointer Dereference",
  "details": "### Impact\nThe package muhammara before 2.6.2, from 3.0.0 and before 3.3.0; all versions of package hummus are vulnerable to Denial of Service (DoS) when supplied with a maliciously crafted PDF file to be parsed.\n\n### Patches\nIt has been patched in 3.4.0 and has been backported to 2.6.2\nThere is no patch for hummus, currently\n\n### Workarounds\nDo not process files from untrusted sources or update.\nReplace hummus with muhammara\n\n### References\nhttps://github.com/julianhille/MuhammaraJS/pull/235\nhttps://github.com/julianhille/MuhammaraJS/pull/238",
  "aliases": [
    "CVE-2022-41957"
  ],
  "modified": "2023-11-08T04:10:36.975874Z",
  "published": "2022-12-05T17:37:22Z",
  "database_specific": {
    "nvd_published_at": "2022-11-28T15:15:00Z",
    "github_reviewed_at": "2022-12-05T17:37:22Z",
    "severity": "HIGH",
    "github_reviewed": true,
    "cwe_ids": [
      "CWE-690"
    ]
  },
  "references": [
    {
      "type": "WEB",
      "url": "https://github.com/julianhille/MuhammaraJS/security/advisories/GHSA-2r7v-cmch-5x26"
    },
    {
      "type": "ADVISORY",
      "url": "https://nvd.nist.gov/vuln/detail/CVE-2022-41957"
    },
    {
      "type": "WEB",
      "url": "https://github.com/julianhille/MuhammaraJS/pull/235"
    },
    {
      "type": "WEB",
      "url": "https://github.com/julianhille/MuhammaraJS/pull/238"
    },
    {
      "type": "PACKAGE",
      "url": "https://github.com/julianhille/MuhammaraJS"
    }
  ],
  "affected": [
    {
      "package": {
        "name": "hummus",
        "ecosystem": "npm",
        "purl": "pkg:npm/hummus"
      },
      "ranges": [
        {
          "type": "SEMVER",
          "events": [
            {
              "introduced": "0"
            }
          ]
        }
      ],
      "database_specific": {
        "last_known_affected_version_range": "< 2.6.2",
        "source": "https://github.com/github/advisory-database/blob/main/advisories/github-reviewed/2022/12/GHSA-2r7v-cmch-5x26/GHSA-2r7v-cmch-5x26.json"
      }
    },
    {
      "package": {
        "name": "muhammara",
        "ecosystem": "npm",
        "purl": "pkg:npm/muhammara"
      },
      "ranges": [
        {
          "type": "SEMVER",
          "events": [
            {
              "introduced": "3.0.0"
            },
            {
              "fixed": "3.4.0"
            }
          ]
        }
      ],
      "database_specific": {
        "source": "https://github.com/github/advisory-database/blob/main/advisories/github-reviewed/2022/12/GHSA-2r7v-cmch-5x26/GHSA-2r7v-cmch-5x26.json"
      }
    },
    {
      "package": {
        "name": "muhammara",
        "ecosystem": "npm",
        "purl": "pkg:npm/muhammara"
      },
      "ranges": [
        {
          "type": "SEMVER",
          "events": [
            {
              "introduced": "0"
            },
            {
              "fixed": "2.6.2"
            }
          ]
        }
      ],
      "database_specific": {
        "source": "https://github.com/github/advisory-database/blob/main/advisories/github-reviewed/2022/12/GHSA-2r7v-cmch-5x26/GHSA-2r7v-cmch-5x26.json"
      }
    }
  ],
  "schema_version": "1.6.0",
  "severity": [
    {
      "type": "CVSS_V3",
      "score": "CVSS:3.1/AV:N/AC:L/PR:N/UI:N/S:U/C:N/I:N/A:H"
    }
  ]
}