{
  "id": "GHSA-26hg-crh6-mjrw",
  "summary": "Directory Traversal",
  "details": "Affected versions of list-n-stream package (0.0.10 and before), are vulnerable to a directory traversal issue.",
  "modified": "2021-02-23T21:28:28Z",
  "published": "2021-02-23T21:28:28Z",
  "withdrawn": "2021-02-23T21:28:28Z",
  "database_specific": {
    "nvd_published_at": null,
    "github_reviewed_at": "2019-05-29T20:01:50Z",
    "severity": "HIGH",
    "github_reviewed": true,
    "cwe_ids": []
  },
  "references": [
    {
      "type": "WEB",
      "url": "https://github.com/KoryNunn/list-n-stream/commit/99b0b40b34aaedfcdf25da46bef0a06b9c47fb59#diff-78c12f5adc1848d13b1c6f07055d996e"
    }
  ],
  "affected": [
    {
      "package": {
        "name": "list-n-stream",
        "ecosystem": "npm",
        "purl": "pkg:npm/list-n-stream"
      },
      "ranges": [
        {
          "type": "SEMVER",
          "events": [
            {
              "introduced": "0"
            },
            {
              "fixed": "0.0.11"
            }
          ]
        }
      ],
      "database_specific": {
        "source": "https://github.com/github/advisory-database/blob/main/advisories/github-reviewed/2021/02/GHSA-26hg-crh6-mjrw/GHSA-26hg-crh6-mjrw.json"
      }
    }
  ],
  "schema_version": "1.6.0"
}