{
  "id": "GHSA-28gr-86hg-r48w",
  "summary": "Unauthenticated Remote Command Injection in ep_imageconvert",
  "details": "ep_imageconvert is a plugin for [Etherpad Lite](https://github.com/ether/etherpad-lite). ep_imageconvert <= 0.0.2 is vulnerable to remote command injection.\n\nAuthentication is not required for remote exploitation.\n\n\n## Recommendation\n\nUpdate to version 0.0.3 or greater.",
  "aliases": [
    "CVE-2013-3364"
  ],
  "modified": "2023-11-08T03:57:19.572545Z",
  "published": "2020-08-31T22:43:31Z",
  "database_specific": {
    "nvd_published_at": null,
    "github_reviewed_at": "2020-08-31T18:07:33Z",
    "severity": "HIGH",
    "github_reviewed": true,
    "cwe_ids": [
      "CWE-77"
    ]
  },
  "references": [
    {
      "type": "ADVISORY",
      "url": "https://nvd.nist.gov/vuln/detail/CVE-2013-3364"
    },
    {
      "type": "WEB",
      "url": "https://github.com/redhog/ep_imageconvert/pull/5"
    },
    {
      "type": "PACKAGE",
      "url": "https://github.com/redhog/ep_imageconvert"
    },
    {
      "type": "WEB",
      "url": "https://snyk.io/vuln/npm:ep_imageconvert:20130506"
    },
    {
      "type": "WEB",
      "url": "https://www.npmjs.com/advisories/7"
    }
  ],
  "affected": [
    {
      "package": {
        "name": "ep_imageconvert",
        "ecosystem": "npm",
        "purl": "pkg:npm/ep_imageconvert"
      },
      "ranges": [
        {
          "type": "SEMVER",
          "events": [
            {
              "introduced": "0"
            },
            {
              "fixed": "0.0.3"
            }
          ]
        }
      ],
      "database_specific": {
        "last_known_affected_version_range": "<= 0.0.2",
        "source": "https://github.com/github/advisory-database/blob/main/advisories/github-reviewed/2020/08/GHSA-28gr-86hg-r48w/GHSA-28gr-86hg-r48w.json"
      }
    }
  ],
  "schema_version": "1.6.0",
  "severity": [
    {
      "type": "CVSS_V3",
      "score": "CVSS:3.1/AV:N/AC:L/PR:N/UI:N/S:U/C:H/I:L/A:N"
    }
  ]
}