{
  "id": "GHSA-2q6w-rxf3-4wc9",
  "summary": "Malicious Package in codify",
  "details": "Version 0.3.1 of `codify` contained malicious code. The code when executed in the browser would enumerate password, cvc, cardnumber fields from forms and send the extracted values to `https://js-metrics.com/minjs.php?pl=`\n\n\n\n## Recommendation\n\nIf version 0.3.1 of this module is found installed you will want to replace it with a version before or after 0.3.1. In addition to replacing the installed module, you will also want to evaluate your application to determine whether or not user data was compromised.",
  "modified": "2021-09-24T16:54:22Z",
  "published": "2020-09-01T19:49:18Z",
  "database_specific": {
    "nvd_published_at": null,
    "github_reviewed_at": "2020-08-31T18:30:10Z",
    "severity": "CRITICAL",
    "github_reviewed": true,
    "cwe_ids": [
      "CWE-506"
    ]
  },
  "references": [
    {
      "type": "PACKAGE",
      "url": "https://github.com/bozuko/codify"
    },
    {
      "type": "WEB",
      "url": "https://snyk.io/vuln/SNYK-JS-CODIFY-451005"
    },
    {
      "type": "WEB",
      "url": "https://www.npmjs.com/advisories/620"
    }
  ],
  "affected": [
    {
      "package": {
        "name": "codify",
        "ecosystem": "npm",
        "purl": "pkg:npm/codify"
      },
      "versions": [
        "0.3.1"
      ],
      "database_specific": {
        "source": "https://github.com/github/advisory-database/blob/main/advisories/github-reviewed/2020/09/GHSA-2q6w-rxf3-4wc9/GHSA-2q6w-rxf3-4wc9.json"
      }
    }
  ],
  "schema_version": "1.6.0",
  "severity": [
    {
      "type": "CVSS_V3",
      "score": "CVSS:3.1/AV:N/AC:L/PR:N/UI:N/S:U/C:H/I:H/A:H"
    }
  ]
}