{
  "id": "GHSA-4859-gpc7-4j66",
  "summary": "Command Injection in dot",
  "details": "All versions of dot are vulnerable to Command Injection. The template compilation may execute arbitrary commands if an attacker can inject code in the template or if a Prototype Pollution-like vulnerability can be exploited to alter an Object's prototype.",
  "modified": "2021-08-04T20:55:57Z",
  "published": "2019-06-05T21:24:29Z",
  "database_specific": {
    "nvd_published_at": null,
    "github_reviewed_at": "2019-06-05T21:24:18Z",
    "severity": "MODERATE",
    "github_reviewed": true,
    "cwe_ids": [
      "CWE-77"
    ]
  },
  "references": [
    {
      "type": "WEB",
      "url": "https://hackerone.com/reports/390929"
    },
    {
      "type": "WEB",
      "url": "https://www.npmjs.com/advisories/798"
    }
  ],
  "affected": [
    {
      "package": {
        "name": "dot",
        "ecosystem": "npm",
        "purl": "pkg:npm/dot"
      },
      "ranges": [
        {
          "type": "SEMVER",
          "events": [
            {
              "introduced": "0"
            },
            {
              "last_affected": "1.1.2"
            }
          ]
        }
      ],
      "database_specific": {
        "source": "https://github.com/github/advisory-database/blob/main/advisories/github-reviewed/2019/06/GHSA-4859-gpc7-4j66/GHSA-4859-gpc7-4j66.json"
      }
    }
  ],
  "schema_version": "1.6.0"
}