{
  "id": "GHSA-28xr-mwxg-3qc8",
  "summary": "Command injection in simple-git",
  "details": "`simple-git` (maintained as [git-js](https://github.com/steveukx/git-js) named repository on GitHub) is a light weight interface for running git commands in any node.js application.The package simple-git before 3.5.0 are vulnerable to Command Injection due to an incomplete fix of [CVE-2022-24433](https://security.snyk.io/vuln/SNYK-JS-SIMPLEGIT-2421199) which only patches against the git fetch attack vector. A similar use of the --upload-pack feature of git is also supported for git clone, which the prior fix didn't cover. A fix was released in simple-git@3.5.0.",
  "aliases": [
    "CVE-2022-24066",
    "SNYK-JAVA-ORGWEBJARSNPM-2434820",
    "SNYK-JS-SIMPLEGIT-2434306"
  ],
  "modified": "2023-11-08T04:08:29.185927Z",
  "published": "2022-04-02T00:00:13Z",
  "database_specific": {
    "nvd_published_at": "2022-04-01T20:15:00Z",
    "cwe_ids": [
      "CWE-88"
    ],
    "severity": "HIGH",
    "github_reviewed": true,
    "github_reviewed_at": "2022-04-04T21:59:51Z"
  },
  "references": [
    {
      "type": "ADVISORY",
      "url": "https://nvd.nist.gov/vuln/detail/CVE-2022-24066"
    },
    {
      "type": "WEB",
      "url": "https://github.com/steveukx/git-js/commit/2040de601c894363050fef9f28af367b169a56c5"
    },
    {
      "type": "WEB",
      "url": "https://gist.github.com/lirantal/a930d902294b833514e821102316426b"
    },
    {
      "type": "PACKAGE",
      "url": "https://github.com/steveukx/git-js"
    },
    {
      "type": "WEB",
      "url": "https://github.com/steveukx/git-js/releases/tag/simple-git%403.5.0"
    },
    {
      "type": "WEB",
      "url": "https://snyk.io/vuln/SNYK-JAVA-ORGWEBJARSNPM-2434820"
    },
    {
      "type": "WEB",
      "url": "https://snyk.io/vuln/SNYK-JS-SIMPLEGIT-2434306"
    }
  ],
  "affected": [
    {
      "package": {
        "name": "simple-git",
        "ecosystem": "npm",
        "purl": "pkg:npm/simple-git"
      },
      "ranges": [
        {
          "type": "SEMVER",
          "events": [
            {
              "introduced": "0"
            },
            {
              "fixed": "3.5.0"
            }
          ]
        }
      ],
      "database_specific": {
        "source": "https://github.com/github/advisory-database/blob/main/advisories/github-reviewed/2022/04/GHSA-28xr-mwxg-3qc8/GHSA-28xr-mwxg-3qc8.json"
      }
    }
  ],
  "schema_version": "1.6.0",
  "severity": [
    {
      "type": "CVSS_V3",
      "score": "CVSS:3.1/AV:N/AC:H/PR:N/UI:N/S:U/C:H/I:H/A:H"
    }
  ]
}