{
  "id": "GHSA-49q3-8867-5wmp",
  "summary": "Remote Command Execution in reg-keygen-git-hash-plugin",
  "details": "### Impact\n\n`reg-keygen-git-hash-plugin` through 0.10.15 allow remote attackers to execute of arbitrary commands.\n\n### Patches\n\nUpgrade to version 0.10.16 or later.\n\n### For more information\n\nIf you have any questions or comments about this advisory:\n- Open an issue in [reg-viz/reg-suit](https://github.com/reg-viz/reg-suit)\n",
  "aliases": [
    "CVE-2021-32673"
  ],
  "modified": "2023-11-08T04:05:56.494055Z",
  "published": "2021-06-08T18:47:06Z",
  "database_specific": {
    "nvd_published_at": "2021-06-08T17:15:00Z",
    "github_reviewed_at": "2021-06-08T15:31:31Z",
    "severity": "HIGH",
    "github_reviewed": true,
    "cwe_ids": [
      "CWE-78",
      "CWE-94"
    ]
  },
  "references": [
    {
      "type": "WEB",
      "url": "https://github.com/reg-viz/reg-suit/security/advisories/GHSA-49q3-8867-5wmp"
    },
    {
      "type": "ADVISORY",
      "url": "https://nvd.nist.gov/vuln/detail/CVE-2021-32673"
    },
    {
      "type": "WEB",
      "url": "https://github.com/reg-viz/reg-suit/commit/f84ad9c7a22144d6c147dc175c52756c0f444d87"
    },
    {
      "type": "WEB",
      "url": "https://github.com/reg-viz/reg-suit/releases/tag/v0.10.16"
    },
    {
      "type": "WEB",
      "url": "https://www.npmjs.com/package/reg-keygen-git-hash-plugin"
    }
  ],
  "affected": [
    {
      "package": {
        "name": "reg-keygen-git-hash-plugin",
        "ecosystem": "npm",
        "purl": "pkg:npm/reg-keygen-git-hash-plugin"
      },
      "ranges": [
        {
          "type": "SEMVER",
          "events": [
            {
              "introduced": "0"
            },
            {
              "fixed": "0.10.16"
            }
          ]
        }
      ],
      "database_specific": {
        "source": "https://github.com/github/advisory-database/blob/main/advisories/github-reviewed/2021/06/GHSA-49q3-8867-5wmp/GHSA-49q3-8867-5wmp.json"
      }
    }
  ],
  "schema_version": "1.6.0",
  "severity": [
    {
      "type": "CVSS_V3",
      "score": "CVSS:3.1/AV:A/AC:L/PR:N/UI:N/S:C/C:H/I:L/A:L"
    }
  ]
}