{
  "id": "GHSA-4jjv-p8x9-rrf7",
  "summary": "Joplin Cross-site Scripting vulnerability",
  "details": "Joplin before 2.11.5 allows XSS via an AREA element of an image map.",
  "aliases": [
    "CVE-2023-37299"
  ],
  "modified": "2023-11-08T04:13:01.165170Z",
  "published": "2023-06-30T15:30:22Z",
  "database_specific": {
    "nvd_published_at": "2023-06-30T15:15:09Z",
    "cwe_ids": [
      "CWE-79"
    ],
    "severity": "MODERATE",
    "github_reviewed": true,
    "github_reviewed_at": "2023-06-30T20:39:42Z"
  },
  "references": [
    {
      "type": "ADVISORY",
      "url": "https://nvd.nist.gov/vuln/detail/CVE-2023-37299"
    },
    {
      "type": "WEB",
      "url": "https://github.com/laurent22/joplin/commit/9e90d9016daf79b5414646a93fd369aedb035071"
    },
    {
      "type": "PACKAGE",
      "url": "https://github.com/laurent22/joplin"
    },
    {
      "type": "WEB",
      "url": "https://github.com/laurent22/joplin/releases/tag/v2.11.5"
    },
    {
      "type": "WEB",
      "url": "https://vuln.ryotak.net/advisories/68"
    }
  ],
  "affected": [
    {
      "package": {
        "name": "joplin",
        "ecosystem": "npm",
        "purl": "pkg:npm/joplin"
      },
      "ranges": [
        {
          "type": "SEMVER",
          "events": [
            {
              "introduced": "0"
            },
            {
              "fixed": "2.11.5"
            }
          ]
        }
      ],
      "database_specific": {
        "source": "https://github.com/github/advisory-database/blob/main/advisories/github-reviewed/2023/06/GHSA-4jjv-p8x9-rrf7/GHSA-4jjv-p8x9-rrf7.json"
      }
    }
  ],
  "schema_version": "1.6.0",
  "severity": [
    {
      "type": "CVSS_V3",
      "score": "CVSS:3.1/AV:N/AC:L/PR:N/UI:R/S:C/C:L/I:L/A:N"
    }
  ]
}