{
  "id": "GHSA-2gc6-2h2g-ph48",
  "summary": "Rambox RCE Vulnerability",
  "details": "There is a stored XSS in Rambox 0.6.9 that can lead to code execution. The XSS is in the name field while adding/editing a service. The problem occurs due to incorrect sanitization of the name field when being processed and stored. This allows a user to craft a payload for Node.js and Electron, such as an exec of OS commands within the onerror attribute of an IMG element.",
  "aliases": [
    "CVE-2019-17625"
  ],
  "modified": "2023-11-08T04:01:25.169149Z",
  "published": "2022-05-24T16:58:57Z",
  "database_specific": {
    "nvd_published_at": "2019-10-16T12:15:00Z",
    "cwe_ids": [
      "CWE-78",
      "CWE-79"
    ],
    "severity": "CRITICAL",
    "github_reviewed": true,
    "github_reviewed_at": "2023-07-18T20:31:10Z"
  },
  "references": [
    {
      "type": "ADVISORY",
      "url": "https://nvd.nist.gov/vuln/detail/CVE-2019-17625"
    },
    {
      "type": "WEB",
      "url": "https://github.com/Ekultek/CVE-2019-17625"
    },
    {
      "type": "WEB",
      "url": "https://github.com/ramboxapp/community-edition"
    },
    {
      "type": "WEB",
      "url": "https://web.archive.org/web/20211209122051/https://github.com/ramboxapp/community-edition/issues/2418"
    }
  ],
  "affected": [
    {
      "package": {
        "name": "Rambox",
        "ecosystem": "npm",
        "purl": "pkg:npm/Rambox"
      },
      "ranges": [
        {
          "type": "SEMVER",
          "events": [
            {
              "introduced": "0"
            },
            {
              "last_affected": "0.6.9"
            }
          ]
        }
      ],
      "database_specific": {
        "source": "https://github.com/github/advisory-database/blob/main/advisories/github-reviewed/2022/05/GHSA-2gc6-2h2g-ph48/GHSA-2gc6-2h2g-ph48.json"
      }
    }
  ],
  "schema_version": "1.6.0",
  "severity": [
    {
      "type": "CVSS_V3",
      "score": "CVSS:3.1/AV:N/AC:L/PR:L/UI:R/S:C/C:H/I:H/A:H"
    }
  ]
}