{
  "id": "GHSA-43vf-2x6g-p2m5",
  "summary": "Malicious Package in browserift",
  "details": "Version 16.3.3 of `browserift` contained malicious code as a preinstall script. The package was a backdoor that opened a connection to a remote server and executed incoming commands on both Unix and Windows machines\n\n\n## Recommendation\n\nAny computer that has this package installed or running should be considered fully compromised. All secrets and keys stored on that computer should be rotated immediately from a different computer.\n\nThe package should be removed, but as full control of the computer may have been given to an outside entity, there is no guarantee that removing the package will remove all malicious software resulting from installing it.",
  "modified": "2021-09-30T21:37:54Z",
  "published": "2020-09-02T21:33:26Z",
  "database_specific": {
    "nvd_published_at": null,
    "github_reviewed_at": "2020-08-31T18:39:52Z",
    "severity": "CRITICAL",
    "github_reviewed": true,
    "cwe_ids": [
      "CWE-506"
    ]
  },
  "references": [
    {
      "type": "WEB",
      "url": "https://www.npmjs.com/advisories/900"
    }
  ],
  "affected": [
    {
      "package": {
        "name": "browserift",
        "ecosystem": "npm",
        "purl": "pkg:npm/browserift"
      },
      "ranges": [
        {
          "type": "SEMVER",
          "events": [
            {
              "introduced": "0"
            }
          ]
        }
      ],
      "database_specific": {
        "source": "https://github.com/github/advisory-database/blob/main/advisories/github-reviewed/2020/09/GHSA-43vf-2x6g-p2m5/GHSA-43vf-2x6g-p2m5.json"
      }
    }
  ],
  "schema_version": "1.6.0",
  "severity": [
    {
      "type": "CVSS_V3",
      "score": "CVSS:3.1/AV:N/AC:L/PR:N/UI:N/S:U/C:H/I:H/A:H"
    }
  ]
}