{
  "id": "GHSA-3r9x-mjrm-2725",
  "summary": "Prototype pollution vulnerability in 'libnested'",
  "details": "Prototype pollution vulnerability in 'libnested' versions 0.0.0 through 1.5.0 allows an attacker to cause a denial of service and may lead to remote code execution.",
  "aliases": [
    "CVE-2020-28283"
  ],
  "modified": "2023-11-08T04:03:25.014908Z",
  "published": "2021-10-12T16:27:02Z",
  "database_specific": {
    "nvd_published_at": "2020-12-29T18:15:00Z",
    "github_reviewed_at": "2021-10-08T22:09:39Z",
    "severity": "CRITICAL",
    "github_reviewed": true,
    "cwe_ids": []
  },
  "references": [
    {
      "type": "ADVISORY",
      "url": "https://nvd.nist.gov/vuln/detail/CVE-2020-28283"
    },
    {
      "type": "PACKAGE",
      "url": "https://github.com/dominictarr/libnested"
    },
    {
      "type": "WEB",
      "url": "https://github.com/dominictarr/libnested/blob/d028a1b0f2e5f16fc28e568f52b936ae0bca0647/index.js#L27"
    },
    {
      "type": "WEB",
      "url": "https://www.whitesourcesoftware.com/vulnerability-database/CVE-2020-28284"
    }
  ],
  "affected": [
    {
      "package": {
        "name": "libnested",
        "ecosystem": "npm",
        "purl": "pkg:npm/libnested"
      },
      "ranges": [
        {
          "type": "SEMVER",
          "events": [
            {
              "introduced": "0.0.0"
            },
            {
              "last_affected": "1.5.0"
            }
          ]
        }
      ],
      "database_specific": {
        "source": "https://github.com/github/advisory-database/blob/main/advisories/github-reviewed/2021/10/GHSA-3r9x-mjrm-2725/GHSA-3r9x-mjrm-2725.json"
      }
    }
  ],
  "schema_version": "1.6.0",
  "severity": [
    {
      "type": "CVSS_V3",
      "score": "CVSS:3.1/AV:N/AC:L/PR:N/UI:N/S:U/C:H/I:H/A:H"
    }
  ]
}