{
  "id": "GHSA-297x-8xj4-vcxv",
  "summary": "Improper Control of Generation of Code in doT",
  "details": "The dot package v1.1.2 uses Function() to compile templates. This can be exploited by the attacker if they can control the given template or if they can control the value set on Object.prototype.",
  "aliases": [
    "CVE-2020-8141"
  ],
  "modified": "2023-11-08T04:04:14.259926Z",
  "published": "2022-05-24T17:11:32Z",
  "database_specific": {
    "nvd_published_at": "2020-03-15T18:15:00Z",
    "github_reviewed_at": "2022-06-23T06:55:22Z",
    "severity": "HIGH",
    "github_reviewed": true,
    "cwe_ids": [
      "CWE-94"
    ]
  },
  "references": [
    {
      "type": "ADVISORY",
      "url": "https://nvd.nist.gov/vuln/detail/CVE-2020-8141"
    },
    {
      "type": "WEB",
      "url": "https://hackerone.com/reports/390929"
    }
  ],
  "affected": [
    {
      "package": {
        "name": "dot",
        "ecosystem": "npm",
        "purl": "pkg:npm/dot"
      },
      "ranges": [
        {
          "type": "SEMVER",
          "events": [
            {
              "introduced": "0"
            },
            {
              "fixed": "1.1.3"
            }
          ]
        }
      ],
      "database_specific": {
        "last_known_affected_version_range": "<= 1.1.2",
        "source": "https://github.com/github/advisory-database/blob/main/advisories/github-reviewed/2022/05/GHSA-297x-8xj4-vcxv/GHSA-297x-8xj4-vcxv.json"
      }
    }
  ],
  "schema_version": "1.6.0",
  "severity": [
    {
      "type": "CVSS_V3",
      "score": "CVSS:3.1/AV:N/AC:L/PR:L/UI:N/S:U/C:H/I:H/A:H"
    }
  ]
}