{
  "id": "GHSA-2m8v-572m-ff2v",
  "summary": "Command Injection Vulnerability",
  "details": "### Impact\ncommand injection vulnerability\n\n### Patches\nProblem was fixed with a parameter check. Please upgrade to version >= 5.3.1\n\n### Workarounds\nIf you cannot upgrade, be sure to check or sanitize service parameters that are passed to si.inetLatency(), si.inetChecksite(), si.services(), si.processLoad() ... do only allow strings, reject any arrays. String sanitation works as expected.",
  "aliases": [
    "CVE-2021-21315"
  ],
  "modified": "2024-07-25T15:00:42Z",
  "published": "2021-02-16T16:51:04Z",
  "database_specific": {
    "nvd_published_at": "2021-02-16T17:15:00Z",
    "cwe_ids": [
      "CWE-78"
    ],
    "severity": "HIGH",
    "github_reviewed": true,
    "github_reviewed_at": "2021-02-16T16:50:49Z"
  },
  "references": [
    {
      "type": "WEB",
      "url": "https://github.com/sebhildebrandt/systeminformation/security/advisories/GHSA-2m8v-572m-ff2v"
    },
    {
      "type": "ADVISORY",
      "url": "https://nvd.nist.gov/vuln/detail/CVE-2021-21315"
    },
    {
      "type": "WEB",
      "url": "https://github.com/sebhildebrandt/systeminformation/commit/07daa05fb06f24f96297abaa30c2ace8bfd8b525"
    },
    {
      "type": "WEB",
      "url": "https://lists.apache.org/thread.html/r8afea9a83ed568f2647cccc6d8d06126f9815715ddf9a4d479b26b05%40%3Cissues.cordova.apache.org%3E"
    },
    {
      "type": "WEB",
      "url": "https://lists.apache.org/thread.html/r8afea9a83ed568f2647cccc6d8d06126f9815715ddf9a4d479b26b05@%3Cissues.cordova.apache.org%3E"
    },
    {
      "type": "WEB",
      "url": "https://security.netapp.com/advisory/ntap-20210312-0007"
    },
    {
      "type": "WEB",
      "url": "https://www.npmjs.com/package/systeminformation"
    }
  ],
  "affected": [
    {
      "package": {
        "name": "systeminformation",
        "ecosystem": "npm",
        "purl": "pkg:npm/systeminformation"
      },
      "ranges": [
        {
          "type": "SEMVER",
          "events": [
            {
              "introduced": "0"
            },
            {
              "fixed": "5.3.1"
            }
          ]
        }
      ],
      "database_specific": {
        "source": "https://github.com/github/advisory-database/blob/main/advisories/github-reviewed/2021/02/GHSA-2m8v-572m-ff2v/GHSA-2m8v-572m-ff2v.json"
      }
    }
  ],
  "schema_version": "1.6.0",
  "severity": [
    {
      "type": "CVSS_V3",
      "score": "CVSS:3.1/AV:L/AC:L/PR:L/UI:N/S:U/C:H/I:H/A:H"
    }
  ]
}