{
  "id": "GHSA-265q-28rp-chq5",
  "summary": "Insecure Entropy Source - Math.random() in node-uuid",
  "details": "Affected versions of `node-uuid` consistently fall back to using `Math.random` as an entropy source instead of `crypto`, which may result in guessable UUID's.\n\n\n\n## Recommendation\n\nUpdate to version 1.4.4 or later.",
  "aliases": [
    "CVE-2015-8851"
  ],
  "modified": "2023-11-08T03:58:03.317446Z",
  "published": "2020-04-16T03:14:50Z",
  "database_specific": {
    "nvd_published_at": null,
    "github_reviewed_at": "2020-04-16T02:58:22Z",
    "severity": "HIGH",
    "github_reviewed": true,
    "cwe_ids": [
      "CWE-331"
    ]
  },
  "references": [
    {
      "type": "ADVISORY",
      "url": "https://nvd.nist.gov/vuln/detail/CVE-2015-8851"
    },
    {
      "type": "WEB",
      "url": "https://github.com/broofa/node-uuid/issues/108"
    },
    {
      "type": "WEB",
      "url": "https://github.com/broofa/node-uuid/issues/122"
    },
    {
      "type": "WEB",
      "url": "https://github.com/broofa/node-uuid/commit/672f3834ed02c798aa021c618d0a5666c8da000d"
    },
    {
      "type": "WEB",
      "url": "https://bugzilla.redhat.com/show_bug.cgi?id=1327056"
    },
    {
      "type": "WEB",
      "url": "https://www.npmjs.com/advisories/93"
    },
    {
      "type": "WEB",
      "url": "http://www.openwall.com/lists/oss-security/2016/04/13/8"
    }
  ],
  "affected": [
    {
      "package": {
        "name": "node-uuid",
        "ecosystem": "npm",
        "purl": "pkg:npm/node-uuid"
      },
      "ranges": [
        {
          "type": "SEMVER",
          "events": [
            {
              "introduced": "0"
            },
            {
              "fixed": "1.4.4"
            }
          ]
        }
      ],
      "database_specific": {
        "source": "https://github.com/github/advisory-database/blob/main/advisories/github-reviewed/2020/04/GHSA-265q-28rp-chq5/GHSA-265q-28rp-chq5.json"
      }
    }
  ],
  "schema_version": "1.6.0",
  "severity": [
    {
      "type": "CVSS_V3",
      "score": "CVSS:3.1/AV:N/AC:L/PR:N/UI:N/S:U/C:H/I:N/A:N"
    }
  ]
}