{
  "id": "GHSA-2xm2-xj2q-qgpj",
  "summary": "receiving subscription objects with deleted session",
  "details": "Original Message:\nHi,\n\nI create objects with one client with an ACL of all users with a specific column value. Thats working so far.\n\nThen I deleted the session object from one user to look if he can receive subscription objects and he can receive them.\nThe client with the deleted session cant create new objects, which Parse restricts right.\n\nThe LiveQueryServer doesnt detect deleted sessions after the websocket connection was established.\nThere should be a mechanism that checks in an specific interval if the session exists.\nI dont know if its true with expired sessions.\n\nAny solutions?\n\nParse version: 4.3.0\nParse js SDK version: 2.17\n\nSolution:\nHi guys.\n\nI've found and fixed the problem. It happens because there are two caches in place for the session token:\n\n- at Parse Server level, which, according with the docs, should be changed via cacheTTL option and defaults to 5 seconds;\n- at Parse Live Query level, which, according with the docs, should be changed via liveQueryServerOptions.cacheTimeout and defaults to 30 days.\n\nBut there are three problems:\n\n- cacheTTL has currently no effect over Live Query Server;\n- cacheTimeout also has currently no effect over Live Query Server;\n- cacheTimeout actually defaults to 1h.\n\nSo, currently, if you wait 1 hour after the session token was invalidated, the clients using the old session token are not able to receive the events.\n\nWhat I did:\n\n- Added a test case for the problem;\n- Fixed cacheTTL for Live Query Server;\n- Fixed cacheTimeout for Live Query Server;\n- Changed the cacheTimeout to default 5s;\n- Changed the docs to reflect the actual 5s default for cacheTimeout.\n\n",
  "aliases": [
    "BIT-parse-2020-15270",
    "CVE-2020-15270"
  ],
  "modified": "2023-12-06T01:00:17.728571Z",
  "published": "2020-10-27T19:15:19Z",
  "database_specific": {
    "nvd_published_at": "2020-10-22T22:15:00Z",
    "github_reviewed_at": "2020-10-22T21:12:08Z",
    "severity": "MODERATE",
    "github_reviewed": true,
    "cwe_ids": [
      "CWE-672"
    ]
  },
  "references": [
    {
      "type": "WEB",
      "url": "https://github.com/parse-community/parse-server/security/advisories/GHSA-2xm2-xj2q-qgpj"
    },
    {
      "type": "ADVISORY",
      "url": "https://nvd.nist.gov/vuln/detail/CVE-2020-15270"
    },
    {
      "type": "WEB",
      "url": "https://github.com/parse-community/parse-server/commit/78b59fb26b1c36e3cdbd42ba9fec025003267f58"
    },
    {
      "type": "PACKAGE",
      "url": "https://github.com/parse-community/parse-server"
    }
  ],
  "affected": [
    {
      "package": {
        "name": "parse-server",
        "ecosystem": "npm",
        "purl": "pkg:npm/parse-server"
      },
      "ranges": [
        {
          "type": "SEMVER",
          "events": [
            {
              "introduced": "0"
            },
            {
              "fixed": "4.4.0"
            }
          ]
        }
      ],
      "database_specific": {
        "source": "https://github.com/github/advisory-database/blob/main/advisories/github-reviewed/2020/10/GHSA-2xm2-xj2q-qgpj/GHSA-2xm2-xj2q-qgpj.json"
      }
    }
  ],
  "schema_version": "1.6.0",
  "severity": [
    {
      "type": "CVSS_V3",
      "score": "CVSS:3.1/AV:N/AC:L/PR:L/UI:N/S:U/C:L/I:N/A:N"
    }
  ]
}