{
  "id": "GHSA-39q4-p535-c852",
  "summary": "Uncontrolled Resource Consumption in locutus",
  "details": "The package locutus before 2.0.15 is vulnerable to Regular Expression Denial of Service (ReDoS) via the gopher_parsedir function.",
  "aliases": [
    "CVE-2021-23392",
    "SNYK-JS-LOCUTUS-1090597"
  ],
  "modified": "2023-11-08T04:05:06.966773Z",
  "published": "2021-06-10T17:25:05Z",
  "database_specific": {
    "nvd_published_at": "2021-06-08T08:15:00Z",
    "cwe_ids": [
      "CWE-400"
    ],
    "severity": "HIGH",
    "github_reviewed": true,
    "github_reviewed_at": "2021-06-09T20:22:09Z"
  },
  "references": [
    {
      "type": "ADVISORY",
      "url": "https://nvd.nist.gov/vuln/detail/CVE-2021-23392"
    },
    {
      "type": "WEB",
      "url": "https://github.com/locutusjs/locutus/pull/446"
    },
    {
      "type": "WEB",
      "url": "https://github.com/locutusjs/locutus/commit/eb863321990e7e5514aa14f68b8d9978ece9e65e"
    },
    {
      "type": "WEB",
      "url": "https://snyk.io/vuln/SNYK-JS-LOCUTUS-1090597"
    }
  ],
  "affected": [
    {
      "package": {
        "name": "locutus",
        "ecosystem": "npm",
        "purl": "pkg:npm/locutus"
      },
      "ranges": [
        {
          "type": "SEMVER",
          "events": [
            {
              "introduced": "0"
            },
            {
              "fixed": "2.0.15"
            }
          ]
        }
      ],
      "database_specific": {
        "source": "https://github.com/github/advisory-database/blob/main/advisories/github-reviewed/2021/06/GHSA-39q4-p535-c852/GHSA-39q4-p535-c852.json"
      }
    }
  ],
  "schema_version": "1.6.0",
  "severity": [
    {
      "type": "CVSS_V3",
      "score": "CVSS:3.1/AV:N/AC:L/PR:N/UI:N/S:U/C:N/I:N/A:H"
    }
  ]
}