{
  "id": "GHSA-32fw-9wq8-9x9c",
  "summary": "node-latex-pdf is susceptible to command injection",
  "details": "A command injection vulnerability affects all versions of the package node-latex-pdf.",
  "aliases": [
    "CVE-2020-28433"
  ],
  "modified": "2023-11-08T04:03:25.864154Z",
  "published": "2022-08-03T00:00:57Z",
  "database_specific": {
    "nvd_published_at": "2022-08-02T14:15:00Z",
    "github_reviewed_at": "2022-08-10T18:14:29Z",
    "severity": "CRITICAL",
    "github_reviewed": true,
    "cwe_ids": [
      "CWE-77"
    ]
  },
  "references": [
    {
      "type": "ADVISORY",
      "url": "https://nvd.nist.gov/vuln/detail/CVE-2020-28433"
    },
    {
      "type": "PACKAGE",
      "url": "https://github.com/toolbuddy/node-latex-pdf"
    },
    {
      "type": "WEB",
      "url": "https://security.snyk.io/vuln/SNYK-JS-NODELATEXPDF-1050426"
    }
  ],
  "affected": [
    {
      "package": {
        "name": "node-latex-pdf",
        "ecosystem": "npm",
        "purl": "pkg:npm/node-latex-pdf"
      },
      "ranges": [
        {
          "type": "SEMVER",
          "events": [
            {
              "introduced": "0"
            },
            {
              "last_affected": "0.0.2"
            }
          ]
        }
      ],
      "database_specific": {
        "source": "https://github.com/github/advisory-database/blob/main/advisories/github-reviewed/2022/08/GHSA-32fw-9wq8-9x9c/GHSA-32fw-9wq8-9x9c.json"
      }
    }
  ],
  "schema_version": "1.6.0",
  "severity": [
    {
      "type": "CVSS_V3",
      "score": "CVSS:3.1/AV:N/AC:L/PR:N/UI:N/S:U/C:H/I:H/A:H"
    }
  ]
}