{
  "id": "GHSA-49c6-3wr4-8jr4",
  "summary": "Malicious Package in malicious-npm-package",
  "details": "All versions of `malicious-npm-package` contain malicious code. The malware targets Windows systems. It runs a powershell command that downloads an executable file from a remote server and runs it.\n\n\n## Recommendation\n\nAny computer that has this package installed or running should be considered fully compromised. All secrets and keys stored on that computer should be rotated immediately from a different computer.\n\nThe package should be removed, but as full control of the computer may have been given to an outside entity, there is no guarantee that removing the package will remove all malicious software resulting from installing it.",
  "modified": "2021-10-01T20:07:48Z",
  "published": "2020-09-04T15:05:26Z",
  "database_specific": {
    "nvd_published_at": null,
    "github_reviewed_at": "2020-08-31T18:55:09Z",
    "severity": "CRITICAL",
    "github_reviewed": true,
    "cwe_ids": [
      "CWE-506"
    ]
  },
  "references": [
    {
      "type": "WEB",
      "url": "https://www.npmjs.com/advisories/1323"
    }
  ],
  "affected": [
    {
      "package": {
        "name": "malicious-npm-package",
        "ecosystem": "npm",
        "purl": "pkg:npm/malicious-npm-package"
      },
      "ranges": [
        {
          "type": "SEMVER",
          "events": [
            {
              "introduced": "0.0.0"
            }
          ]
        }
      ],
      "database_specific": {
        "source": "https://github.com/github/advisory-database/blob/main/advisories/github-reviewed/2020/09/GHSA-49c6-3wr4-8jr4/GHSA-49c6-3wr4-8jr4.json"
      }
    }
  ],
  "schema_version": "1.6.0",
  "severity": [
    {
      "type": "CVSS_V3",
      "score": "CVSS:3.1/AV:N/AC:L/PR:N/UI:N/S:U/C:H/I:H/A:H"
    }
  ]
}