{
  "id": "GHSA-35w3-6qhc-474v",
  "summary": "@workos-inc/authkit-nextjs session replay vulnerability",
  "details": "### Impact\n\nA user can reuse an expired session by controlling the `x-workos-session` header.\n\n### Patches\n\nPatched in https://github.com/workos/authkit-nextjs/releases/tag/v0.4.2",
  "aliases": [
    "CVE-2024-29901"
  ],
  "modified": "2024-03-29T20:41:57.904128Z",
  "published": "2024-03-29T20:16:00Z",
  "database_specific": {
    "nvd_published_at": "2024-03-29T16:15:08Z",
    "cwe_ids": [
      "CWE-294"
    ],
    "severity": "MODERATE",
    "github_reviewed": true,
    "github_reviewed_at": "2024-03-29T20:16:00Z"
  },
  "references": [
    {
      "type": "WEB",
      "url": "https://github.com/workos/authkit-nextjs/security/advisories/GHSA-35w3-6qhc-474v"
    },
    {
      "type": "ADVISORY",
      "url": "https://nvd.nist.gov/vuln/detail/CVE-2024-29901"
    },
    {
      "type": "WEB",
      "url": "https://github.com/workos/authkit-nextjs/commit/6c3f4f3179d66cbb15de3962792083ff3b244a01"
    },
    {
      "type": "PACKAGE",
      "url": "https://github.com/workos/authkit-nextjs"
    },
    {
      "type": "WEB",
      "url": "https://github.com/workos/authkit-nextjs/releases/tag/v0.4.2"
    }
  ],
  "affected": [
    {
      "package": {
        "name": "@workos-inc/authkit-nextjs",
        "ecosystem": "npm",
        "purl": "pkg:npm/%40workos-inc/authkit-nextjs"
      },
      "ranges": [
        {
          "type": "SEMVER",
          "events": [
            {
              "introduced": "0"
            },
            {
              "fixed": "0.4.2"
            }
          ]
        }
      ],
      "database_specific": {
        "source": "https://github.com/github/advisory-database/blob/main/advisories/github-reviewed/2024/03/GHSA-35w3-6qhc-474v/GHSA-35w3-6qhc-474v.json"
      }
    }
  ],
  "schema_version": "1.6.0",
  "severity": [
    {
      "type": "CVSS_V3",
      "score": "CVSS:3.1/AV:N/AC:H/PR:N/UI:N/S:U/C:L/I:L/A:N"
    }
  ]
}