{
  "id": "GHSA-3grc-fgh6-g5gp",
  "summary": "Directory Traversal in http_static_simple",
  "details": "Affected versions of `http_static_simple` resolve relative file paths, resulting in a directory traversal vulnerability. A malicious actor can use this vulnerability to access files outside of the intended directory root, which may result in the disclosure of private files on the vulnerable system.\n\n**Example request:**\n```http\nGET /../../../../../../../../../../etc/passwd HTTP/1.1\nhost:foo\n```\n\n\n## Recommendation\n\nNo patch is available for this vulnerability.\n\nIt is recommended that the package is only used for local development, and if the functionality is needed for production, a different package is used instead.",
  "aliases": [
    "CVE-2017-16134"
  ],
  "modified": "2023-11-08T03:59:06.861381Z",
  "published": "2018-07-23T22:08:39Z",
  "database_specific": {
    "nvd_published_at": null,
    "cwe_ids": [
      "CWE-22"
    ],
    "severity": "HIGH",
    "github_reviewed": true,
    "github_reviewed_at": "2020-06-16T20:55:08Z"
  },
  "references": [
    {
      "type": "ADVISORY",
      "url": "https://nvd.nist.gov/vuln/detail/CVE-2017-16134"
    },
    {
      "type": "WEB",
      "url": "https://github.com/JacksonGL/NPM-Vuln-PoC/blob/master/directory-traversal/http_static_simple"
    },
    {
      "type": "ADVISORY",
      "url": "https://github.com/advisories/GHSA-3grc-fgh6-g5gp"
    },
    {
      "type": "WEB",
      "url": "https://www.npmjs.com/advisories/472"
    }
  ],
  "affected": [
    {
      "package": {
        "name": "http_static_simple",
        "ecosystem": "npm",
        "purl": "pkg:npm/http_static_simple"
      },
      "ranges": [
        {
          "type": "SEMVER",
          "events": [
            {
              "introduced": "0"
            },
            {
              "last_affected": "0.1.1"
            }
          ]
        }
      ],
      "database_specific": {
        "source": "https://github.com/github/advisory-database/blob/main/advisories/github-reviewed/2018/07/GHSA-3grc-fgh6-g5gp/GHSA-3grc-fgh6-g5gp.json"
      }
    }
  ],
  "schema_version": "1.6.0",
  "severity": [
    {
      "type": "CVSS_V3",
      "score": "CVSS:3.0/AV:N/AC:L/PR:N/UI:N/S:U/C:H/I:N/A:N"
    }
  ]
}