{
  "id": "GHSA-2h3h-q99f-3fhc",
  "summary": "@npmcli/arborist vulnerable to UNIX Symbolic Link (Symlink) Following",
  "details": "### Impact\n\nArbitrary File Creation, Arbitrary File Overwrite, Arbitrary Code Execution\n\n`@npmcli/arborist`, the library that calculates dependency trees and manages the `node_modules` folder hierarchy for the npm command line interface, aims to guarantee that package dependency contracts will be met, and the extraction of package contents will always be performed into the expected folder.\n\nThis is, in part, accomplished by resolving dependency specifiers defined in `package.json` manifests for dependencies with a specific name, and nesting folders to resolve conflicting dependencies.\n\nWhen multiple dependencies differ only in the case of their name, Arborist's internal data structure saw them as separate items that could coexist within the same level in the `node_modules` hierarchy.  However, on case-insensitive file systems (such as macOS and Windows), this is not the case.  Combined with a symlink dependency such as `file:/some/path`, this allowed an attacker to create a situation in which arbitrary contents could be written to any location on the filesystem.\n\nFor example, a package `pwn-a` could define a dependency in their `package.json` file such as `\"foo\": \"file:/some/path\"`.  Another package, `pwn-b` could define a dependency such as `FOO: \"file:foo.tgz\"`.  On case-insensitive file systems, if `pwn-a` was installed, and then `pwn-b` was installed afterwards, the contents of `foo.tgz` would be written to `/some/path`, and any existing contents of `/some/path` would be removed.\n\nAnyone using npm v7.20.6 or earlier on a case-insensitive filesystem is potentially affected.\n\n### Patches\n\n2.8.2 (included in npm v7.20.7 and above)\n\n### Fix and Caveats\n\nThere are two parts to the fix:\n\n1. Immediately prior to extraction, if the target folder is not a directory, it is moved aside.  (If the installation fails, filesystem entries moved aside in this manner are moved back as part of the rollback process.)\n2. The `children` map that represents child nodes in the tree is replaced with a case-insensitive map object, such that `node.children.get('foo')` and `node.children.get('FOO')` will return the same object, enabling Arborist to detect and handle this class of tree collision.\n\nThis second item imposes a caveat on case _sensitive_ filesystems where two packages with names which differ only in case may already exist at the same level in the tree, causing unpredictable behavior in this rare edge case.  Note that in such cases, the `package-lock.json` already creates a situation which is hazardous to use on case-sensitive filesystems, and will likely lead to other problems.\n\nIf affected by this caveat, please run `npm update` to rebuild your tree and generate a new `package-lock.json` file.",
  "aliases": [
    "CVE-2021-39134"
  ],
  "modified": "2023-11-08T04:06:30.167192Z",
  "published": "2021-08-31T16:04:03Z",
  "database_specific": {
    "nvd_published_at": "2021-08-31T17:15:00Z",
    "github_reviewed_at": "2021-08-31T16:02:46Z",
    "severity": "HIGH",
    "github_reviewed": true,
    "cwe_ids": [
      "CWE-178",
      "CWE-59",
      "CWE-61"
    ]
  },
  "references": [
    {
      "type": "WEB",
      "url": "https://github.com/npm/arborist/security/advisories/GHSA-2h3h-q99f-3fhc"
    },
    {
      "type": "ADVISORY",
      "url": "https://nvd.nist.gov/vuln/detail/CVE-2021-39134"
    },
    {
      "type": "WEB",
      "url": "https://cert-portal.siemens.com/productcert/pdf/ssa-389290.pdf"
    },
    {
      "type": "PACKAGE",
      "url": "https://github.com/npm/arborist"
    },
    {
      "type": "WEB",
      "url": "https://www.npmjs.com/package/@npmcli/arborist"
    },
    {
      "type": "WEB",
      "url": "https://www.oracle.com/security-alerts/cpuoct2021.html"
    }
  ],
  "affected": [
    {
      "package": {
        "name": "@npmcli/arborist",
        "ecosystem": "npm",
        "purl": "pkg:npm/%40npmcli/arborist"
      },
      "ranges": [
        {
          "type": "SEMVER",
          "events": [
            {
              "introduced": "0"
            },
            {
              "fixed": "2.8.2"
            }
          ]
        }
      ],
      "database_specific": {
        "source": "https://github.com/github/advisory-database/blob/main/advisories/github-reviewed/2021/08/GHSA-2h3h-q99f-3fhc/GHSA-2h3h-q99f-3fhc.json"
      }
    }
  ],
  "schema_version": "1.6.0",
  "severity": [
    {
      "type": "CVSS_V3",
      "score": "CVSS:3.1/AV:L/AC:L/PR:N/UI:R/S:C/C:H/I:H/A:N"
    }
  ]
}