{
  "id": "GHSA-2p62-c4rm-mr72",
  "summary": "Malicious Package in another-date-picker",
  "details": "Version 2.0.43 of `another-date-picker` contained malicious code. The code when executed in the browser would enumerate password, cvc, cardnumber fields from forms and send the extracted values to `https://js-metrics.com/minjs.php?pl=`\n\n\n\n## Recommendation\n\nIf version 2.0.43 of this module is found installed you will want to replace it with a version before or after 2.0.43. In addition to replacing the installed module, you will also want to evaluate your application to determine whether or not user data was compromised.",
  "modified": "2023-12-07T22:04:42Z",
  "published": "2020-09-01T19:44:57Z",
  "database_specific": {
    "nvd_published_at": null,
    "cwe_ids": [
      "CWE-506"
    ],
    "severity": "CRITICAL",
    "github_reviewed": true,
    "github_reviewed_at": "2020-08-31T18:30:01Z"
  },
  "references": [
    {
      "type": "WEB",
      "url": "https://github.com/bi-a/mydatepicker"
    },
    {
      "type": "PACKAGE",
      "url": "https://github.com/kekeh/mydatepicker"
    },
    {
      "type": "WEB",
      "url": "https://snyk.io/vuln/SNYK-JS-ANOTHERDATEPICKER-451013"
    },
    {
      "type": "WEB",
      "url": "https://www.npmjs.com/advisories/616"
    }
  ],
  "affected": [
    {
      "package": {
        "name": "another-date-picker",
        "ecosystem": "npm",
        "purl": "pkg:npm/another-date-picker"
      },
      "ranges": [
        {
          "type": "SEMVER",
          "events": [
            {
              "introduced": "2.0.43"
            },
            {
              "fixed": "2.0.45"
            }
          ]
        }
      ],
      "versions": [
        "2.0.43"
      ],
      "database_specific": {
        "source": "https://github.com/github/advisory-database/blob/main/advisories/github-reviewed/2020/09/GHSA-2p62-c4rm-mr72/GHSA-2p62-c4rm-mr72.json"
      }
    }
  ],
  "schema_version": "1.6.0",
  "severity": [
    {
      "type": "CVSS_V3",
      "score": "CVSS:3.1/AV:N/AC:L/PR:N/UI:N/S:U/C:H/I:H/A:H"
    }
  ]
}