{
  "id": "GHSA-2rmr-xw8m-22q9",
  "summary": "Sentry Next.js vulnerable to SSRF via Next.js SDK tunnel endpoint",
  "details": "### Impact\nAn unsanitized input of Next.js SDK tunnel endpoint allows sending HTTP requests to arbitrary URLs and reflecting the response back to the user. This could open door for other attack vectors:\n* client-side vulnerabilities: XSS/CSRF in the context of the trusted domain;\n* interaction with internal network;\n* read cloud metadata endpoints (AWS, Azure, Google Cloud, etc.);\n* local/remote port scan.\n\nThis issue only affects users who have [Next.js SDK tunneling feature](https://docs.sentry.io/platforms/javascript/guides/nextjs/manual-setup/#configure-tunneling-to-avoid-ad-blockers) enabled.\n\n### Patches\nThe problem has been fixed in [sentry/nextjs@7.77.0](https://www.npmjs.com/package/@sentry/nextjs/v/7.77.0)\n\n### Workarounds\nDisable tunneling by removing the `tunnelRoute` option from Sentry Next.js SDK config \u2014 `next.config.js` or `next.config.mjs`.\n\n### References\n* [Sentry Next.js tunneling feature](https://docs.sentry.io/platforms/javascript/guides/nextjs/manual-setup/#configure-tunneling-to-avoid-ad-blockers)\n* [The fix](https://github.com/getsentry/sentry-javascript/pull/9415)\n* [More Information](https://blog.sentry.io/next-js-sdk-security-advisory-cve-2023-46729/)\n\n### Credits\n* [Praveen Kumar](https://hackerone.com/mr_x_strange)",
  "aliases": [
    "CVE-2023-46729"
  ],
  "modified": "2023-11-17T21:55:44Z",
  "published": "2023-11-09T22:03:44Z",
  "database_specific": {
    "nvd_published_at": "2023-11-10T01:15:07Z",
    "cwe_ids": [
      "CWE-918"
    ],
    "severity": "MODERATE",
    "github_reviewed": true,
    "github_reviewed_at": "2023-11-09T22:03:44Z"
  },
  "references": [
    {
      "type": "WEB",
      "url": "https://github.com/getsentry/sentry-javascript/security/advisories/GHSA-2rmr-xw8m-22q9"
    },
    {
      "type": "ADVISORY",
      "url": "https://nvd.nist.gov/vuln/detail/CVE-2023-46729"
    },
    {
      "type": "WEB",
      "url": "https://github.com/getsentry/sentry-javascript/pull/9415"
    },
    {
      "type": "WEB",
      "url": "https://github.com/getsentry/sentry-javascript/commit/ddbda3c02c35aba8c5235e0cf07fc5bf656f81be"
    },
    {
      "type": "WEB",
      "url": "https://blog.sentry.io/next-js-sdk-security-advisory-cve-2023-46729"
    },
    {
      "type": "WEB",
      "url": "https://docs.sentry.io/platforms/javascript/guides/nextjs/manual-setup/#configure-tunneling-to-avoid-ad-blockers"
    },
    {
      "type": "PACKAGE",
      "url": "https://github.com/getsentry/sentry-javascript"
    },
    {
      "type": "WEB",
      "url": "https://www.npmjs.com/package/@sentry/nextjs/v/7.77.0"
    }
  ],
  "affected": [
    {
      "package": {
        "name": "@sentry/nextjs",
        "ecosystem": "npm",
        "purl": "pkg:npm/%40sentry/nextjs"
      },
      "ranges": [
        {
          "type": "SEMVER",
          "events": [
            {
              "introduced": "7.26.0"
            },
            {
              "fixed": "7.77.0"
            }
          ]
        }
      ],
      "database_specific": {
        "source": "https://github.com/github/advisory-database/blob/main/advisories/github-reviewed/2023/11/GHSA-2rmr-xw8m-22q9/GHSA-2rmr-xw8m-22q9.json"
      }
    }
  ],
  "schema_version": "1.6.0",
  "severity": [
    {
      "type": "CVSS_V3",
      "score": "CVSS:3.1/AV:N/AC:L/PR:N/UI:R/S:C/C:L/I:L/A:N"
    }
  ]
}