{
  "id": "GHSA-2fmp-7xwf-wvwr",
  "summary": "Arbitrary File Read in Snyk Broker",
  "details": "All versions of snyk-broker after 4.72.0 including and before 4.73.1 are vulnerable to Arbitrary File Read. It allows arbitrary file reads to users with access to Snyk's internal network of any files ending in the following extensions: yaml, yml or json.",
  "aliases": [
    "CVE-2020-7650"
  ],
  "modified": "2024-05-19T02:24:18.207019Z",
  "published": "2020-06-03T22:02:16Z",
  "database_specific": {
    "nvd_published_at": "2020-05-29T22:15:00Z",
    "github_reviewed_at": "2020-06-01T19:41:38Z",
    "severity": "MODERATE",
    "github_reviewed": true,
    "cwe_ids": [
      "CWE-22"
    ]
  },
  "references": [
    {
      "type": "ADVISORY",
      "url": "https://nvd.nist.gov/vuln/detail/CVE-2020-7650"
    },
    {
      "type": "WEB",
      "url": "https://snyk.io/vuln/SNYK-JS-SNYKBROKER-570609"
    },
    {
      "type": "WEB",
      "url": "https://updates.snyk.io/snyk-broker-security-fixes-152338"
    }
  ],
  "affected": [
    {
      "package": {
        "name": "snyk-broker",
        "ecosystem": "npm",
        "purl": "pkg:npm/snyk-broker"
      },
      "ranges": [
        {
          "type": "SEMVER",
          "events": [
            {
              "introduced": "0"
            },
            {
              "fixed": "4.73.1"
            }
          ]
        }
      ],
      "database_specific": {
        "source": "https://github.com/github/advisory-database/blob/main/advisories/github-reviewed/2020/06/GHSA-2fmp-7xwf-wvwr/GHSA-2fmp-7xwf-wvwr.json"
      }
    }
  ],
  "schema_version": "1.6.0",
  "severity": [
    {
      "type": "CVSS_V3",
      "score": "CVSS:3.1/AV:N/AC:L/PR:L/UI:N/S:U/C:H/I:N/A:N"
    }
  ]
}