{
  "id": "GHSA-28v4-jf82-jvj8",
  "summary": "steal vulnerable to Regular Expression Denial of Service via source and sourceWithComments",
  "details": "A Regular Expression Denial of Service (ReDoS) flaw was found in stealjs steal via the source and sourceWithComments variable in main.js.",
  "aliases": [
    "CVE-2022-37262"
  ],
  "modified": "2023-11-08T04:10:07.618463Z",
  "published": "2022-09-16T00:00:36Z",
  "database_specific": {
    "nvd_published_at": "2022-09-15T16:15:00Z",
    "cwe_ids": [
      "CWE-1333"
    ],
    "severity": "HIGH",
    "github_reviewed": true,
    "github_reviewed_at": "2022-09-21T21:07:52Z"
  },
  "references": [
    {
      "type": "ADVISORY",
      "url": "https://nvd.nist.gov/vuln/detail/CVE-2022-37262"
    },
    {
      "type": "WEB",
      "url": "https://github.com/stealjs/steal/issues/1531"
    },
    {
      "type": "PACKAGE",
      "url": "https://github.com/stealjs/steal"
    },
    {
      "type": "WEB",
      "url": "https://github.com/stealjs/steal/blob/c9dd1eb19ed3f97aeb93cf9dcea5d68ad5d0ced9/main.js#L3497"
    },
    {
      "type": "WEB",
      "url": "https://github.com/stealjs/steal/blob/c9dd1eb19ed3f97aeb93cf9dcea5d68ad5d0ced9/main.js#L3507"
    }
  ],
  "affected": [
    {
      "package": {
        "name": "steal",
        "ecosystem": "npm",
        "purl": "pkg:npm/steal"
      },
      "ranges": [
        {
          "type": "SEMVER",
          "events": [
            {
              "introduced": "0"
            },
            {
              "last_affected": "2.3.0"
            }
          ]
        }
      ],
      "database_specific": {
        "source": "https://github.com/github/advisory-database/blob/main/advisories/github-reviewed/2022/09/GHSA-28v4-jf82-jvj8/GHSA-28v4-jf82-jvj8.json"
      }
    }
  ],
  "schema_version": "1.6.0",
  "severity": [
    {
      "type": "CVSS_V3",
      "score": "CVSS:3.1/AV:N/AC:L/PR:N/UI:N/S:U/C:N/I:N/A:H"
    }
  ]
}