{
  "id": "GHSA-39pj-gq8q-9pfj",
  "summary": "Authentication Weakness in keystone",
  "details": "Versions of `keystone` prior to 0.3.16 are affected by a partial authentication bypass vulnerability. In the default sign in functionality, if an attacker provides a full and correct password, yet only provides part of the associated email address, authentication will be granted.\n\n\n## Recommendation\n\nUpdate to version 0.3.16 or later.",
  "aliases": [
    "CVE-2015-9240"
  ],
  "modified": "2023-11-08T03:58:04.368418Z",
  "published": "2018-06-07T19:43:20Z",
  "database_specific": {
    "nvd_published_at": null,
    "github_reviewed_at": "2020-06-16T20:54:41Z",
    "severity": "HIGH",
    "github_reviewed": true,
    "cwe_ids": [
      "CWE-1255"
    ]
  },
  "references": [
    {
      "type": "ADVISORY",
      "url": "https://nvd.nist.gov/vuln/detail/CVE-2015-9240"
    },
    {
      "type": "ADVISORY",
      "url": "https://github.com/advisories/GHSA-39pj-gq8q-9pfj"
    },
    {
      "type": "WEB",
      "url": "https://www.npmjs.com/advisories/60"
    },
    {
      "type": "WEB",
      "url": "https://www.npmjs.com/package/keystone"
    }
  ],
  "affected": [
    {
      "package": {
        "name": "keystone",
        "ecosystem": "npm",
        "purl": "pkg:npm/keystone"
      },
      "ranges": [
        {
          "type": "SEMVER",
          "events": [
            {
              "introduced": "0"
            },
            {
              "fixed": "0.3.16"
            }
          ]
        }
      ],
      "database_specific": {
        "source": "https://github.com/github/advisory-database/blob/main/advisories/github-reviewed/2018/06/GHSA-39pj-gq8q-9pfj/GHSA-39pj-gq8q-9pfj.json"
      }
    }
  ],
  "schema_version": "1.6.0",
  "severity": [
    {
      "type": "CVSS_V3",
      "score": "CVSS:3.0/AV:N/AC:L/PR:N/UI:N/S:U/C:N/I:H/A:N"
    }
  ]
}