{
  "id": "GHSA-39qv-prmh-x37f",
  "summary": "Prototype Pollution in @strikeentco/set",
  "details": "This affects the package @strikeentco/set before 1.0.2. It allows an attacker to cause a denial of service and may lead to remote code execution. **Note:** This vulnerability derives from an incomplete fix in https://security.snyk.io/vuln/SNYK-JS-STRIKEENTCOSET-1038821",
  "aliases": [
    "CVE-2021-23497",
    "SNYK-JS-STRIKEENTCOSET-2385945"
  ],
  "modified": "2023-11-08T04:05:11.015855Z",
  "published": "2022-02-05T00:00:26Z",
  "database_specific": {
    "nvd_published_at": "2022-02-04T20:15:00Z",
    "cwe_ids": [
      "CWE-1321"
    ],
    "severity": "HIGH",
    "github_reviewed": true,
    "github_reviewed_at": "2022-02-07T17:19:41Z"
  },
  "references": [
    {
      "type": "ADVISORY",
      "url": "https://nvd.nist.gov/vuln/detail/CVE-2021-23497"
    },
    {
      "type": "WEB",
      "url": "https://github.com/strikeentco/set/commit/b2f942c"
    },
    {
      "type": "WEB",
      "url": "https://github.com/strikeentco/set"
    },
    {
      "type": "WEB",
      "url": "https://security.snyk.io/vuln/SNYK-JS-STRIKEENTCOSET-1038821"
    },
    {
      "type": "WEB",
      "url": "https://snyk.io/blog/remediate-javascript-type-confusion-bypassed-input-validation"
    },
    {
      "type": "WEB",
      "url": "https://snyk.io/vuln/SNYK-JS-STRIKEENTCOSET-2385945"
    }
  ],
  "affected": [
    {
      "package": {
        "name": "@strikeentco/set",
        "ecosystem": "npm",
        "purl": "pkg:npm/%40strikeentco/set"
      },
      "ranges": [
        {
          "type": "SEMVER",
          "events": [
            {
              "introduced": "0"
            },
            {
              "fixed": "1.0.2"
            }
          ]
        }
      ],
      "database_specific": {
        "source": "https://github.com/github/advisory-database/blob/main/advisories/github-reviewed/2022/02/GHSA-39qv-prmh-x37f/GHSA-39qv-prmh-x37f.json"
      }
    }
  ],
  "schema_version": "1.6.0",
  "severity": [
    {
      "type": "CVSS_V3",
      "score": "CVSS:3.1/AV:N/AC:L/PR:N/UI:N/S:U/C:N/I:N/A:H"
    }
  ]
}