{
  "id": "GHSA-3vg2-4qxc-ch4j",
  "summary": "Directory Traversal in unicorn-list",
  "details": "Affected versions of `unicorn-list` resolve relative file paths, resulting in a directory traversal vulnerability. A malicious actor can use this vulnerability to access files outside of the intended directory root, which may result in the disclosure of private files on the vulnerable system.\n\n**Example request:**\n```http\nGET /../../../../../../../../../../etc/passwd HTTP/1.1\nhost:foo\n```\n\n\n## Recommendation\n\nNo patch is available for this vulnerability.\n\nIt is recommended that the package is only used for local development, and if the functionality is needed for production, a different package is used instead.",
  "aliases": [
    "CVE-2017-16131"
  ],
  "modified": "2023-11-08T03:59:06.678890Z",
  "published": "2018-07-23T20:49:38Z",
  "database_specific": {
    "nvd_published_at": null,
    "cwe_ids": [
      "CWE-22"
    ],
    "severity": "HIGH",
    "github_reviewed": true,
    "github_reviewed_at": "2020-06-16T20:56:32Z"
  },
  "references": [
    {
      "type": "ADVISORY",
      "url": "https://nvd.nist.gov/vuln/detail/CVE-2017-16131"
    },
    {
      "type": "WEB",
      "url": "https://github.com/JacksonGL/NPM-Vuln-PoC/blob/master/directory-traversal/unicorn-list"
    },
    {
      "type": "ADVISORY",
      "url": "https://github.com/advisories/GHSA-3vg2-4qxc-ch4j"
    },
    {
      "type": "WEB",
      "url": "https://www.npmjs.com/advisories/477"
    }
  ],
  "affected": [
    {
      "package": {
        "name": "unicorn-list",
        "ecosystem": "npm",
        "purl": "pkg:npm/unicorn-list"
      },
      "ranges": [
        {
          "type": "SEMVER",
          "events": [
            {
              "introduced": "0"
            },
            {
              "last_affected": "1.0.4"
            }
          ]
        }
      ],
      "database_specific": {
        "source": "https://github.com/github/advisory-database/blob/main/advisories/github-reviewed/2018/07/GHSA-3vg2-4qxc-ch4j/GHSA-3vg2-4qxc-ch4j.json"
      }
    }
  ],
  "schema_version": "1.6.0",
  "severity": [
    {
      "type": "CVSS_V3",
      "score": "CVSS:3.0/AV:N/AC:L/PR:N/UI:N/S:U/C:H/I:N/A:N"
    }
  ]
}