{
  "id": "GHSA-252h-2cmq-pmr6",
  "summary": "easywebpack-cli Path Traversal vulnerability",
  "details": "Directory Traversal vulnerability in easywebpack-cli before 4.5.2 allows attackers to obtain sensitive information via crafted GET request.",
  "aliases": [
    "CVE-2020-24855"
  ],
  "modified": "2023-11-08T04:03:08.742041Z",
  "published": "2022-12-15T21:30:28Z",
  "database_specific": {
    "nvd_published_at": "2022-12-15T19:15:00Z",
    "github_reviewed_at": "2022-12-15T23:30:37Z",
    "severity": "MODERATE",
    "github_reviewed": true,
    "cwe_ids": [
      "CWE-22"
    ]
  },
  "references": [
    {
      "type": "ADVISORY",
      "url": "https://nvd.nist.gov/vuln/detail/CVE-2020-24855"
    },
    {
      "type": "WEB",
      "url": "https://github.com/easy-team/easywebpack-cli/issues/25"
    },
    {
      "type": "WEB",
      "url": "https://github.com/easy-team/easywebpack-cli/commit/eb3f54603f58ea706d0c03fd6eb76c94176eae52"
    },
    {
      "type": "PACKAGE",
      "url": "https://github.com/easy-team/easywebpack-cli"
    }
  ],
  "affected": [
    {
      "package": {
        "name": "@easy-team/easywebpack-cli",
        "ecosystem": "npm",
        "purl": "pkg:npm/%40easy-team/easywebpack-cli"
      },
      "ranges": [
        {
          "type": "SEMVER",
          "events": [
            {
              "introduced": "0"
            },
            {
              "fixed": "4.5.2"
            }
          ]
        }
      ],
      "database_specific": {
        "source": "https://github.com/github/advisory-database/blob/main/advisories/github-reviewed/2022/12/GHSA-252h-2cmq-pmr6/GHSA-252h-2cmq-pmr6.json"
      }
    }
  ],
  "schema_version": "1.6.0",
  "severity": [
    {
      "type": "CVSS_V3",
      "score": "CVSS:3.1/AV:N/AC:L/PR:N/UI:N/S:U/C:L/I:N/A:N"
    }
  ]
}