{
  "id": "GHSA-4hch-r9xf-6vfr",
  "summary": "MJML vulnerable to path traversal",
  "details": "MJML prior to 4.6.3 contains a path traversal vulnerability when processing the `mj-include` directive within an MJML document.",
  "aliases": [
    "CVE-2020-12827"
  ],
  "modified": "2023-11-08T04:02:12.081113Z",
  "published": "2022-05-24T17:20:46Z",
  "database_specific": {
    "nvd_published_at": "2020-06-17T14:15:00Z",
    "cwe_ids": [
      "CWE-22"
    ],
    "severity": "HIGH",
    "github_reviewed": true,
    "github_reviewed_at": "2023-10-19T19:05:11Z"
  },
  "references": [
    {
      "type": "ADVISORY",
      "url": "https://nvd.nist.gov/vuln/detail/CVE-2020-12827"
    },
    {
      "type": "WEB",
      "url": "https://github.com/mjmlio/mjml/commit/30e29ed2cdaec8684d60a6d12ea07b611c765a12"
    },
    {
      "type": "PACKAGE",
      "url": "https://github.com/mjmlio/mjml"
    },
    {
      "type": "WEB",
      "url": "https://github.com/mjmlio/mjml/releases/tag/v4.6.3"
    },
    {
      "type": "WEB",
      "url": "http://packetstormsecurity.com/files/158111/MJML-4.6.2-Path-Traversal.html"
    },
    {
      "type": "WEB",
      "url": "http://seclists.org/fulldisclosure/2020/Jun/23"
    }
  ],
  "affected": [
    {
      "package": {
        "name": "mjml",
        "ecosystem": "npm",
        "purl": "pkg:npm/mjml"
      },
      "ranges": [
        {
          "type": "SEMVER",
          "events": [
            {
              "introduced": "0"
            },
            {
              "fixed": "4.6.3"
            }
          ]
        }
      ],
      "database_specific": {
        "source": "https://github.com/github/advisory-database/blob/main/advisories/github-reviewed/2022/05/GHSA-4hch-r9xf-6vfr/GHSA-4hch-r9xf-6vfr.json"
      }
    }
  ],
  "schema_version": "1.6.0",
  "severity": [
    {
      "type": "CVSS_V3",
      "score": "CVSS:3.1/AV:N/AC:L/PR:N/UI:N/S:C/C:L/I:N/A:L"
    }
  ]
}