{
  "id": "GHSA-4532-pmx7-9ww7",
  "summary": "Cross-site Scripting in cesium",
  "details": "A cross-site scripting (XSS) vulnerability in CesiumJS v1.111 allows attackers to execute arbitrary code in the context of the victim's browser via sending a crafted payload to /container_files/public_html/doc/index.html. NOTE: the vendor\u2019s position is that Apps/Sandcastle/standalone.html is part of the CesiumGS/cesium GitHub repository, but is demo code that is not part of the CesiumJS JavaScript library product.'",
  "modified": "2023-12-19T21:49:34Z",
  "published": "2023-11-14T18:30:27Z",
  "withdrawn": "2023-12-19T21:49:34Z",
  "database_specific": {
    "nvd_published_at": "2023-11-14T17:15:08Z",
    "cwe_ids": [
      "CWE-79"
    ],
    "severity": "MODERATE",
    "github_reviewed": true,
    "github_reviewed_at": "2023-11-20T23:28:55Z"
  },
  "references": [
    {
      "type": "ADVISORY",
      "url": "https://nvd.nist.gov/vuln/detail/CVE-2023-48094"
    },
    {
      "type": "WEB",
      "url": "https://gist.github.com/cd80/33ab71cc49c42feb55de3e574753320f"
    },
    {
      "type": "PACKAGE",
      "url": "https://github.com/CesiumGS/cesium"
    }
  ],
  "affected": [
    {
      "package": {
        "name": "cesium",
        "ecosystem": "npm",
        "purl": "pkg:npm/cesium"
      },
      "ranges": [
        {
          "type": "SEMVER",
          "events": [
            {
              "introduced": "0"
            },
            {
              "last_affected": "1.111.0"
            }
          ]
        }
      ],
      "database_specific": {
        "source": "https://github.com/github/advisory-database/blob/main/advisories/github-reviewed/2023/11/GHSA-4532-pmx7-9ww7/GHSA-4532-pmx7-9ww7.json"
      }
    }
  ],
  "schema_version": "1.6.0",
  "severity": [
    {
      "type": "CVSS_V3",
      "score": "CVSS:3.1/AV:N/AC:L/PR:N/UI:R/S:C/C:L/I:L/A:N"
    }
  ]
}