{
  "id": "GHSA-363h-vj6q-3cmj",
  "summary": "Rosetta-Flash JSONP Vulnerability in hapi",
  "details": "This description taken from the pull request provided by Patrick Kettner.\n\n\n\nVersions 6.1.0 and earlier of hapi are vulnerable to a rosetta-flash attack, which can be used by attackers to send data across domains and break the browser same-origin-policy.\n\n\n\n\n\n## Recommendation\n\n- Update hapi to version 6.1.1 or later.\n\nAlternatively, a solution previously implemented by Google, Facebook, and Github is to prepend callbacks with an empty inline comment. This will cause the flash parser to break on invalid inputs and prevent the issue, and how the issue has been resolved internally in hapi.",
  "aliases": [
    "CVE-2014-4671"
  ],
  "modified": "2023-11-08T03:57:42.033038Z",
  "published": "2020-08-31T22:45:35Z",
  "database_specific": {
    "nvd_published_at": null,
    "cwe_ids": [
      "CWE-352"
    ],
    "severity": "MODERATE",
    "github_reviewed": true,
    "github_reviewed_at": "2020-08-31T18:07:45Z"
  },
  "references": [
    {
      "type": "ADVISORY",
      "url": "https://nvd.nist.gov/vuln/detail/CVE-2014-4671"
    },
    {
      "type": "WEB",
      "url": "https://github.com/spumko/hapi/pull/1766"
    },
    {
      "type": "WEB",
      "url": "https://github.com/hapijs/hapi/commit/d47f57abf23bdaa84f61aed2bac94ae5f358afb7"
    },
    {
      "type": "WEB",
      "url": "https://github.com/patrickkettner"
    },
    {
      "type": "PACKAGE",
      "url": "https://github.com/spumko/hapi"
    },
    {
      "type": "WEB",
      "url": "https://www.npmjs.com/advisories/12"
    },
    {
      "type": "WEB",
      "url": "http://helpx.adobe.com/security/products/flash-player/apsb14-17.html"
    },
    {
      "type": "WEB",
      "url": "http://miki.it/blog/2014/7/8/abusing-jsonp-with-rosetta-flash"
    },
    {
      "type": "WEB",
      "url": "http://rhn.redhat.com/errata/RHSA-2014-0860.html"
    },
    {
      "type": "WEB",
      "url": "http://secunia.com/advisories/59774"
    },
    {
      "type": "WEB",
      "url": "http://secunia.com/advisories/59837"
    },
    {
      "type": "WEB",
      "url": "http://security.gentoo.org/glsa/glsa-201407-02.xml"
    },
    {
      "type": "WEB",
      "url": "http://www.securityfocus.com/bid/68457"
    },
    {
      "type": "WEB",
      "url": "http://www.securitytracker.com/id/1030533"
    }
  ],
  "affected": [
    {
      "package": {
        "name": "hapi",
        "ecosystem": "npm",
        "purl": "pkg:npm/hapi"
      },
      "ranges": [
        {
          "type": "SEMVER",
          "events": [
            {
              "introduced": "0"
            },
            {
              "fixed": "6.1.0"
            }
          ]
        }
      ],
      "database_specific": {
        "source": "https://github.com/github/advisory-database/blob/main/advisories/github-reviewed/2020/08/GHSA-363h-vj6q-3cmj/GHSA-363h-vj6q-3cmj.json"
      }
    }
  ],
  "schema_version": "1.6.0"
}