{
  "id": "GHSA-4228-7qvx-f4rq",
  "summary": "Injection and Command Injection in devcert",
  "details": "A command injection vulnerability in the `devcert` module may lead to remote code execution when users of the module pass untrusted input to the `certificateFor` function.",
  "aliases": [
    "CVE-2020-8186"
  ],
  "modified": "2023-11-08T04:04:15.419268Z",
  "published": "2021-05-18T01:41:56Z",
  "database_specific": {
    "nvd_published_at": "2020-07-10T16:15:00Z",
    "github_reviewed_at": "2021-05-11T17:26:32Z",
    "severity": "HIGH",
    "github_reviewed": true,
    "cwe_ids": [
      "CWE-74",
      "CWE-77",
      "CWE-78"
    ]
  },
  "references": [
    {
      "type": "ADVISORY",
      "url": "https://nvd.nist.gov/vuln/detail/CVE-2020-8186"
    },
    {
      "type": "WEB",
      "url": "https://hackerone.com/reports/863544"
    }
  ],
  "affected": [
    {
      "package": {
        "name": "devcert",
        "ecosystem": "npm",
        "purl": "pkg:npm/devcert"
      },
      "ranges": [
        {
          "type": "SEMVER",
          "events": [
            {
              "introduced": "0"
            },
            {
              "fixed": "1.1.2"
            }
          ]
        }
      ],
      "database_specific": {
        "last_known_affected_version_range": "<= 1.1.1",
        "source": "https://github.com/github/advisory-database/blob/main/advisories/github-reviewed/2021/05/GHSA-4228-7qvx-f4rq/GHSA-4228-7qvx-f4rq.json"
      }
    }
  ],
  "schema_version": "1.6.0",
  "severity": [
    {
      "type": "CVSS_V3",
      "score": "CVSS:3.1/AV:N/AC:L/PR:N/UI:N/S:U/C:H/I:H/A:H"
    }
  ]
}