{
  "id": "GHSA-33rv-m2gp-mm2r",
  "summary": "Prototype pollution in safe-flat",
  "details": "Prototype pollution vulnerability in 'safe-flat' versions 2.0.0 through 2.0.1 allows an attacker to cause a denial of service and may lead to remote code execution.",
  "aliases": [
    "CVE-2021-25927"
  ],
  "modified": "2023-11-08T04:05:17.468833Z",
  "published": "2021-06-21T17:18:29Z",
  "database_specific": {
    "nvd_published_at": "2021-04-26T11:15:00Z",
    "github_reviewed_at": "2021-05-20T21:34:56Z",
    "severity": "CRITICAL",
    "github_reviewed": true,
    "cwe_ids": [
      "CWE-1321"
    ]
  },
  "references": [
    {
      "type": "ADVISORY",
      "url": "https://nvd.nist.gov/vuln/detail/CVE-2021-25927"
    },
    {
      "type": "WEB",
      "url": "https://github.com/jessie-codes/safe-flat/commit/4b9b7db976bba8c968354f4315f5f9c219b7cbf3"
    },
    {
      "type": "WEB",
      "url": "https://www.whitesourcesoftware.com/vulnerability-database/CVE-2021-25927"
    }
  ],
  "affected": [
    {
      "package": {
        "name": "safe-flat",
        "ecosystem": "npm",
        "purl": "pkg:npm/safe-flat"
      },
      "ranges": [
        {
          "type": "SEMVER",
          "events": [
            {
              "introduced": "2.0.0"
            },
            {
              "fixed": "2.0.2"
            }
          ]
        }
      ],
      "database_specific": {
        "source": "https://github.com/github/advisory-database/blob/main/advisories/github-reviewed/2021/06/GHSA-33rv-m2gp-mm2r/GHSA-33rv-m2gp-mm2r.json"
      }
    }
  ],
  "schema_version": "1.6.0",
  "severity": [
    {
      "type": "CVSS_V3",
      "score": "CVSS:3.1/AV:N/AC:L/PR:N/UI:N/S:U/C:H/I:H/A:H"
    }
  ]
}