{
  "id": "GHSA-2jch-qc96-9f5g",
  "summary": "Flowise Cross-site Scripting in api/v1/chatflows/id",
  "details": "Flowise is a drag & drop user interface to build a customized large language model flow. In version 1.4.3 of Flowise, a reflected cross-site scripting vulnerability occurs in the `api/v1/chatflows/id` endpoint. If the default configuration is used (unauthenticated), an attacker may be able to craft a specially crafted URL that injects Javascript into the user sessions, allowing the attacker to steal information, create false popups, or even redirect the user to other websites without interaction. If the chatflow ID is not found, its value is reflected in the 404 page, which has type text/html. This allows an attacker to attach arbitrary scripts to the page, allowing an attacker to steal sensitive information. This XSS may be chained with the path injection to allow an attacker without direct access to Flowise to read arbitrary files from the Flowise server. As of time of publication, no known patches are available.",
  "aliases": [
    "CVE-2024-36422"
  ],
  "modified": "2024-08-05T21:58:57.898766Z",
  "published": "2024-08-05T21:29:28Z",
  "database_specific": {
    "nvd_published_at": "2024-07-01T16:15:04Z",
    "cwe_ids": [
      "CWE-79"
    ],
    "severity": "MODERATE",
    "github_reviewed": true,
    "github_reviewed_at": "2024-08-05T21:29:28Z"
  },
  "references": [
    {
      "type": "ADVISORY",
      "url": "https://nvd.nist.gov/vuln/detail/CVE-2024-36422"
    },
    {
      "type": "PACKAGE",
      "url": "https://github.com/FlowiseAI/Flowise"
    },
    {
      "type": "WEB",
      "url": "https://github.com/FlowiseAI/Flowise/blob/flowise-ui%401.4.0/packages/server/src/index.ts#L312-L312"
    },
    {
      "type": "ADVISORY",
      "url": "https://securitylab.github.com/advisories/GHSL-2023-232_GHSL-2023-234_Flowise"
    }
  ],
  "affected": [
    {
      "package": {
        "name": "flowise",
        "ecosystem": "npm",
        "purl": "pkg:npm/flowise"
      },
      "ranges": [
        {
          "type": "SEMVER",
          "events": [
            {
              "introduced": "0"
            },
            {
              "last_affected": "1.4.3"
            }
          ]
        }
      ],
      "database_specific": {
        "source": "https://github.com/github/advisory-database/blob/main/advisories/github-reviewed/2024/08/GHSA-2jch-qc96-9f5g/GHSA-2jch-qc96-9f5g.json"
      }
    }
  ],
  "schema_version": "1.6.0",
  "severity": [
    {
      "type": "CVSS_V3",
      "score": "CVSS:3.1/AV:N/AC:L/PR:N/UI:R/S:C/C:L/I:L/A:N"
    },
    {
      "type": "CVSS_V4",
      "score": "CVSS:4.0/AV:N/AC:L/AT:N/PR:N/UI:P/VC:L/VI:L/VA:N/SC:L/SI:L/SA:N"
    }
  ]
}