{
  "id": "GHSA-3jcv-5f9p-2f2p",
  "summary": "Cross-site Scripting in electron-pdf",
  "details": "electron-pdf version 20.0.0 allows an external attacker to remotely obtain\n\narbitrary local files. This is possible because the application does not\n\nvalidate the HTML content entered by the user.\n\n\n\n",
  "aliases": [
    "CVE-2024-1648"
  ],
  "modified": "2024-02-21T00:26:45.600299Z",
  "published": "2024-02-20T03:30:57Z",
  "database_specific": {
    "nvd_published_at": "2024-02-20T01:15:07Z",
    "cwe_ids": [
      "CWE-79"
    ],
    "severity": "HIGH",
    "github_reviewed": true,
    "github_reviewed_at": "2024-02-21T00:16:32Z"
  },
  "references": [
    {
      "type": "ADVISORY",
      "url": "https://nvd.nist.gov/vuln/detail/CVE-2024-1648"
    },
    {
      "type": "WEB",
      "url": "https://fluidattacks.com/advisories/drake"
    }
  ],
  "affected": [
    {
      "package": {
        "name": "electron-pdf",
        "ecosystem": "npm",
        "purl": "pkg:npm/electron-pdf"
      },
      "ranges": [
        {
          "type": "SEMVER",
          "events": [
            {
              "introduced": "0"
            },
            {
              "last_affected": "20.0.0"
            }
          ]
        }
      ],
      "database_specific": {
        "source": "https://github.com/github/advisory-database/blob/main/advisories/github-reviewed/2024/02/GHSA-3jcv-5f9p-2f2p/GHSA-3jcv-5f9p-2f2p.json"
      }
    }
  ],
  "schema_version": "1.6.0",
  "severity": [
    {
      "type": "CVSS_V3",
      "score": "CVSS:3.1/AV:N/AC:L/PR:N/UI:N/S:U/C:H/I:N/A:N"
    }
  ]
}