{
  "id": "GHSA-4m44-5j2g-xf64",
  "summary": "Improper Neutralization of Input During Web Page Generation in CKEditor4",
  "details": "A cross-site scripting (XSS) vulnerability in the Color Dialog plugin for CKEditor 4.15.0 allows remote attackers to run arbitrary web script after persuading a user to copy and paste crafted HTML code into one of editor inputs.",
  "aliases": [
    "CVE-2020-27193"
  ],
  "modified": "2023-11-08T04:03:20.891208Z",
  "published": "2022-05-24T17:34:01Z",
  "database_specific": {
    "nvd_published_at": "2020-11-12T21:15:00Z",
    "cwe_ids": [
      "CWE-79"
    ],
    "severity": "MODERATE",
    "github_reviewed": true,
    "github_reviewed_at": "2022-06-23T18:05:11Z"
  },
  "references": [
    {
      "type": "ADVISORY",
      "url": "https://nvd.nist.gov/vuln/detail/CVE-2020-27193"
    },
    {
      "type": "WEB",
      "url": "https://ckeditor.com/blog/CKEditor-4.15.1-with-a-security-patch-released"
    },
    {
      "type": "WEB",
      "url": "https://ckeditor.com/cke4/release/CKEditor-4.15.1"
    },
    {
      "type": "WEB",
      "url": "https://ckeditor.com/ckeditor-4/download"
    },
    {
      "type": "PACKAGE",
      "url": "https://github.com/ckeditor/ckeditor4"
    },
    {
      "type": "WEB",
      "url": "https://www.oracle.com//security-alerts/cpujul2021.html"
    },
    {
      "type": "WEB",
      "url": "https://www.oracle.com/security-alerts/cpuApr2021.html"
    },
    {
      "type": "WEB",
      "url": "https://www.oracle.com/security-alerts/cpuoct2021.html"
    }
  ],
  "affected": [
    {
      "package": {
        "name": "ckeditor4",
        "ecosystem": "npm",
        "purl": "pkg:npm/ckeditor4"
      },
      "ranges": [
        {
          "type": "SEMVER",
          "events": [
            {
              "introduced": "0"
            },
            {
              "fixed": "4.15.1"
            }
          ]
        }
      ],
      "database_specific": {
        "last_known_affected_version_range": "<= 4.15.0",
        "source": "https://github.com/github/advisory-database/blob/main/advisories/github-reviewed/2022/05/GHSA-4m44-5j2g-xf64/GHSA-4m44-5j2g-xf64.json"
      }
    }
  ],
  "schema_version": "1.6.0",
  "severity": [
    {
      "type": "CVSS_V3",
      "score": "CVSS:3.1/AV:N/AC:L/PR:N/UI:R/S:C/C:L/I:L/A:N"
    }
  ]
}