{
  "id": "GHSA-468q-v4jj-485h",
  "summary": "Inefficient Regular Expression Complexity in taro",
  "details": "taro is vulnerable to Inefficient Regular Expression Complexity",
  "aliases": [
    "CVE-2021-3804"
  ],
  "modified": "2023-11-08T04:06:25.187832Z",
  "published": "2021-09-20T20:09:59Z",
  "database_specific": {
    "nvd_published_at": "2021-09-17T07:15:00Z",
    "github_reviewed_at": "2021-09-20T20:00:02Z",
    "severity": "HIGH",
    "github_reviewed": true,
    "cwe_ids": [
      "CWE-1333"
    ]
  },
  "references": [
    {
      "type": "ADVISORY",
      "url": "https://nvd.nist.gov/vuln/detail/CVE-2021-3804"
    },
    {
      "type": "WEB",
      "url": "https://github.com/nervjs/taro/commit/acadb6c826ba57f2030a626f1de4f7b4608fcdb5"
    },
    {
      "type": "PACKAGE",
      "url": "https://github.com/nervjs/taro"
    },
    {
      "type": "WEB",
      "url": "https://huntr.dev/bounties/0ebe85e6-cc85-42b8-957e-18d8df277414"
    }
  ],
  "affected": [
    {
      "package": {
        "name": "@tarojs/helper",
        "ecosystem": "npm",
        "purl": "pkg:npm/%40tarojs/helper"
      },
      "ranges": [
        {
          "type": "SEMVER",
          "events": [
            {
              "introduced": "0"
            },
            {
              "fixed": "3.3.9"
            }
          ]
        }
      ],
      "database_specific": {
        "source": "https://github.com/github/advisory-database/blob/main/advisories/github-reviewed/2021/09/GHSA-468q-v4jj-485h/GHSA-468q-v4jj-485h.json"
      }
    }
  ],
  "schema_version": "1.6.0",
  "severity": [
    {
      "type": "CVSS_V3",
      "score": "CVSS:3.0/AV:N/AC:L/PR:N/UI:N/S:U/C:N/I:N/A:H"
    }
  ]
}