{
  "id": "GHSA-2gjg-5x33-mmp2",
  "summary": "Path Traversal in localhost-now",
  "details": "Versions of `localhost-now` before 1.0.2 are vulnerable to path traversal. This allows a remote attacker to read the content of an arbitrary file.\n\n\n## Recommendation\n\nUpdate to version 1.0.2 or later.",
  "aliases": [
    "CVE-2018-3729"
  ],
  "modified": "2023-11-08T04:00:17.670965Z",
  "published": "2018-07-25T22:44:05Z",
  "database_specific": {
    "nvd_published_at": "2018-06-07T02:29:00Z",
    "github_reviewed_at": "2020-06-16T20:52:01Z",
    "severity": "HIGH",
    "github_reviewed": true,
    "cwe_ids": [
      "CWE-22"
    ]
  },
  "references": [
    {
      "type": "ADVISORY",
      "url": "https://nvd.nist.gov/vuln/detail/CVE-2018-3729"
    },
    {
      "type": "WEB",
      "url": "https://github.com/DCKT/localhost-now/commit/30b004c7f145d677df8800a106c2edc982313995#diff-b9cfc7f2cdf78a7f4b91a753d10865a2"
    },
    {
      "type": "WEB",
      "url": "https://hackerone.com/reports/312889"
    },
    {
      "type": "ADVISORY",
      "url": "https://github.com/advisories/GHSA-2gjg-5x33-mmp2"
    },
    {
      "type": "WEB",
      "url": "https://www.npmjs.com/advisories/582"
    }
  ],
  "affected": [
    {
      "package": {
        "name": "localhost-now",
        "ecosystem": "npm",
        "purl": "pkg:npm/localhost-now"
      },
      "ranges": [
        {
          "type": "SEMVER",
          "events": [
            {
              "introduced": "0"
            },
            {
              "fixed": "1.0.2"
            }
          ]
        }
      ],
      "database_specific": {
        "source": "https://github.com/github/advisory-database/blob/main/advisories/github-reviewed/2018/07/GHSA-2gjg-5x33-mmp2/GHSA-2gjg-5x33-mmp2.json"
      }
    }
  ],
  "schema_version": "1.6.0",
  "severity": [
    {
      "type": "CVSS_V3",
      "score": "CVSS:3.1/AV:N/AC:L/PR:N/UI:N/S:U/C:H/I:N/A:N"
    }
  ]
}