{
  "id": "GHSA-36vc-cw62-fqvr",
  "summary": "Shadowsock is malware",
  "details": "The `shadowsock` package is a piece of malware that steals environment variables and sends them to attacker controlled locations. \n\nAll versions have been unpublished from the npm registry.\n\n\n## Recommendation\n\n\nAs this package is malware, if you find it installed in your environment, the real security concern is determining how it got there. \n\nIf you have found this installed in your environment, you should:\n1. Delete the package\n2. Clear your npm cache\n3. Ensure it is not present in any other package.json files on your system\n4. Regenerate your registry credentials, tokens, and any other sensitive credentials that may have been present in your environment variables. \n\nAdditionally, any service which may have been exposed via credentials in your environment variables, such as a database, should be reviewed for indicators of compromise as well.",
  "aliases": [
    "CVE-2017-16078"
  ],
  "modified": "2023-11-08T03:59:03.513718Z",
  "published": "2018-08-27T19:07:23Z",
  "database_specific": {
    "nvd_published_at": null,
    "cwe_ids": [
      "CWE-506"
    ],
    "severity": "MODERATE",
    "github_reviewed": true,
    "github_reviewed_at": "2020-06-16T20:54:19Z"
  },
  "references": [
    {
      "type": "ADVISORY",
      "url": "https://nvd.nist.gov/vuln/detail/CVE-2017-16078"
    },
    {
      "type": "ADVISORY",
      "url": "https://github.com/advisories/GHSA-36vc-cw62-fqvr"
    },
    {
      "type": "WEB",
      "url": "https://www.npmjs.com/advisories/517"
    }
  ],
  "affected": [
    {
      "package": {
        "name": "shadowsock",
        "ecosystem": "npm",
        "purl": "pkg:npm/shadowsock"
      },
      "ranges": [
        {
          "type": "SEMVER",
          "events": [
            {
              "introduced": "0"
            }
          ]
        }
      ],
      "database_specific": {
        "source": "https://github.com/github/advisory-database/blob/main/advisories/github-reviewed/2018/08/GHSA-36vc-cw62-fqvr/GHSA-36vc-cw62-fqvr.json"
      }
    }
  ],
  "schema_version": "1.6.0"
}