{
  "id": "GHSA-3fwq-qv5v-2wxf",
  "summary": "Path Traversal in web-node-server",
  "details": "A vulnerability has been found in youngerheart nodeserver and classified as critical. Affected by this vulnerability is an unknown functionality of the file nodeserver.js. The manipulation leads to path traversal. The name of the patch is c4c0f0138ab5afbac58e03915d446680421bde28. It is recommended to apply a patch to fix this issue. The identifier VDB-218461 was assigned to this vulnerability.",
  "aliases": [
    "CVE-2020-36651"
  ],
  "modified": "2023-11-08T04:03:49.089757Z",
  "published": "2023-01-18T03:31:17Z",
  "database_specific": {
    "nvd_published_at": "2023-01-18T01:15:00Z",
    "cwe_ids": [
      "CWE-22"
    ],
    "severity": "HIGH",
    "github_reviewed": true,
    "github_reviewed_at": "2023-01-25T22:03:31Z"
  },
  "references": [
    {
      "type": "ADVISORY",
      "url": "https://nvd.nist.gov/vuln/detail/CVE-2020-36651"
    },
    {
      "type": "WEB",
      "url": "https://github.com/youngerheart/nodeserver/pull/6"
    },
    {
      "type": "WEB",
      "url": "https://github.com/youngerheart/nodeserver/commit/c4c0f0138ab5afbac58e03915d446680421bde28"
    },
    {
      "type": "PACKAGE",
      "url": "https://github.com/youngerheart/nodeserver"
    },
    {
      "type": "WEB",
      "url": "https://vuldb.com/?ctiid.218461"
    },
    {
      "type": "WEB",
      "url": "https://vuldb.com/?id.218461"
    }
  ],
  "affected": [
    {
      "package": {
        "name": "web-node-server",
        "ecosystem": "npm",
        "purl": "pkg:npm/web-node-server"
      },
      "ranges": [
        {
          "type": "SEMVER",
          "events": [
            {
              "introduced": "0"
            },
            {
              "fixed": "0.0.11"
            }
          ]
        }
      ],
      "database_specific": {
        "source": "https://github.com/github/advisory-database/blob/main/advisories/github-reviewed/2023/01/GHSA-3fwq-qv5v-2wxf/GHSA-3fwq-qv5v-2wxf.json"
      }
    }
  ],
  "schema_version": "1.6.0",
  "severity": [
    {
      "type": "CVSS_V3",
      "score": "CVSS:3.1/AV:N/AC:L/PR:N/UI:N/S:U/C:H/I:N/A:N"
    }
  ]
}