{
  "id": "GHSA-23vw-mhv5-grv5",
  "summary": "Denial of Service in @hapi/hapi",
  "details": "Versions of `@hapi/hapi` prior to 18.4.1 or 19.1.1 are vulnerable to Denial of Service. The CORS request handler has a vulnerability which will cause the function to throw a system error if the header contains some invalid values. If no unhandled exception handler is available, the application will exist, allowing an attacker to shut down services.\n\n\n## Recommendation\n\nUpgrade to versions 18.4.1, 19.1.1 or later.",
  "modified": "2020-08-31T19:00:56Z",
  "published": "2020-09-03T15:48:43Z",
  "database_specific": {
    "nvd_published_at": null,
    "github_reviewed_at": "2020-08-31T19:00:56Z",
    "severity": "HIGH",
    "github_reviewed": true,
    "cwe_ids": []
  },
  "references": [
    {
      "type": "WEB",
      "url": "https://www.npmjs.com/advisories/1482"
    }
  ],
  "affected": [
    {
      "package": {
        "name": "@hapi/hapi",
        "ecosystem": "npm",
        "purl": "pkg:npm/%40hapi/hapi"
      },
      "ranges": [
        {
          "type": "SEMVER",
          "events": [
            {
              "introduced": "0"
            },
            {
              "fixed": "18.4.1"
            }
          ]
        }
      ],
      "database_specific": {
        "source": "https://github.com/github/advisory-database/blob/main/advisories/github-reviewed/2020/09/GHSA-23vw-mhv5-grv5/GHSA-23vw-mhv5-grv5.json"
      }
    },
    {
      "package": {
        "name": "@hapi/hapi",
        "ecosystem": "npm",
        "purl": "pkg:npm/%40hapi/hapi"
      },
      "ranges": [
        {
          "type": "SEMVER",
          "events": [
            {
              "introduced": "19.0.0"
            },
            {
              "fixed": "19.1.1"
            }
          ]
        }
      ],
      "database_specific": {
        "source": "https://github.com/github/advisory-database/blob/main/advisories/github-reviewed/2020/09/GHSA-23vw-mhv5-grv5/GHSA-23vw-mhv5-grv5.json"
      }
    }
  ],
  "schema_version": "1.6.0"
}