{
  "id": "GHSA-23vf-5g53-hm9q",
  "summary": "Directory Traversal in list-n-stream",
  "details": "Affected versions of `list-n-stream` resolve relative file paths, resulting in a directory traversal vulnerability. A malicious actor can use this vulnerability to access files outside of the intended directory root, which may result in the disclosure of private files on the vulnerable system.\n\n**Example request:**\n```http\nGET /../../../../../../../../../../etc/passwd HTTP/1.1\nhost:foo\n```\n\n\n## Recommendation\n\nUpdate to version 0.0.11 or later.",
  "aliases": [
    "CVE-2017-16084"
  ],
  "modified": "2023-11-08T03:59:03.879775Z",
  "published": "2018-07-24T14:57:31Z",
  "database_specific": {
    "nvd_published_at": null,
    "cwe_ids": [
      "CWE-22"
    ],
    "severity": "HIGH",
    "github_reviewed": true,
    "github_reviewed_at": "2020-06-16T20:51:10Z"
  },
  "references": [
    {
      "type": "ADVISORY",
      "url": "https://nvd.nist.gov/vuln/detail/CVE-2017-16084"
    },
    {
      "type": "WEB",
      "url": "https://github.com/JacksonGL/NPM-Vuln-PoC/tree/master/directory-traversal/list-n-stream"
    },
    {
      "type": "ADVISORY",
      "url": "https://github.com/advisories/GHSA-23vf-5g53-hm9q"
    },
    {
      "type": "WEB",
      "url": "https://www.npmjs.com/advisories/344"
    }
  ],
  "affected": [
    {
      "package": {
        "name": "list-n-stream",
        "ecosystem": "npm",
        "purl": "pkg:npm/list-n-stream"
      },
      "ranges": [
        {
          "type": "SEMVER",
          "events": [
            {
              "introduced": "0"
            },
            {
              "fixed": "0.0.11"
            }
          ]
        }
      ],
      "database_specific": {
        "last_known_affected_version_range": "<= 0.0.10",
        "source": "https://github.com/github/advisory-database/blob/main/advisories/github-reviewed/2018/07/GHSA-23vf-5g53-hm9q/GHSA-23vf-5g53-hm9q.json"
      }
    }
  ],
  "schema_version": "1.6.0"
}