{
  "id": "GHSA-3f5c-4qxj-vmpf",
  "summary": "Next.js Directory Traversal Vulnerability",
  "details": "Next.js before 2.4.1 has directory traversal under the `/_next` and `/static` request namespace, allowing attackers to obtain sensitive information.",
  "aliases": [
    "CVE-2017-16877"
  ],
  "modified": "2024-04-22T19:49:35Z",
  "published": "2017-12-05T02:04:14Z",
  "database_specific": {
    "nvd_published_at": "2017-11-17T17:29:00Z",
    "cwe_ids": [
      "CWE-22"
    ],
    "severity": "HIGH",
    "github_reviewed": true,
    "github_reviewed_at": "2020-06-16T20:54:56Z"
  },
  "references": [
    {
      "type": "ADVISORY",
      "url": "https://nvd.nist.gov/vuln/detail/CVE-2017-16877"
    },
    {
      "type": "WEB",
      "url": "https://github.com/vercel/next.js/commit/02fe7cf63f6265d73bdaf8bc50a4f2fb539dcd00"
    },
    {
      "type": "PACKAGE",
      "url": "https://github.com/zeit/next.js"
    },
    {
      "type": "WEB",
      "url": "https://github.com/zeit/next.js/releases/tag/2.4.1"
    }
  ],
  "affected": [
    {
      "package": {
        "name": "next",
        "ecosystem": "npm",
        "purl": "pkg:npm/next"
      },
      "ranges": [
        {
          "type": "SEMVER",
          "events": [
            {
              "introduced": "1.0.0"
            },
            {
              "fixed": "2.4.1"
            }
          ]
        }
      ],
      "database_specific": {
        "source": "https://github.com/github/advisory-database/blob/main/advisories/github-reviewed/2017/12/GHSA-3f5c-4qxj-vmpf/GHSA-3f5c-4qxj-vmpf.json"
      }
    }
  ],
  "schema_version": "1.6.0",
  "severity": [
    {
      "type": "CVSS_V3",
      "score": "CVSS:3.0/AV:N/AC:L/PR:N/UI:N/S:U/C:H/I:N/A:N"
    }
  ]
}