{
  "id": "GHSA-2cg4-7q4x-7rr2",
  "summary": "mc-kill-port vulnerable to Arbitrary Command Execution via kill function",
  "details": "All versions of package mc-kill-port are vulnerable to Arbitrary Command Execution via the `kill` function, due to missing sanitization of the `port` argument.",
  "aliases": [
    "CVE-2022-25973"
  ],
  "modified": "2023-11-08T04:08:53.003883Z",
  "published": "2022-08-11T00:00:21Z",
  "database_specific": {
    "nvd_published_at": "2022-08-10T05:15:00Z",
    "github_reviewed_at": "2022-08-11T21:15:25Z",
    "severity": "HIGH",
    "github_reviewed": true,
    "cwe_ids": [
      "CWE-88"
    ]
  },
  "references": [
    {
      "type": "ADVISORY",
      "url": "https://nvd.nist.gov/vuln/detail/CVE-2022-25973"
    },
    {
      "type": "WEB",
      "url": "https://security.snyk.io/vuln/SNYK-JS-MCKILLPORT-2419070"
    },
    {
      "type": "WEB",
      "url": "https://www.npmjs.com/package/mc-kill-port"
    }
  ],
  "affected": [
    {
      "package": {
        "name": "mc-kill-port",
        "ecosystem": "npm",
        "purl": "pkg:npm/mc-kill-port"
      },
      "ranges": [
        {
          "type": "SEMVER",
          "events": [
            {
              "introduced": "0"
            },
            {
              "last_affected": "1.0.1"
            }
          ]
        }
      ],
      "database_specific": {
        "source": "https://github.com/github/advisory-database/blob/main/advisories/github-reviewed/2022/08/GHSA-2cg4-7q4x-7rr2/GHSA-2cg4-7q4x-7rr2.json"
      }
    }
  ],
  "schema_version": "1.6.0",
  "severity": [
    {
      "type": "CVSS_V3",
      "score": "CVSS:3.1/AV:L/AC:L/PR:L/UI:N/S:U/C:H/I:H/A:H"
    }
  ]
}