{
  "id": "GHSA-26q7-g57v-mxcp",
  "summary": "HTML Injection in shout",
  "details": "Affected versions of `shout` do not escape the `/topic` command in messages, and are therefore vulnerable to cross-site scripting.\n\n\n## Recommendation\n\nUpdate to version 0.50.0 or later.",
  "aliases": [
    "CVE-2017-16043"
  ],
  "modified": "2023-11-08T03:59:01.302318Z",
  "published": "2018-11-07T00:28:11Z",
  "database_specific": {
    "nvd_published_at": null,
    "github_reviewed_at": "2020-06-16T20:51:31Z",
    "severity": "MODERATE",
    "github_reviewed": true,
    "cwe_ids": [
      "CWE-80"
    ]
  },
  "references": [
    {
      "type": "ADVISORY",
      "url": "https://nvd.nist.gov/vuln/detail/CVE-2017-16043"
    },
    {
      "type": "WEB",
      "url": "https://github.com/erming/shout/pull/344"
    },
    {
      "type": "ADVISORY",
      "url": "https://github.com/advisories/GHSA-26q7-g57v-mxcp"
    },
    {
      "type": "WEB",
      "url": "https://www.npmjs.com/advisories/322"
    }
  ],
  "affected": [
    {
      "package": {
        "name": "shout",
        "ecosystem": "npm",
        "purl": "pkg:npm/shout"
      },
      "ranges": [
        {
          "type": "SEMVER",
          "events": [
            {
              "introduced": "0.44.0"
            },
            {
              "fixed": "0.50.0"
            }
          ]
        }
      ],
      "database_specific": {
        "last_known_affected_version_range": "<= 0.49.3",
        "source": "https://github.com/github/advisory-database/blob/main/advisories/github-reviewed/2018/11/GHSA-26q7-g57v-mxcp/GHSA-26q7-g57v-mxcp.json"
      }
    }
  ],
  "schema_version": "1.6.0"
}