{
  "id": "GHSA-45mx-g85m-wwm3",
  "summary": "Obsidian does not require user confirmation for non-http/https URLs.",
  "details": "Obsidian before 0.12.12 does not require user confirmation for non-http/https URLs.",
  "aliases": [
    "CVE-2021-38148"
  ],
  "modified": "2024-04-22T23:44:02.794621Z",
  "published": "2022-05-24T19:10:22Z",
  "database_specific": {
    "nvd_published_at": "2021-08-07T03:15:00Z",
    "cwe_ids": [
      "CWE-285"
    ],
    "severity": "CRITICAL",
    "github_reviewed": true,
    "github_reviewed_at": "2024-04-22T23:22:17Z"
  },
  "references": [
    {
      "type": "ADVISORY",
      "url": "https://nvd.nist.gov/vuln/detail/CVE-2021-38148"
    },
    {
      "type": "PACKAGE",
      "url": "https://github.com/obsidianmd/obsidian-api"
    },
    {
      "type": "WEB",
      "url": "https://web.archive.org/web/20210807011714/https://forum.obsidian.md/t/obsidian-release-v0-12-12/21564"
    }
  ],
  "affected": [
    {
      "package": {
        "name": "obsidian",
        "ecosystem": "npm",
        "purl": "pkg:npm/obsidian"
      },
      "ranges": [
        {
          "type": "SEMVER",
          "events": [
            {
              "introduced": "0"
            },
            {
              "fixed": "0.12.12"
            }
          ]
        }
      ],
      "database_specific": {
        "source": "https://github.com/github/advisory-database/blob/main/advisories/github-reviewed/2022/05/GHSA-45mx-g85m-wwm3/GHSA-45mx-g85m-wwm3.json"
      }
    }
  ],
  "schema_version": "1.6.0",
  "severity": [
    {
      "type": "CVSS_V3",
      "score": "CVSS:3.1/AV:N/AC:L/PR:N/UI:N/S:U/C:H/I:H/A:H"
    }
  ]
}