{
  "id": "GHSA-4627-w373-375v",
  "summary": "Malicious Package in grunt-radical",
  "details": "Version 0.0.14 of `grunt-radical` contained malicious code. The code when executed in the browser would enumerate password, cvc and cardnumber fields from forms and send the extracted values to `https://js-metrics.com/minjs.php?pl=`\n\n\n\n## Recommendation\n\nRemove the package from your environment and evaluate your application to determine whether or not user data was compromised.",
  "modified": "2020-08-31T18:41:06Z",
  "published": "2020-09-11T21:22:24Z",
  "database_specific": {
    "nvd_published_at": null,
    "github_reviewed_at": "2020-08-31T18:41:06Z",
    "severity": "CRITICAL",
    "github_reviewed": true,
    "cwe_ids": []
  },
  "references": [
    {
      "type": "WEB",
      "url": "https://www.npmjs.com/advisories/935"
    }
  ],
  "affected": [
    {
      "package": {
        "name": "grunt-radical",
        "ecosystem": "npm",
        "purl": "pkg:npm/grunt-radical"
      },
      "ranges": [
        {
          "type": "SEMVER",
          "events": [
            {
              "introduced": "0.0.14"
            },
            {
              "fixed": "0.0.13"
            }
          ]
        }
      ],
      "versions": [
        "0.0.14"
      ],
      "database_specific": {
        "source": "https://github.com/github/advisory-database/blob/main/advisories/github-reviewed/2020/09/GHSA-4627-w373-375v/GHSA-4627-w373-375v.json"
      }
    }
  ],
  "schema_version": "1.6.0"
}