{
  "id": "GHSA-2f6g-w5gj-c93h",
  "summary": "Prototype Pollution in iniparserjs",
  "details": "This affects all versions of package iniparserjs. This vulnerability relates when ini_parser.js is concentrating arrays. Depending on if user input is provided, an attacker can overwrite and pollute the object prototype of a program.",
  "aliases": [
    "CVE-2021-23328"
  ],
  "modified": "2023-11-08T04:05:03.654038Z",
  "published": "2021-04-13T15:20:09Z",
  "database_specific": {
    "nvd_published_at": "2021-01-29T17:15:00Z",
    "github_reviewed_at": "2021-03-22T23:02:01Z",
    "severity": "MODERATE",
    "github_reviewed": true,
    "cwe_ids": [
      "CWE-1321"
    ]
  },
  "references": [
    {
      "type": "ADVISORY",
      "url": "https://nvd.nist.gov/vuln/detail/CVE-2021-23328"
    },
    {
      "type": "WEB",
      "url": "https://snyk.io/vuln/SNYK-JS-INIPARSERJS-1065989"
    },
    {
      "type": "WEB",
      "url": "https://www.npmjs.com/package/iniparserjs"
    }
  ],
  "affected": [
    {
      "package": {
        "name": "iniparserjs",
        "ecosystem": "npm",
        "purl": "pkg:npm/iniparserjs"
      },
      "ranges": [
        {
          "type": "SEMVER",
          "events": [
            {
              "introduced": "0"
            },
            {
              "last_affected": "1.0.4"
            }
          ]
        }
      ],
      "database_specific": {
        "source": "https://github.com/github/advisory-database/blob/main/advisories/github-reviewed/2021/04/GHSA-2f6g-w5gj-c93h/GHSA-2f6g-w5gj-c93h.json"
      }
    }
  ],
  "schema_version": "1.6.0",
  "severity": [
    {
      "type": "CVSS_V3",
      "score": "CVSS:3.1/AV:N/AC:H/PR:N/UI:N/S:U/C:L/I:L/A:L"
    }
  ]
}