{
  "id": "GHSA-2p69-gxpm-5469",
  "summary": "Downloads Resources over HTTP in alto-saxophone",
  "details": "Affected versions of `alto-saxophone` insecurely download an executable over an unencrypted HTTP connection. \n\nIn scenarios where an attacker has a privileged network position, it is possible to intercept the response and replace the executable with a malicious one, resulting in code execution on the system running `alto-saxophone`.\n\n\n## Recommendation\n\nUpdate to version 2.25.1 or later.",
  "aliases": [
    "CVE-2016-10694"
  ],
  "modified": "2023-11-08T03:58:20.835988Z",
  "published": "2018-07-31T22:34:45Z",
  "database_specific": {
    "nvd_published_at": null,
    "github_reviewed_at": "2020-06-16T20:52:43Z",
    "severity": "HIGH",
    "github_reviewed": true,
    "cwe_ids": [
      "CWE-311"
    ]
  },
  "references": [
    {
      "type": "ADVISORY",
      "url": "https://nvd.nist.gov/vuln/detail/CVE-2016-10694"
    },
    {
      "type": "ADVISORY",
      "url": "https://github.com/advisories/GHSA-2p69-gxpm-5469"
    },
    {
      "type": "WEB",
      "url": "https://www.npmjs.com/advisories/172"
    }
  ],
  "affected": [
    {
      "package": {
        "name": "alto-saxophone",
        "ecosystem": "npm",
        "purl": "pkg:npm/alto-saxophone"
      },
      "ranges": [
        {
          "type": "SEMVER",
          "events": [
            {
              "introduced": "0"
            },
            {
              "fixed": "2.25.1"
            }
          ]
        }
      ],
      "database_specific": {
        "source": "https://github.com/github/advisory-database/blob/main/advisories/github-reviewed/2018/07/GHSA-2p69-gxpm-5469/GHSA-2p69-gxpm-5469.json"
      }
    }
  ],
  "schema_version": "1.6.0"
}