{
  "id": "GHSA-4448-rc82-fcr7",
  "summary": "Path Traversal in serve-here.js",
  "details": "Versions of serve-here.js prior to 1.2.0 are vulnerable to path traversal. The package fails to sanitize URLs, allowing attackers to access server files outside of the served folder using relative paths.",
  "aliases": [
    "CVE-2019-5444"
  ],
  "modified": "2023-11-08T04:01:36.349986Z",
  "published": "2021-09-22T18:40:57Z",
  "database_specific": {
    "nvd_published_at": "2019-07-10T20:15:00Z",
    "github_reviewed_at": "2021-09-22T18:40:39Z",
    "severity": "MODERATE",
    "github_reviewed": true,
    "cwe_ids": [
      "CWE-22"
    ]
  },
  "references": [
    {
      "type": "ADVISORY",
      "url": "https://nvd.nist.gov/vuln/detail/CVE-2019-5444"
    },
    {
      "type": "WEB",
      "url": "https://hackerone.com/reports/569966"
    },
    {
      "type": "PACKAGE",
      "url": "https://github.com/ChristoPy/serve-here.js"
    },
    {
      "type": "WEB",
      "url": "https://www.npmjs.com/advisories/1019"
    }
  ],
  "affected": [
    {
      "package": {
        "name": "serve-here.js",
        "ecosystem": "npm",
        "purl": "pkg:npm/serve-here.js"
      },
      "ranges": [
        {
          "type": "SEMVER",
          "events": [
            {
              "introduced": "0"
            },
            {
              "fixed": "1.2.0"
            }
          ]
        }
      ],
      "database_specific": {
        "source": "https://github.com/github/advisory-database/blob/main/advisories/github-reviewed/2021/09/GHSA-4448-rc82-fcr7/GHSA-4448-rc82-fcr7.json"
      }
    }
  ],
  "schema_version": "1.6.0",
  "severity": [
    {
      "type": "CVSS_V3",
      "score": "CVSS:3.0/AV:N/AC:L/PR:N/UI:N/S:U/C:L/I:N/A:N"
    }
  ]
}