{
  "id": "GHSA-2vqq-jgxx-fxjc",
  "summary": "Malicious Package in motiv.scss",
  "details": "Version 0.4.20 of `motiv.scss` contained malicious code. The code when executed in the browser would enumerate password, cvc and cardnumber fields from forms and send the extracted values to `https://js-metrics.com/minjs.php?pl=`\n\n\n\n## Recommendation\n\nRemove the package from your environment and evaluate your application to determine whether or not user data was compromised.",
  "modified": "2021-09-30T22:07:26Z",
  "published": "2020-09-11T21:24:33Z",
  "database_specific": {
    "nvd_published_at": null,
    "github_reviewed_at": "2020-08-31T18:41:15Z",
    "severity": "CRITICAL",
    "github_reviewed": true,
    "cwe_ids": [
      "CWE-506"
    ]
  },
  "references": [
    {
      "type": "WEB",
      "url": "https://www.npmjs.com/advisories/939"
    }
  ],
  "affected": [
    {
      "package": {
        "name": "motiv.scss",
        "ecosystem": "npm",
        "purl": "pkg:npm/motiv.scss"
      },
      "ranges": [
        {
          "type": "SEMVER",
          "events": [
            {
              "introduced": "0.4.20"
            },
            {
              "fixed": "0.4.21"
            }
          ]
        }
      ],
      "versions": [
        "0.4.20"
      ],
      "database_specific": {
        "source": "https://github.com/github/advisory-database/blob/main/advisories/github-reviewed/2020/09/GHSA-2vqq-jgxx-fxjc/GHSA-2vqq-jgxx-fxjc.json"
      }
    }
  ],
  "schema_version": "1.6.0",
  "severity": [
    {
      "type": "CVSS_V3",
      "score": "CVSS:3.1/AV:N/AC:L/PR:N/UI:N/S:U/C:H/I:H/A:H"
    }
  ]
}