{
  "id": "GHSA-33gc-f8v9-v8hm",
  "summary": "Malicious Package in ladder-text-js",
  "details": "`ladder-text-js` contained a malicious script that attempted to delete all files when `npm test` was run.\n\n\n\n## Recommendation\n\nThis module has been unpublished from the npm Registry. If you find this module in your environment remove it.",
  "modified": "2021-10-01T13:27:36Z",
  "published": "2020-09-01T20:41:40Z",
  "database_specific": {
    "nvd_published_at": null,
    "github_reviewed_at": "2020-08-31T18:31:21Z",
    "severity": "CRITICAL",
    "github_reviewed": true,
    "cwe_ids": [
      "CWE-506"
    ]
  },
  "references": [
    {
      "type": "WEB",
      "url": "https://www.npmjs.com/advisories/651"
    }
  ],
  "affected": [
    {
      "package": {
        "name": "ladder-text-js",
        "ecosystem": "npm",
        "purl": "pkg:npm/ladder-text-js"
      },
      "ranges": [
        {
          "type": "SEMVER",
          "events": [
            {
              "introduced": "0"
            }
          ]
        }
      ],
      "database_specific": {
        "source": "https://github.com/github/advisory-database/blob/main/advisories/github-reviewed/2020/09/GHSA-33gc-f8v9-v8hm/GHSA-33gc-f8v9-v8hm.json"
      }
    }
  ],
  "schema_version": "1.6.0",
  "severity": [
    {
      "type": "CVSS_V3",
      "score": "CVSS:3.1/AV:N/AC:L/PR:N/UI:N/S:U/C:H/I:H/A:H"
    }
  ]
}