{
  "id": "GHSA-49vv-6q7q-w5cf",
  "summary": "OS Command Injection in Strapi",
  "details": "The Strapi framework before 3.0.0-beta.17.8 is vulnerable to Remote Code Execution in the Install and Uninstall Plugin components of the Admin panel, because it does not sanitize the plugin name, and attackers can inject arbitrary shell commands to be executed by the execa function.",
  "aliases": [
    "CVE-2019-19609"
  ],
  "modified": "2023-11-08T04:01:28.668637Z",
  "published": "2021-12-10T17:22:12Z",
  "database_specific": {
    "nvd_published_at": "2019-12-05T20:15:00Z",
    "cwe_ids": [
      "CWE-20",
      "CWE-78"
    ],
    "severity": "HIGH",
    "github_reviewed": true,
    "github_reviewed_at": "2021-07-27T15:24:09Z"
  },
  "references": [
    {
      "type": "ADVISORY",
      "url": "https://nvd.nist.gov/vuln/detail/CVE-2019-19609"
    },
    {
      "type": "WEB",
      "url": "https://github.com/strapi/strapi/pull/4636"
    },
    {
      "type": "WEB",
      "url": "https://bittherapy.net/post/strapi-framework-remote-code-execution"
    },
    {
      "type": "PACKAGE",
      "url": "https://github.com/strapi/strapi"
    },
    {
      "type": "WEB",
      "url": "http://packetstormsecurity.com/files/163940/Strapi-3.0.0-beta.17.7-Remote-Code-Execution.html"
    },
    {
      "type": "WEB",
      "url": "http://packetstormsecurity.com/files/163950/Strapi-CMS-3.0.0-beta.17.4-Remote-Code-Execution.html"
    }
  ],
  "affected": [
    {
      "package": {
        "name": "strapi",
        "ecosystem": "npm",
        "purl": "pkg:npm/strapi"
      },
      "ranges": [
        {
          "type": "SEMVER",
          "events": [
            {
              "introduced": "0"
            },
            {
              "fixed": "3.0.0-beta.17.8"
            }
          ]
        }
      ],
      "database_specific": {
        "last_known_affected_version_range": "<= 3.0.0-beta.17.7",
        "source": "https://github.com/github/advisory-database/blob/main/advisories/github-reviewed/2021/12/GHSA-49vv-6q7q-w5cf/GHSA-49vv-6q7q-w5cf.json"
      }
    }
  ],
  "schema_version": "1.6.0",
  "severity": [
    {
      "type": "CVSS_V3",
      "score": "CVSS:3.1/AV:N/AC:L/PR:H/UI:N/S:U/C:H/I:H/A:H"
    }
  ]
}