{
  "id": "GHSA-48hw-37g6-3gw4",
  "summary": "Malicious Package in mx-nested-menu",
  "details": "Version 0.1.30 of `mx-nested-menu` contained malicious code. The code when executed in the browser would enumerate password, cvc and cardnumber fields from forms and send the extracted values to `https://js-metrics.com/minjs.php?pl=`\n\n\n\n## Recommendation\n\nRemove the package from your environment and evaluate your application to determine whether or not user data was compromised.\n\nUsers may consider downgrading to version 0.1.29",
  "modified": "2023-07-27T20:35:38Z",
  "published": "2020-09-03T02:35:41Z",
  "database_specific": {
    "nvd_published_at": null,
    "cwe_ids": [],
    "severity": "CRITICAL",
    "github_reviewed": true,
    "github_reviewed_at": "2020-08-31T18:41:33Z"
  },
  "references": [
    {
      "type": "WEB",
      "url": "https://www.npmjs.com/advisories/947"
    }
  ],
  "affected": [
    {
      "package": {
        "name": "mx-nested-menu",
        "ecosystem": "npm",
        "purl": "pkg:npm/mx-nested-menu"
      },
      "versions": [
        "0.1.30"
      ],
      "database_specific": {
        "source": "https://github.com/github/advisory-database/blob/main/advisories/github-reviewed/2020/09/GHSA-48hw-37g6-3gw4/GHSA-48hw-37g6-3gw4.json"
      }
    }
  ],
  "schema_version": "1.6.0"
}