{
  "id": "GHSA-2hwp-g4g7-mwwj",
  "summary": "Reflected Cross-Site Scripting in jquery.terminal",
  "details": "Versions of `jquery.terminal` prior to 1.21.0 are vulnerable to Reflected Cross-Site Scripting. If the application has either of the options `anyLinks` or `invokeMethods` set to true, the application may execute arbitrary JavaScript through crafted malicious payloads due to insufficient sanitization.\n\n\n## Recommendation\n\nUpgrade to version 1.21.0 or later",
  "modified": "2020-08-31T18:35:05Z",
  "published": "2019-05-29T20:25:35Z",
  "database_specific": {
    "nvd_published_at": null,
    "github_reviewed_at": "2019-05-29T20:24:48Z",
    "severity": "MODERATE",
    "github_reviewed": true,
    "cwe_ids": [
      "CWE-79"
    ]
  },
  "references": [
    {
      "type": "WEB",
      "url": "https://github.com/jcubic/jquery.terminal/commit/c8b7727d21960031b62a4ef1ed52f3c634046211"
    },
    {
      "type": "WEB",
      "url": "https://www.npmjs.com/advisories/769"
    }
  ],
  "affected": [
    {
      "package": {
        "name": "jquery.terminal",
        "ecosystem": "npm",
        "purl": "pkg:npm/jquery.terminal"
      },
      "ranges": [
        {
          "type": "SEMVER",
          "events": [
            {
              "introduced": "0"
            },
            {
              "fixed": "1.21.0"
            }
          ]
        }
      ],
      "database_specific": {
        "source": "https://github.com/github/advisory-database/blob/main/advisories/github-reviewed/2019/05/GHSA-2hwp-g4g7-mwwj/GHSA-2hwp-g4g7-mwwj.json"
      }
    }
  ],
  "schema_version": "1.6.0"
}