{
  "id": "GHSA-25pr-6pr6-68v7",
  "summary": "Path traversal in atlasboard",
  "details": "The renderWidgetResource resource in Atlasian Atlasboard before version 1.1.9 allows remote attackers to read arbitrary files via a path traversal vulnerability.",
  "aliases": [
    "CVE-2021-39109"
  ],
  "modified": "2023-11-08T04:06:29.793104Z",
  "published": "2021-09-02T17:17:25Z",
  "database_specific": {
    "nvd_published_at": "2021-09-01T06:15:00Z",
    "cwe_ids": [
      "CWE-22"
    ],
    "severity": "HIGH",
    "github_reviewed": true,
    "github_reviewed_at": "2021-09-02T16:35:00Z"
  },
  "references": [
    {
      "type": "ADVISORY",
      "url": "https://nvd.nist.gov/vuln/detail/CVE-2021-39109"
    },
    {
      "type": "WEB",
      "url": "https://bitbucket.org/atlassian/atlasboard/commits/9c03df09f09399e2601010466e8ba3a28236eb9c"
    },
    {
      "type": "WEB",
      "url": "https://bitbucket.org/atlassian/atlasboard/pull-requests/91/buildeng-19379-apply-only-the-path"
    },
    {
      "type": "WEB",
      "url": "https://bitbucket.org/atlassian/atlasboard/src/master"
    }
  ],
  "affected": [
    {
      "package": {
        "name": "atlasboard",
        "ecosystem": "npm",
        "purl": "pkg:npm/atlasboard"
      },
      "ranges": [
        {
          "type": "SEMVER",
          "events": [
            {
              "introduced": "0"
            },
            {
              "fixed": "1.1.9"
            }
          ]
        }
      ],
      "database_specific": {
        "source": "https://github.com/github/advisory-database/blob/main/advisories/github-reviewed/2021/09/GHSA-25pr-6pr6-68v7/GHSA-25pr-6pr6-68v7.json"
      }
    }
  ],
  "schema_version": "1.6.0"
}