{
  "id": "GHSA-45c3-c4c3-8rqg",
  "summary": "FUXA vulnerable to Local File Inclusion",
  "details": "FUXA <= 1.1.12 has a Local File Inclusion vulnerability via file=fuxa.log",
  "aliases": [
    "CVE-2023-31716"
  ],
  "modified": "2023-11-08T04:12:31.594167Z",
  "published": "2023-09-22T00:30:29Z",
  "database_specific": {
    "nvd_published_at": "2023-09-22T00:15:09Z",
    "cwe_ids": [],
    "severity": "HIGH",
    "github_reviewed": true,
    "github_reviewed_at": "2023-09-22T17:08:32Z"
  },
  "references": [
    {
      "type": "ADVISORY",
      "url": "https://nvd.nist.gov/vuln/detail/CVE-2023-31716"
    },
    {
      "type": "WEB",
      "url": "https://github.com/MateusTesser/CVE-2023-31716"
    },
    {
      "type": "PACKAGE",
      "url": "https://github.com/frangoteam/FUXA"
    }
  ],
  "affected": [
    {
      "package": {
        "name": "@frangoteam/fuxa",
        "ecosystem": "npm",
        "purl": "pkg:npm/%40frangoteam/fuxa"
      },
      "ranges": [
        {
          "type": "SEMVER",
          "events": [
            {
              "introduced": "0"
            },
            {
              "last_affected": "1.1.12"
            }
          ]
        }
      ],
      "database_specific": {
        "source": "https://github.com/github/advisory-database/blob/main/advisories/github-reviewed/2023/09/GHSA-45c3-c4c3-8rqg/GHSA-45c3-c4c3-8rqg.json"
      }
    }
  ],
  "schema_version": "1.6.0",
  "severity": [
    {
      "type": "CVSS_V3",
      "score": "CVSS:3.1/AV:N/AC:L/PR:N/UI:N/S:U/C:H/I:N/A:N"
    }
  ]
}