{
  "id": "GHSA-45w5-pvr8-4rh5",
  "summary": "Command injection in eslint-fixer",
  "details": "The eslint-fixer package through 0.1.5 for Node.js allows command injection via shell metacharacters to the fix function. NOTE: This vulnerability only affects products that are no longer supported by the maintainer. The ozum/eslint-fixer GitHub repository has been intentionally deleted.",
  "aliases": [
    "CVE-2021-26275"
  ],
  "modified": "2023-11-08T04:05:20.533336Z",
  "published": "2021-04-13T15:19:14Z",
  "database_specific": {
    "nvd_published_at": "2021-03-19T00:15:00Z",
    "github_reviewed_at": "2021-03-26T22:09:16Z",
    "severity": "CRITICAL",
    "github_reviewed": true,
    "cwe_ids": [
      "CWE-77"
    ]
  },
  "references": [
    {
      "type": "ADVISORY",
      "url": "https://nvd.nist.gov/vuln/detail/CVE-2021-26275"
    },
    {
      "type": "WEB",
      "url": "https://advisory.checkmarx.net/advisory/CX-2021-4774"
    },
    {
      "type": "WEB",
      "url": "https://www.npmjs.com/package/eslint-fixer"
    }
  ],
  "affected": [
    {
      "package": {
        "name": "eslint-fixer",
        "ecosystem": "npm",
        "purl": "pkg:npm/eslint-fixer"
      },
      "ranges": [
        {
          "type": "SEMVER",
          "events": [
            {
              "introduced": "0"
            },
            {
              "last_affected": "0.1.5"
            }
          ]
        }
      ],
      "database_specific": {
        "source": "https://github.com/github/advisory-database/blob/main/advisories/github-reviewed/2021/04/GHSA-45w5-pvr8-4rh5/GHSA-45w5-pvr8-4rh5.json"
      }
    }
  ],
  "schema_version": "1.6.0",
  "severity": [
    {
      "type": "CVSS_V3",
      "score": "CVSS:3.1/AV:N/AC:L/PR:N/UI:N/S:U/C:H/I:H/A:H"
    }
  ]
}