{
  "id": "GHSA-3jcq-cwr7-6332",
  "summary": "jplayer Cross Site Scripting vulnerability",
  "details": "Multiple cross-site scripting (XSS) vulnerabilities in actionscript/Jplayer.as in the Flash SWF component (jplayer.swf) in jPlayer before 2.3.0 allow remote attackers to inject arbitrary web script or HTML via the (1) jQuery or (2) id parameters, a different vulnerability than CVE-2013-1942 and CVE-2013-2023, as demonstrated by using the alert function in the jQuery parameter.  NOTE: these are the same parameters as CVE-2013-1942, but the fix for CVE-2013-1942 uses a blacklist for the jQuery parameter.",
  "aliases": [
    "CVE-2013-2022"
  ],
  "modified": "2024-04-02T14:41:43.363778Z",
  "published": "2022-05-17T04:39:22Z",
  "database_specific": {
    "nvd_published_at": "2013-08-17T16:55:00Z",
    "cwe_ids": [
      "CWE-79"
    ],
    "severity": "MODERATE",
    "github_reviewed": true,
    "github_reviewed_at": "2024-04-02T14:07:58Z"
  },
  "references": [
    {
      "type": "ADVISORY",
      "url": "https://nvd.nist.gov/vuln/detail/CVE-2013-2022"
    },
    {
      "type": "WEB",
      "url": "https://github.com/happyworm/jPlayer/commit/c5fe17bb4459164bd59153b57248cf94b8867373"
    },
    {
      "type": "WEB",
      "url": "https://github.com/jplayer/jPlayer/commit/c5fe17bb4459164bd59153b57248cf94b8867373"
    },
    {
      "type": "PACKAGE",
      "url": "https://github.com/jplayer/jPlayer"
    },
    {
      "type": "WEB",
      "url": "http://marc.info/?l=oss-security&m=136570964825921&w=2"
    },
    {
      "type": "WEB",
      "url": "http://marc.info/?l=oss-security&m=136726705917858&w=2"
    },
    {
      "type": "WEB",
      "url": "http://marc.info/?l=oss-security&m=136773622321563&w=2"
    },
    {
      "type": "WEB",
      "url": "http://seclists.org/fulldisclosure/2013/Apr/192"
    },
    {
      "type": "WEB",
      "url": "http://www.jplayer.org/2.3.0/release-notes"
    },
    {
      "type": "WEB",
      "url": "http://www.openwall.com/lists/oss-security/2013/06/27/7"
    },
    {
      "type": "WEB",
      "url": "http://www.openwall.com/lists/oss-security/2013/07/04/5"
    }
  ],
  "affected": [
    {
      "package": {
        "name": "jplayer",
        "ecosystem": "npm",
        "purl": "pkg:npm/jplayer"
      },
      "ranges": [
        {
          "type": "SEMVER",
          "events": [
            {
              "introduced": "0"
            },
            {
              "fixed": "2.3.0"
            }
          ]
        }
      ],
      "database_specific": {
        "source": "https://github.com/github/advisory-database/blob/main/advisories/github-reviewed/2022/05/GHSA-3jcq-cwr7-6332/GHSA-3jcq-cwr7-6332.json"
      }
    }
  ],
  "schema_version": "1.6.0"
}