{
  "id": "GHSA-23xp-j737-282v",
  "summary": "Path Traversal in takeapeek",
  "details": "All versions of `takeapeek` are vulnerable to path traversal exposing files and directories.\n\n\n## Recommendation\n\nAs no fix is currently available for this vulnerability is it is our recommendation to use another static file server.",
  "aliases": [
    "CVE-2018-16473"
  ],
  "modified": "2023-11-08T03:59:59.946072Z",
  "published": "2018-11-06T23:12:30Z",
  "database_specific": {
    "nvd_published_at": null,
    "cwe_ids": [
      "CWE-22"
    ],
    "severity": "MODERATE",
    "github_reviewed": true,
    "github_reviewed_at": "2020-06-16T20:51:15Z"
  },
  "references": [
    {
      "type": "ADVISORY",
      "url": "https://nvd.nist.gov/vuln/detail/CVE-2018-16473"
    },
    {
      "type": "WEB",
      "url": "https://hackerone.com/reports/403736"
    },
    {
      "type": "ADVISORY",
      "url": "https://github.com/advisories/GHSA-23xp-j737-282v"
    },
    {
      "type": "WEB",
      "url": "https://github.com/nodejs/security-wg/blob/master/vuln/npm/478.json"
    },
    {
      "type": "WEB",
      "url": "https://www.npmjs.com/advisories/740"
    }
  ],
  "affected": [
    {
      "package": {
        "name": "takeapeek",
        "ecosystem": "npm",
        "purl": "pkg:npm/takeapeek"
      },
      "ranges": [
        {
          "type": "SEMVER",
          "events": [
            {
              "introduced": "0"
            },
            {
              "last_affected": "0.2.2"
            }
          ]
        }
      ],
      "database_specific": {
        "source": "https://github.com/github/advisory-database/blob/main/advisories/github-reviewed/2018/11/GHSA-23xp-j737-282v/GHSA-23xp-j737-282v.json"
      }
    }
  ],
  "schema_version": "1.6.0",
  "severity": [
    {
      "type": "CVSS_V3",
      "score": "CVSS:3.0/AV:N/AC:L/PR:N/UI:N/S:U/C:L/I:N/A:N"
    }
  ]
}