{
  "id": "GHSA-45j8-pm75-5v8x",
  "summary": "Path Traversal in simplehttpserver",
  "details": "Versions of `simplehttpserver` prior to 0.2.1 are vulnerable to Path Traversal.  Due to insufficient input sanitization, attackers can access server files by using relative paths. \n\n\n## Recommendation\n\nUpgrade to version 0.2.1 or later.",
  "aliases": [
    "CVE-2018-16493"
  ],
  "modified": "2023-11-08T04:00:01.116915Z",
  "published": "2019-02-07T18:18:04Z",
  "database_specific": {
    "nvd_published_at": null,
    "github_reviewed_at": "2020-06-16T20:57:24Z",
    "severity": "HIGH",
    "github_reviewed": true,
    "cwe_ids": [
      "CWE-548"
    ]
  },
  "references": [
    {
      "type": "ADVISORY",
      "url": "https://nvd.nist.gov/vuln/detail/CVE-2018-16493"
    },
    {
      "type": "WEB",
      "url": "https://hackerone.com/reports/357109"
    },
    {
      "type": "WEB",
      "url": "https://hackerone.com/reports/432600"
    },
    {
      "type": "ADVISORY",
      "url": "https://github.com/advisories/GHSA-45j8-pm75-5v8x"
    },
    {
      "type": "WEB",
      "url": "https://www.npmjs.com/advisories/967"
    },
    {
      "type": "WEB",
      "url": "https://www.npmjs.com/advisories/968"
    }
  ],
  "affected": [
    {
      "package": {
        "name": "static-resource-server",
        "ecosystem": "npm",
        "purl": "pkg:npm/static-resource-server"
      },
      "ranges": [
        {
          "type": "SEMVER",
          "events": [
            {
              "introduced": "0"
            },
            {
              "last_affected": "1.7.2"
            }
          ]
        }
      ],
      "database_specific": {
        "source": "https://github.com/github/advisory-database/blob/main/advisories/github-reviewed/2019/02/GHSA-45j8-pm75-5v8x/GHSA-45j8-pm75-5v8x.json"
      }
    }
  ],
  "schema_version": "1.6.0"
}