{
  "id": "GHSA-3fxp-vwxm-2r5p",
  "summary": "Command injection in gitlogplus",
  "details": "All versions of package gitlogplus are vulnerable to Command Injection via the main functionality, as options attributes are appended to the command to be executed without sanitization.",
  "aliases": [
    "CVE-2021-23412"
  ],
  "modified": "2023-11-08T04:05:08.128447Z",
  "published": "2021-07-26T21:23:35Z",
  "database_specific": {
    "nvd_published_at": "2021-07-23T16:15:00Z",
    "github_reviewed_at": "2021-07-26T17:27:36Z",
    "severity": "CRITICAL",
    "github_reviewed": true,
    "cwe_ids": [
      "CWE-77"
    ]
  },
  "references": [
    {
      "type": "ADVISORY",
      "url": "https://nvd.nist.gov/vuln/detail/CVE-2021-23412"
    },
    {
      "type": "WEB",
      "url": "https://hackerone.com/reports/808942"
    },
    {
      "type": "WEB",
      "url": "https://snyk.io/vuln/SNYK-JS-GITLOGPLUS-1315832"
    },
    {
      "type": "WEB",
      "url": "https://www.npmjs.com/package/gitlogplus"
    }
  ],
  "affected": [
    {
      "package": {
        "name": "gitlogplus",
        "ecosystem": "npm",
        "purl": "pkg:npm/gitlogplus"
      },
      "ranges": [
        {
          "type": "SEMVER",
          "events": [
            {
              "introduced": "0"
            },
            {
              "last_affected": "3.1.7"
            }
          ]
        }
      ],
      "database_specific": {
        "source": "https://github.com/github/advisory-database/blob/main/advisories/github-reviewed/2021/07/GHSA-3fxp-vwxm-2r5p/GHSA-3fxp-vwxm-2r5p.json"
      }
    }
  ],
  "schema_version": "1.6.0",
  "severity": [
    {
      "type": "CVSS_V3",
      "score": "CVSS:3.1/AV:N/AC:L/PR:N/UI:N/S:U/C:H/I:H/A:H"
    }
  ]
}