{
  "id": "GHSA-4cpg-3vgw-4877",
  "summary": "Prototype pollution in Plist before 3.0.5 can cause denial of service",
  "details": "Prototype pollution vulnerability via `.parse()` in Plist allows attackers to cause a Denial of Service (DoS) and may lead to remote code execution.",
  "aliases": [
    "CVE-2022-22912"
  ],
  "modified": "2023-11-08T04:08:14.260671Z",
  "published": "2022-02-18T00:00:33Z",
  "database_specific": {
    "nvd_published_at": "2022-02-17T19:15:00Z",
    "cwe_ids": [
      "CWE-1321"
    ],
    "severity": "CRITICAL",
    "github_reviewed": true,
    "github_reviewed_at": "2022-02-22T15:34:44Z"
  },
  "references": [
    {
      "type": "ADVISORY",
      "url": "https://nvd.nist.gov/vuln/detail/CVE-2022-22912"
    },
    {
      "type": "WEB",
      "url": "https://github.com/TooTallNate/plist.js/issues/114"
    },
    {
      "type": "WEB",
      "url": "https://github.com/TooTallNate/plist.js/pull/118"
    },
    {
      "type": "WEB",
      "url": "https://github.com/TooTallNate/plist.js/commit/96e2303d059e6be0c9e0c4773226d14b4758de52"
    },
    {
      "type": "PACKAGE",
      "url": "https://github.com/TooTallNate/plist.js"
    }
  ],
  "affected": [
    {
      "package": {
        "name": "plist",
        "ecosystem": "npm",
        "purl": "pkg:npm/plist"
      },
      "ranges": [
        {
          "type": "SEMVER",
          "events": [
            {
              "introduced": "0"
            },
            {
              "fixed": "3.0.5"
            }
          ]
        }
      ],
      "ecosystem_specific": {
        "affected_functions": [
          "(plist).parse"
        ]
      },
      "database_specific": {
        "source": "https://github.com/github/advisory-database/blob/main/advisories/github-reviewed/2022/02/GHSA-4cpg-3vgw-4877/GHSA-4cpg-3vgw-4877.json"
      }
    }
  ],
  "schema_version": "1.6.0",
  "severity": [
    {
      "type": "CVSS_V3",
      "score": "CVSS:3.1/AV:N/AC:L/PR:N/UI:N/S:U/C:H/I:H/A:H"
    }
  ]
}