{
  "id": "GHSA-4gfq-6m28-m5mg",
  "summary": "Improper neutralization of arguments in freediskspace",
  "details": "This affects all versions of package freediskspace. The vulnerability arises out of improper neutralization of arguments in line 71 of freediskspace.js.",
  "aliases": [
    "CVE-2020-7775"
  ],
  "modified": "2023-11-08T04:04:09.851626Z",
  "published": "2021-04-13T15:16:11Z",
  "database_specific": {
    "nvd_published_at": "2021-02-02T19:15:00Z",
    "github_reviewed_at": "2021-03-19T23:11:49Z",
    "severity": "CRITICAL",
    "github_reviewed": true,
    "cwe_ids": [
      "CWE-78"
    ]
  },
  "references": [
    {
      "type": "ADVISORY",
      "url": "https://nvd.nist.gov/vuln/detail/CVE-2020-7775"
    },
    {
      "type": "WEB",
      "url": "https://snyk.io/vuln/SNYK-JS-FREEDISKSPACE-1040716"
    }
  ],
  "affected": [
    {
      "package": {
        "name": "freediskspace",
        "ecosystem": "npm",
        "purl": "pkg:npm/freediskspace"
      },
      "ranges": [
        {
          "type": "SEMVER",
          "events": [
            {
              "introduced": "0"
            },
            {
              "last_affected": "1.2.0"
            }
          ]
        }
      ],
      "database_specific": {
        "source": "https://github.com/github/advisory-database/blob/main/advisories/github-reviewed/2021/04/GHSA-4gfq-6m28-m5mg/GHSA-4gfq-6m28-m5mg.json"
      }
    }
  ],
  "schema_version": "1.6.0",
  "severity": [
    {
      "type": "CVSS_V3",
      "score": "CVSS:3.1/AV:N/AC:L/PR:N/UI:N/S:U/C:H/I:H/A:H"
    }
  ]
}