{
  "id": "GHSA-4jh3-6jhv-2mgp",
  "summary": "react-native-mmkv Insertion of Sensitive Information into Log File vulnerability",
  "details": "## Summary\nBefore version [v2.11.0](https://github.com/mrousavy/react-native-mmkv/releases/tag/v2.11.0), the react-native-mmkv logged the optional encryption key for the MMKV database into the Android system log. The key can be obtained by anyone with access to the Android Debugging Bridge (ADB) if it is enabled in the phone settings. This bug is not present on iOS devices.\n\n## Details\nThe bridge for communicating between JS code and native code on Android logs the encryption key. This was fixed in commit [a8995cc](https://github.com/mrousavy/react-native-mmkv/commit/a8995ccb7184281f7d168bad3e9987c9bd05f00d) by only logging whether encryption is used.\n\n## Impact\nThe encryption of an MMKV database protects data from higher privilege processes on the phone that can access the app storage. Additionally, if data in the app's storage is encrypted, it is also encrypted in potential backups.\nBy logging the encryption secret to the system logs, attackers can trivially recover the secret by enabling ADB and undermining an app's thread model.\n\nThe bug was discovered and fixed by somebody else. Not me. I'm just reporting this so users of react-native-mmkv upgrade the dependency.",
  "aliases": [
    "CVE-2024-21668"
  ],
  "modified": "2024-01-09T21:52:47Z",
  "published": "2024-01-09T19:33:09Z",
  "database_specific": {
    "nvd_published_at": "2024-01-09T19:15:12Z",
    "cwe_ids": [
      "CWE-532"
    ],
    "severity": "MODERATE",
    "github_reviewed": true,
    "github_reviewed_at": "2024-01-09T19:33:09Z"
  },
  "references": [
    {
      "type": "WEB",
      "url": "https://github.com/mrousavy/react-native-mmkv/security/advisories/GHSA-4jh3-6jhv-2mgp"
    },
    {
      "type": "ADVISORY",
      "url": "https://nvd.nist.gov/vuln/detail/CVE-2024-21668"
    },
    {
      "type": "WEB",
      "url": "https://github.com/mrousavy/react-native-mmkv/commit/a8995ccb7184281f7d168bad3e9987c9bd05f00d"
    },
    {
      "type": "PACKAGE",
      "url": "https://github.com/mrousavy/react-native-mmkv"
    },
    {
      "type": "WEB",
      "url": "https://github.com/mrousavy/react-native-mmkv/releases/tag/v2.11.0"
    }
  ],
  "affected": [
    {
      "package": {
        "name": "react-native-mmkv",
        "ecosystem": "npm",
        "purl": "pkg:npm/react-native-mmkv"
      },
      "ranges": [
        {
          "type": "SEMVER",
          "events": [
            {
              "introduced": "0"
            },
            {
              "fixed": "2.11.0"
            }
          ]
        }
      ],
      "database_specific": {
        "source": "https://github.com/github/advisory-database/blob/main/advisories/github-reviewed/2024/01/GHSA-4jh3-6jhv-2mgp/GHSA-4jh3-6jhv-2mgp.json"
      }
    }
  ],
  "schema_version": "1.6.0",
  "severity": [
    {
      "type": "CVSS_V3",
      "score": "CVSS:3.1/AV:L/AC:L/PR:H/UI:N/S:U/C:H/I:N/A:N"
    }
  ]
}