{
  "id": "GHSA-25mp-g6fv-mqxx",
  "summary": "Unexpected server crash in Next.js.",
  "details": "Next.js is a React framework. In versions of Next.js prior to 12.0.5 or 11.1.3, invalid or malformed URLs could lead to a server crash. In order to be affected by this issue, the deployment must use Next.js versions above 11.1.0 and below 12.0.5, Node.js above 15.0.0, and next start or a custom server. Deployments on Vercel are not affected, along with similar environments where invalid requests are filtered before reaching Next.js. Versions 12.0.5 and 11.1.3 contain patches for this issue. Note that prior version 0.9.9 package `next` hosted a different utility (0.4.1 being the latest version of that codebase), and this advisory does not apply to those versions. ",
  "aliases": [
    "CVE-2021-43803"
  ],
  "modified": "2024-03-13T22:14:17Z",
  "published": "2021-12-07T21:12:09Z",
  "database_specific": {
    "nvd_published_at": "2021-12-10T00:15:00Z",
    "cwe_ids": [
      "CWE-20"
    ],
    "severity": "HIGH",
    "github_reviewed": true,
    "github_reviewed_at": "2021-12-06T19:17:55Z"
  },
  "references": [
    {
      "type": "WEB",
      "url": "https://github.com/vercel/next.js/security/advisories/GHSA-25mp-g6fv-mqxx"
    },
    {
      "type": "ADVISORY",
      "url": "https://nvd.nist.gov/vuln/detail/CVE-2021-43803"
    },
    {
      "type": "WEB",
      "url": "https://github.com/vercel/next.js/pull/32080"
    },
    {
      "type": "WEB",
      "url": "https://github.com/vercel/next.js/commit/6d98b4fb4315dec1badecf0e9bdc212a4272b264"
    },
    {
      "type": "PACKAGE",
      "url": "https://github.com/vercel/next.js"
    },
    {
      "type": "WEB",
      "url": "https://github.com/vercel/next.js/releases/tag/v11.1.3"
    },
    {
      "type": "WEB",
      "url": "https://github.com/vercel/next.js/releases/v12.0.5"
    }
  ],
  "affected": [
    {
      "package": {
        "name": "next",
        "ecosystem": "npm",
        "purl": "pkg:npm/next"
      },
      "ranges": [
        {
          "type": "SEMVER",
          "events": [
            {
              "introduced": "12.0.0"
            },
            {
              "fixed": "12.0.5"
            }
          ]
        }
      ],
      "database_specific": {
        "source": "https://github.com/github/advisory-database/blob/main/advisories/github-reviewed/2021/12/GHSA-25mp-g6fv-mqxx/GHSA-25mp-g6fv-mqxx.json"
      }
    },
    {
      "package": {
        "name": "next",
        "ecosystem": "npm",
        "purl": "pkg:npm/next"
      },
      "ranges": [
        {
          "type": "SEMVER",
          "events": [
            {
              "introduced": "0.9.9"
            },
            {
              "fixed": "11.1.3"
            }
          ]
        }
      ],
      "database_specific": {
        "source": "https://github.com/github/advisory-database/blob/main/advisories/github-reviewed/2021/12/GHSA-25mp-g6fv-mqxx/GHSA-25mp-g6fv-mqxx.json"
      }
    }
  ],
  "schema_version": "1.6.0",
  "severity": [
    {
      "type": "CVSS_V3",
      "score": "CVSS:3.1/AV:N/AC:L/PR:N/UI:N/S:U/C:N/I:N/A:H"
    }
  ]
}