{
  "id": "GHSA-3cqr-58rm-57f8",
  "summary": "Arbitrary Code Execution in Handlebars",
  "details": "Handlebars before 3.0.8 and 4.x before 4.5.3 is vulnerable to Arbitrary Code Execution. The lookup helper fails to properly validate templates, allowing attackers to submit templates that execute arbitrary JavaScript. This can be used to run arbitrary code on a server processing Handlebars templates or in a victim's browser (effectively serving as XSS).",
  "aliases": [
    "CVE-2019-20920",
    "SNYK-JS-HANDLEBARS-534478"
  ],
  "modified": "2024-08-01T09:11:47.615922Z",
  "published": "2022-02-10T20:38:19Z",
  "database_specific": {
    "nvd_published_at": "2020-09-30T18:15:00Z",
    "cwe_ids": [
      "CWE-94"
    ],
    "severity": "HIGH",
    "github_reviewed": true,
    "github_reviewed_at": "2021-04-22T23:38:32Z"
  },
  "references": [
    {
      "type": "ADVISORY",
      "url": "https://nvd.nist.gov/vuln/detail/CVE-2019-20920"
    },
    {
      "type": "WEB",
      "url": "https://github.com/handlebars-lang/handlebars.js/commit/156061eb7707575293613d7fdf90e2bdaac029ee"
    },
    {
      "type": "WEB",
      "url": "https://github.com/handlebars-lang/handlebars.js/commit/d54137810a49939fd2ad01a91a34e182ece4528e"
    },
    {
      "type": "WEB",
      "url": "https://snyk.io/vuln/SNYK-JS-HANDLEBARS-534478"
    },
    {
      "type": "WEB",
      "url": "https://www.npmjs.com/advisories/1316"
    },
    {
      "type": "WEB",
      "url": "https://www.npmjs.com/advisories/1324"
    },
    {
      "type": "WEB",
      "url": "https://www.npmjs.com/package/handlebars"
    }
  ],
  "affected": [
    {
      "package": {
        "name": "handlebars",
        "ecosystem": "npm",
        "purl": "pkg:npm/handlebars"
      },
      "ranges": [
        {
          "type": "SEMVER",
          "events": [
            {
              "introduced": "0"
            },
            {
              "fixed": "3.0.8"
            }
          ]
        }
      ],
      "ecosystem_specific": {
        "affected_functions": [
          "(handlebars).helpers.lookup"
        ]
      },
      "database_specific": {
        "source": "https://github.com/github/advisory-database/blob/main/advisories/github-reviewed/2022/02/GHSA-3cqr-58rm-57f8/GHSA-3cqr-58rm-57f8.json"
      }
    },
    {
      "package": {
        "name": "handlebars",
        "ecosystem": "npm",
        "purl": "pkg:npm/handlebars"
      },
      "ranges": [
        {
          "type": "SEMVER",
          "events": [
            {
              "introduced": "4.0.0"
            },
            {
              "fixed": "4.5.3"
            }
          ]
        }
      ],
      "ecosystem_specific": {
        "affected_functions": [
          "(handlebars).helpers.lookup"
        ]
      },
      "database_specific": {
        "source": "https://github.com/github/advisory-database/blob/main/advisories/github-reviewed/2022/02/GHSA-3cqr-58rm-57f8/GHSA-3cqr-58rm-57f8.json"
      }
    }
  ],
  "schema_version": "1.6.0",
  "severity": [
    {
      "type": "CVSS_V3",
      "score": "CVSS:3.1/AV:N/AC:H/PR:N/UI:N/S:C/C:H/I:L/A:L"
    }
  ]
}