{
  "id": "GHSA-2xcj-557c-hf8r",
  "summary": "Cross-site Scripting in evershop",
  "details": "Cross Site Scripting vulnerability in EverShop NPM versions before v.1.0.0-rc.8 allows a remote attacker to obtain sensitive information via a crafted request to the sortBy parameter.",
  "aliases": [
    "CVE-2023-46495"
  ],
  "modified": "2023-12-13T13:56:36.962881Z",
  "published": "2023-12-08T21:30:30Z",
  "database_specific": {
    "nvd_published_at": "2023-12-08T20:15:07Z",
    "cwe_ids": [
      "CWE-79"
    ],
    "severity": "MODERATE",
    "github_reviewed": true,
    "github_reviewed_at": "2023-12-13T13:36:33Z"
  },
  "references": [
    {
      "type": "ADVISORY",
      "url": "https://nvd.nist.gov/vuln/detail/CVE-2023-46495"
    },
    {
      "type": "WEB",
      "url": "https://github.com/evershopcommerce/evershop/pull/338"
    },
    {
      "type": "WEB",
      "url": "https://devhub.checkmarx.com/cve-details/CVE-2023-46495"
    },
    {
      "type": "WEB",
      "url": "https://devhub.checkmarx.com/cve-details/Cxbc6d4599-c1bd"
    },
    {
      "type": "PACKAGE",
      "url": "https://github.com/evershopcommerce/evershop"
    }
  ],
  "affected": [
    {
      "package": {
        "name": "@evershop/evershop",
        "ecosystem": "npm",
        "purl": "pkg:npm/%40evershop/evershop"
      },
      "ranges": [
        {
          "type": "SEMVER",
          "events": [
            {
              "introduced": "0"
            },
            {
              "fixed": "1.0.0-rc.8"
            }
          ]
        }
      ],
      "database_specific": {
        "source": "https://github.com/github/advisory-database/blob/main/advisories/github-reviewed/2023/12/GHSA-2xcj-557c-hf8r/GHSA-2xcj-557c-hf8r.json"
      }
    }
  ],
  "schema_version": "1.6.0",
  "severity": [
    {
      "type": "CVSS_V3",
      "score": "CVSS:3.1/AV:N/AC:L/PR:N/UI:R/S:C/C:L/I:L/A:N"
    }
  ]
}