{
  "id": "GHSA-46fh-8fc5-xcwx",
  "summary": "Prototype Pollution in lodash.defaultsdeep",
  "details": "Versions of `lodash.defaultsdeep` before 4.6.1 are vulnerable to Prototype Pollution. The function 'defaultsDeep' may allow a malicious user to modify the prototype of `Object` via `__proto__` causing the addition or modification of an existing property that will exist on all objects.\n\n\n\n\n## Recommendation\n\nUpdate to version 4.6.1 or later.",
  "modified": "2020-08-31T18:46:13Z",
  "published": "2020-09-03T18:09:16Z",
  "database_specific": {
    "nvd_published_at": null,
    "github_reviewed_at": "2020-08-31T18:46:13Z",
    "severity": "HIGH",
    "github_reviewed": true,
    "cwe_ids": [
      "CWE-1321"
    ]
  },
  "references": [
    {
      "type": "WEB",
      "url": "https://www.npmjs.com/advisories/1070"
    }
  ],
  "affected": [
    {
      "package": {
        "name": "lodash.defaultsdeep",
        "ecosystem": "npm",
        "purl": "pkg:npm/lodash.defaultsdeep"
      },
      "ranges": [
        {
          "type": "SEMVER",
          "events": [
            {
              "introduced": "0"
            },
            {
              "fixed": "4.6.1"
            }
          ]
        }
      ],
      "database_specific": {
        "source": "https://github.com/github/advisory-database/blob/main/advisories/github-reviewed/2020/09/GHSA-46fh-8fc5-xcwx/GHSA-46fh-8fc5-xcwx.json"
      }
    }
  ],
  "schema_version": "1.6.0"
}