{
  "id": "GHSA-2fqv-h3r5-m4vf",
  "summary": "Cross Site Scripting (XSS) in plotly.js",
  "details": "Affected versions of `plotly.js` are vulnerable to cross-site scripting if an attacker can convince a user to visit a malicious plot on a site using this package.\n\n\n## Recommendation\n\nUpdate to 1.16.0 or later.",
  "aliases": [
    "CVE-2017-1000006"
  ],
  "modified": "2023-11-08T03:58:41.472015Z",
  "published": "2017-10-24T18:33:35Z",
  "database_specific": {
    "nvd_published_at": null,
    "cwe_ids": [
      "CWE-79"
    ],
    "severity": "MODERATE",
    "github_reviewed": true,
    "github_reviewed_at": "2020-06-16T20:51:53Z"
  },
  "references": [
    {
      "type": "ADVISORY",
      "url": "https://nvd.nist.gov/vuln/detail/CVE-2017-1000006"
    },
    {
      "type": "WEB",
      "url": "https://acloudtree.com/2016-08-09-how-i-hacked-plotly-by-exploiting-a-svg-vulnerability-in-plotlyjs"
    },
    {
      "type": "ADVISORY",
      "url": "https://github.com/advisories/GHSA-2fqv-h3r5-m4vf"
    },
    {
      "type": "WEB",
      "url": "https://www.npmjs.com/advisories/145"
    },
    {
      "type": "WEB",
      "url": "http://help.plot.ly/security-advisories/2016-08-08-plotlyjs-xss-advisory"
    }
  ],
  "affected": [
    {
      "package": {
        "name": "plotly.js",
        "ecosystem": "npm",
        "purl": "pkg:npm/plotly.js"
      },
      "ranges": [
        {
          "type": "SEMVER",
          "events": [
            {
              "introduced": "0"
            },
            {
              "fixed": "1.16.0"
            }
          ]
        }
      ],
      "database_specific": {
        "source": "https://github.com/github/advisory-database/blob/main/advisories/github-reviewed/2017/10/GHSA-2fqv-h3r5-m4vf/GHSA-2fqv-h3r5-m4vf.json"
      }
    }
  ],
  "schema_version": "1.6.0",
  "severity": [
    {
      "type": "CVSS_V3",
      "score": "CVSS:3.0/AV:N/AC:L/PR:N/UI:R/S:C/C:L/I:L/A:N"
    }
  ]
}