{
  "id": "GHSA-4jqw-vfmj-9rmh",
  "summary": "Cross-site Scripting in yapi-vendor",
  "details": "Cross Site Scripting (XSS) vulnerability in yapi 1.9.1 allows attackers to execute arbitrary code via the /interface/api edit page.",
  "aliases": [
    "CVE-2021-36686"
  ],
  "modified": "2023-11-08T04:06:15.376801Z",
  "published": "2023-01-26T21:30:29Z",
  "database_specific": {
    "nvd_published_at": "2023-01-26T21:15:00Z",
    "github_reviewed_at": "2023-01-27T01:04:11Z",
    "severity": "MODERATE",
    "github_reviewed": true,
    "cwe_ids": [
      "CWE-79"
    ]
  },
  "references": [
    {
      "type": "ADVISORY",
      "url": "https://nvd.nist.gov/vuln/detail/CVE-2021-36686"
    },
    {
      "type": "WEB",
      "url": "https://github.com/YMFE/yapi/issues/2190"
    },
    {
      "type": "WEB",
      "url": "https://github.com/YMFE/yapi/issues/2240"
    },
    {
      "type": "PACKAGE",
      "url": "https://github.com/YMFE/yapi"
    }
  ],
  "affected": [
    {
      "package": {
        "name": "yapi-vendor",
        "ecosystem": "npm",
        "purl": "pkg:npm/yapi-vendor"
      },
      "ranges": [
        {
          "type": "SEMVER",
          "events": [
            {
              "introduced": "0"
            },
            {
              "last_affected": "1.9.1"
            }
          ]
        }
      ],
      "database_specific": {
        "source": "https://github.com/github/advisory-database/blob/main/advisories/github-reviewed/2023/01/GHSA-4jqw-vfmj-9rmh/GHSA-4jqw-vfmj-9rmh.json"
      }
    }
  ],
  "schema_version": "1.6.0",
  "severity": [
    {
      "type": "CVSS_V3",
      "score": "CVSS:3.1/AV:N/AC:L/PR:L/UI:R/S:C/C:L/I:L/A:N"
    }
  ]
}