{
  "id": "GHSA-28mc-g557-92m7",
  "summary": "@75lb/deep-merge Prototype Pollution vulnerability",
  "details": "Prototype Pollution in 75lb deep-merge 1.1.1 allows attackers to execute arbitrary code or cause a Denial of Service (DoS) and cause other impacts via merge methods of lodash to merge objects.",
  "aliases": [
    "CVE-2024-38986"
  ],
  "modified": "2024-08-06T23:14:46Z",
  "published": "2024-07-30T21:31:28Z",
  "database_specific": {
    "nvd_published_at": "2024-07-30T20:15:03Z",
    "cwe_ids": [
      "CWE-1321"
    ],
    "severity": "HIGH",
    "github_reviewed": true,
    "github_reviewed_at": "2024-07-31T15:29:36Z"
  },
  "references": [
    {
      "type": "ADVISORY",
      "url": "https://nvd.nist.gov/vuln/detail/CVE-2024-38986"
    },
    {
      "type": "WEB",
      "url": "https://github.com/75lb/deep-merge/issues/1"
    },
    {
      "type": "WEB",
      "url": "https://github.com/75lb/deep-merge/commit/a68541fac3c2372f1ca67effad825990ad8046e1"
    },
    {
      "type": "WEB",
      "url": "https://gist.github.com/mestrtee/b20c3aee8bea16e1863933778da6e4cb"
    },
    {
      "type": "PACKAGE",
      "url": "https://github.com/75lb/deep-merge"
    }
  ],
  "affected": [
    {
      "package": {
        "name": "@75lb/deep-merge",
        "ecosystem": "npm",
        "purl": "pkg:npm/%4075lb/deep-merge"
      },
      "ranges": [
        {
          "type": "SEMVER",
          "events": [
            {
              "introduced": "0"
            },
            {
              "fixed": "1.1.2"
            }
          ]
        }
      ],
      "database_specific": {
        "last_known_affected_version_range": "<= 1.1.1",
        "source": "https://github.com/github/advisory-database/blob/main/advisories/github-reviewed/2024/07/GHSA-28mc-g557-92m7/GHSA-28mc-g557-92m7.json"
      }
    }
  ],
  "schema_version": "1.6.0",
  "severity": [
    {
      "type": "CVSS_V3",
      "score": "CVSS:3.1/AV:N/AC:H/PR:N/UI:N/S:U/C:N/I:N/A:H"
    },
    {
      "type": "CVSS_V4",
      "score": "CVSS:4.0/AV:N/AC:L/AT:N/PR:N/UI:N/VC:N/VI:N/VA:H/SC:N/SI:N/SA:N"
    }
  ]
}