{
  "id": "GHSA-48x4-mx8f-gr4h",
  "summary": "Flowise Unauthenticated Denial of Service (DoS) vulnerability",
  "details": "An Unauthenticated Denial of Service (DoS) vulnerability exists in Flowise version 1.8.2 leading to a complete crash of the instance running a vulnerable version due to improper handling of user supplied input to the `/api/v1/get-upload-file` api endpoint.",
  "aliases": [
    "CVE-2024-8182"
  ],
  "modified": "2024-08-27T20:12:06.123871Z",
  "published": "2024-08-27T15:32:51Z",
  "database_specific": {
    "nvd_published_at": "2024-08-27T13:15:07Z",
    "cwe_ids": [
      "CWE-400"
    ],
    "severity": "HIGH",
    "github_reviewed": true,
    "github_reviewed_at": "2024-08-27T19:52:14Z"
  },
  "references": [
    {
      "type": "ADVISORY",
      "url": "https://nvd.nist.gov/vuln/detail/CVE-2024-8182"
    },
    {
      "type": "PACKAGE",
      "url": "https://github.com/FlowiseAI/Flowise"
    },
    {
      "type": "WEB",
      "url": "https://tenable.com/security/research/tra-2024-34"
    }
  ],
  "affected": [
    {
      "package": {
        "name": "flowise",
        "ecosystem": "npm",
        "purl": "pkg:npm/flowise"
      },
      "ranges": [
        {
          "type": "SEMVER",
          "events": [
            {
              "introduced": "0"
            },
            {
              "last_affected": "1.8.2"
            }
          ]
        }
      ],
      "database_specific": {
        "source": "https://github.com/github/advisory-database/blob/main/advisories/github-reviewed/2024/08/GHSA-48x4-mx8f-gr4h/GHSA-48x4-mx8f-gr4h.json"
      }
    }
  ],
  "schema_version": "1.6.0",
  "severity": [
    {
      "type": "CVSS_V3",
      "score": "CVSS:3.1/AV:N/AC:L/PR:N/UI:N/S:U/C:N/I:N/A:H"
    },
    {
      "type": "CVSS_V4",
      "score": "CVSS:4.0/AV:N/AC:L/AT:N/PR:N/UI:N/VC:N/VI:N/VA:H/SC:N/SI:N/SA:N"
    }
  ]
}