{
  "id": "GHSA-322m-p39j-r5m2",
  "summary": "npm-script-demo is malware",
  "details": "The `npm-script-demo` package is a piece of malware that opens a connection to a command and control server and executed the instructions it is given.\n\nIt has been removed from the npm registry.\n\n\n## Recommendation\n\nAny computer that has this package installed or running should be considered fully compromised. All secrets and keys stored on that computer should be rotated immediately from a different computer.\n\nThe package should be removed, but as full control of the computer has been given to an outside entity, there is no guarantee that removing the package will remove all malicious software resulting from installing it.",
  "aliases": [
    "CVE-2017-16128"
  ],
  "modified": "2023-11-08T03:59:06.499554Z",
  "published": "2020-09-01T18:55:37Z",
  "database_specific": {
    "nvd_published_at": null,
    "cwe_ids": [
      "CWE-506"
    ],
    "severity": "CRITICAL",
    "github_reviewed": true,
    "github_reviewed_at": "2020-08-31T18:24:48Z"
  },
  "references": [
    {
      "type": "ADVISORY",
      "url": "https://nvd.nist.gov/vuln/detail/CVE-2017-16128"
    },
    {
      "type": "WEB",
      "url": "https://www.npmjs.com/advisories/481"
    }
  ],
  "affected": [
    {
      "package": {
        "name": "npm-script-demo",
        "ecosystem": "npm",
        "purl": "pkg:npm/npm-script-demo"
      },
      "ranges": [
        {
          "type": "SEMVER",
          "events": [
            {
              "introduced": "0"
            }
          ]
        }
      ],
      "database_specific": {
        "source": "https://github.com/github/advisory-database/blob/main/advisories/github-reviewed/2020/09/GHSA-322m-p39j-r5m2/GHSA-322m-p39j-r5m2.json"
      }
    }
  ],
  "schema_version": "1.6.0",
  "severity": [
    {
      "type": "CVSS_V3",
      "score": "CVSS:3.0/AV:N/AC:L/PR:N/UI:N/S:U/C:H/I:H/A:H"
    }
  ]
}