{
  "id": "GHSA-2r5h-gh4x-8hp9",
  "summary": "Resources Downloaded over Insecure Protocol in igniteui",
  "details": "Affected versions of `igniteui` download Javascript and CSS resources over an unencrypted HTTP connection. An attacker with a privileged network position can intercept and view or modify any content sent or recieved over an unencrypted HTTP connection.\n\n\n\n\n## Recommendation\n\nThe `igniteui` package has been deprecated by the package author and now exists under [`ignite-ui`](https://preview.npmjs.com/package/ignite-ui), which should be used in place of this package.",
  "aliases": [
    "CVE-2016-10552"
  ],
  "modified": "2023-11-08T03:58:12.134165Z",
  "published": "2019-02-18T23:40:14Z",
  "database_specific": {
    "nvd_published_at": null,
    "github_reviewed_at": "2020-06-16T20:52:53Z",
    "severity": "LOW",
    "github_reviewed": true,
    "cwe_ids": [
      "CWE-311"
    ]
  },
  "references": [
    {
      "type": "ADVISORY",
      "url": "https://nvd.nist.gov/vuln/detail/CVE-2016-10552"
    },
    {
      "type": "ADVISORY",
      "url": "https://github.com/advisories/GHSA-2r5h-gh4x-8hp9"
    },
    {
      "type": "WEB",
      "url": "https://www.npmjs.com/advisories/116"
    }
  ],
  "affected": [
    {
      "package": {
        "name": "igniteui",
        "ecosystem": "npm",
        "purl": "pkg:npm/igniteui"
      },
      "ranges": [
        {
          "type": "SEMVER",
          "events": [
            {
              "introduced": "0"
            },
            {
              "last_affected": "0.0.5"
            }
          ]
        }
      ],
      "database_specific": {
        "source": "https://github.com/github/advisory-database/blob/main/advisories/github-reviewed/2019/02/GHSA-2r5h-gh4x-8hp9/GHSA-2r5h-gh4x-8hp9.json"
      }
    }
  ],
  "schema_version": "1.6.0"
}