{
  "id": "GHSA-36c4-4r89-6whg",
  "summary": "Prototype Pollution in @commercial/subtext",
  "details": "Versions of `@commercial/subtext` prior to 5.1.2 are vulnerable to Prototype Pollution. A multipart payload can be constructed in a way that one of the parts\u2019 content can be set as the entire payload object\u2019s prototype. If this prototype contains data, it may bypass other validation rules which enforce access and privacy. If this prototype evaluates to null, it can cause unhandled exceptions when the request payload is accessed.\n\n\n## Recommendation\n\nUpgrade to version 5.1.2 or later.",
  "modified": "2021-10-04T21:05:01Z",
  "published": "2020-09-03T15:49:02Z",
  "database_specific": {
    "nvd_published_at": null,
    "github_reviewed_at": "2020-08-31T19:01:00Z",
    "severity": "HIGH",
    "github_reviewed": true,
    "cwe_ids": [
      "CWE-1321"
    ]
  },
  "references": [
    {
      "type": "WEB",
      "url": "https://www.npmjs.com/advisories/1484"
    }
  ],
  "affected": [
    {
      "package": {
        "name": "@commercial/subtext",
        "ecosystem": "npm",
        "purl": "pkg:npm/%40commercial/subtext"
      },
      "ranges": [
        {
          "type": "SEMVER",
          "events": [
            {
              "introduced": "0"
            },
            {
              "fixed": "5.1.2"
            }
          ]
        }
      ],
      "database_specific": {
        "source": "https://github.com/github/advisory-database/blob/main/advisories/github-reviewed/2020/09/GHSA-36c4-4r89-6whg/GHSA-36c4-4r89-6whg.json"
      }
    }
  ],
  "schema_version": "1.6.0"
}