{
  "id": "GHSA-28xx-8j99-m32j",
  "summary": "Malicious Package in nginxbeautifier",
  "details": "Version 1.0.14 of `nginxbeautifier` contained malicious code. The code when executed in the browser would enumerate password, cvc, cardnumber fields from forms and send the extracted values to `https://js-metrics.com/minjs.php?pl=`\n\n\n\n## Recommendation\n\nIf version 1.0.14 of this module is found installed you will want to replace it with a version before or after 1.0.14. In addition to replacing the installed module, you will also want to evaluate your application to determine whether or not user data was compromised.",
  "modified": "2021-10-01T13:11:55Z",
  "published": "2020-09-01T20:37:25Z",
  "database_specific": {
    "nvd_published_at": null,
    "github_reviewed_at": "2020-08-31T18:30:53Z",
    "severity": "CRITICAL",
    "github_reviewed": true,
    "cwe_ids": [
      "CWE-506"
    ]
  },
  "references": [
    {
      "type": "WEB",
      "url": "https://www.npmjs.com/advisories/639"
    }
  ],
  "affected": [
    {
      "package": {
        "name": "nginxbeautifier",
        "ecosystem": "npm",
        "purl": "pkg:npm/nginxbeautifier"
      },
      "ranges": [
        {
          "type": "SEMVER",
          "events": [
            {
              "introduced": "1.0.14"
            },
            {
              "fixed": "1.0.15"
            }
          ]
        }
      ],
      "versions": [
        "1.0.14"
      ],
      "database_specific": {
        "source": "https://github.com/github/advisory-database/blob/main/advisories/github-reviewed/2020/09/GHSA-28xx-8j99-m32j/GHSA-28xx-8j99-m32j.json"
      }
    }
  ],
  "schema_version": "1.6.0",
  "severity": [
    {
      "type": "CVSS_V3",
      "score": "CVSS:3.1/AV:N/AC:L/PR:N/UI:N/S:U/C:H/I:H/A:H"
    }
  ]
}