{
  "id": "GHSA-3wh2-2pp3-2823",
  "summary": "Malicious Package in simple-alipay",
  "details": "Version 1.0.1 of `simple-alipay` contained malicious code. The code when executed in the browser would enumerate password, cvc, cardnumber fields from forms and send the extracted values to `https://js-metrics.com/minjs.php?pl=`\n\n\n\n## Recommendation\n\nIf version 1.0.1 of this module is found installed you will want to replace it with a version before or after 1.0.1. In addition to replacing the installed module, you will also want to evaluate your application to determine whether or not user data was compromised.\n\nUsers may consider downgrading to version 1.0.0",
  "modified": "2023-07-27T00:02:26Z",
  "published": "2020-09-01T20:35:18Z",
  "database_specific": {
    "nvd_published_at": null,
    "cwe_ids": [],
    "severity": "CRITICAL",
    "github_reviewed": true,
    "github_reviewed_at": "2020-08-31T18:30:49Z"
  },
  "references": [
    {
      "type": "WEB",
      "url": "https://www.npmjs.com/advisories/637"
    }
  ],
  "affected": [
    {
      "package": {
        "name": "simple-alipay",
        "ecosystem": "npm",
        "purl": "pkg:npm/simple-alipay"
      },
      "versions": [
        "1.0.1"
      ],
      "database_specific": {
        "source": "https://github.com/github/advisory-database/blob/main/advisories/github-reviewed/2020/09/GHSA-3wh2-2pp3-2823/GHSA-3wh2-2pp3-2823.json"
      }
    }
  ],
  "schema_version": "1.6.0"
}