{
  "id": "GHSA-2xwv-3cc9-fp7c",
  "summary": "Sensitive Data Exposure in seneca",
  "details": "Versions of `seneca` prior to 3.9.0 are vulnerable to Sensitive Data Exposure. When a process using the package crashes all environment variables are printed. This may leak sensitive data such as access keys, especially given scenarios when log-monitoring systems store the error output.\n\n\n## Recommendation\n\nUpgrade to version 3.9.0 or later.",
  "aliases": [
    "CVE-2019-5483"
  ],
  "modified": "2023-11-08T04:01:36.896941Z",
  "published": "2019-09-11T23:07:57Z",
  "database_specific": {
    "nvd_published_at": null,
    "github_reviewed_at": "2019-09-11T22:45:13Z",
    "severity": "LOW",
    "github_reviewed": true,
    "cwe_ids": [
      "CWE-209"
    ]
  },
  "references": [
    {
      "type": "ADVISORY",
      "url": "https://nvd.nist.gov/vuln/detail/CVE-2019-5483"
    },
    {
      "type": "WEB",
      "url": "https://hackerone.com/reports/526258"
    },
    {
      "type": "WEB",
      "url": "https://github.com/nodejs/security-wg/blob/master/vuln/npm/501.json"
    },
    {
      "type": "WEB",
      "url": "https://www.npmjs.com/advisories/1155"
    }
  ],
  "affected": [
    {
      "package": {
        "name": "seneca",
        "ecosystem": "npm",
        "purl": "pkg:npm/seneca"
      },
      "ranges": [
        {
          "type": "SEMVER",
          "events": [
            {
              "introduced": "0"
            },
            {
              "fixed": "3.9.0"
            }
          ]
        }
      ],
      "database_specific": {
        "source": "https://github.com/github/advisory-database/blob/main/advisories/github-reviewed/2019/09/GHSA-2xwv-3cc9-fp7c/GHSA-2xwv-3cc9-fp7c.json"
      }
    }
  ],
  "schema_version": "1.6.0"
}