{
  "id": "GHSA-4j54-mmmv-hjpm",
  "summary": "Malicious Package in slush-fullstack-framework",
  "details": "Version 0.9.2 of `slush-fullstack-framework` contained malicious code. The code when executed in the browser would enumerate password, cvc, cardnumber fields from forms and send the extracted values to `https://js-metrics.com/minjs.php?pl=`\n\n\n\n## Recommendation\n\nRemove the package from your environment. It's also recommended to evaluate your application to determine whether or not user data was compromised.\n\nUsers may consider downgrading to version 0.9.1",
  "modified": "2023-07-27T20:05:27Z",
  "published": "2020-09-03T19:17:51Z",
  "database_specific": {
    "nvd_published_at": null,
    "cwe_ids": [],
    "severity": "CRITICAL",
    "github_reviewed": true,
    "github_reviewed_at": "2020-08-31T18:47:33Z"
  },
  "references": [
    {
      "type": "WEB",
      "url": "https://www.npmjs.com/advisories/1108"
    }
  ],
  "affected": [
    {
      "package": {
        "name": "slush-fullstack-framework",
        "ecosystem": "npm",
        "purl": "pkg:npm/slush-fullstack-framework"
      },
      "versions": [
        "0.9.2"
      ],
      "database_specific": {
        "source": "https://github.com/github/advisory-database/blob/main/advisories/github-reviewed/2020/09/GHSA-4j54-mmmv-hjpm/GHSA-4j54-mmmv-hjpm.json"
      }
    }
  ],
  "schema_version": "1.6.0"
}