{
  "id": "GHSA-44pw-h2cw-w3vq",
  "summary": "Uncontrolled Resource Consumption in Hawk",
  "details": "Hawk is an HTTP authentication scheme providing mechanisms for making authenticated HTTP requests with partial cryptographic verification of the request and response, covering the HTTP method, request URI, host, and optionally the request payload. Hawk used a regular expression to parse `Host` HTTP header (`Hawk.utils.parseHost()`), which was subject to regular expression DoS attack - meaning each added character in the attacker's input increases the computation time exponentially. `parseHost()` was patched in `9.0.1` to use built-in `URL` class to parse hostname instead.`Hawk.authenticate()` accepts `options` argument. If that contains `host` and `port`, those would be used instead of a call to `utils.parseHost()`.",
  "aliases": [
    "CVE-2022-29167"
  ],
  "modified": "2023-11-08T04:09:08.620639Z",
  "published": "2022-05-23T20:18:14Z",
  "database_specific": {
    "nvd_published_at": "2022-05-05T23:15:00Z",
    "cwe_ids": [
      "CWE-1333",
      "CWE-400"
    ],
    "severity": "HIGH",
    "github_reviewed": true,
    "github_reviewed_at": "2022-05-23T20:18:14Z"
  },
  "references": [
    {
      "type": "WEB",
      "url": "https://github.com/mozilla/hawk/security/advisories/GHSA-44pw-h2cw-w3vq"
    },
    {
      "type": "ADVISORY",
      "url": "https://nvd.nist.gov/vuln/detail/CVE-2022-29167"
    },
    {
      "type": "WEB",
      "url": "https://github.com/mozilla/hawk/pull/286"
    },
    {
      "type": "WEB",
      "url": "https://github.com/mozilla/hawk/commit/d10d72ca82db967f6c5fcf866ff78e3ca25ce1ab"
    },
    {
      "type": "PACKAGE",
      "url": "https://github.com/mozilla/hawk"
    }
  ],
  "affected": [
    {
      "package": {
        "name": "hawk",
        "ecosystem": "npm",
        "purl": "pkg:npm/hawk"
      },
      "ranges": [
        {
          "type": "SEMVER",
          "events": [
            {
              "introduced": "0"
            },
            {
              "fixed": "9.0.1"
            }
          ]
        }
      ],
      "ecosystem_specific": {
        "affected_functions": [
          "(hawk).utils.parseHost"
        ]
      },
      "database_specific": {
        "source": "https://github.com/github/advisory-database/blob/main/advisories/github-reviewed/2022/05/GHSA-44pw-h2cw-w3vq/GHSA-44pw-h2cw-w3vq.json"
      }
    }
  ],
  "schema_version": "1.6.0",
  "severity": [
    {
      "type": "CVSS_V3",
      "score": "CVSS:3.1/AV:N/AC:L/PR:N/UI:R/S:C/C:N/I:N/A:H"
    }
  ]
}