{
  "id": "GHSA-3j8f-xvm3-ffx4",
  "summary": "Authorization Bypass in parse-path",
  "details": "Authorization Bypass Through User-Controlled Key in GitHub repository ionicabizau/parse-path prior to 5.0.0.",
  "aliases": [
    "CVE-2022-0624"
  ],
  "modified": "2023-11-08T04:07:37.270190Z",
  "published": "2022-06-29T00:00:57Z",
  "database_specific": {
    "nvd_published_at": "2022-06-28T09:15:00Z",
    "github_reviewed_at": "2022-07-05T22:13:37Z",
    "severity": "HIGH",
    "github_reviewed": true,
    "cwe_ids": [
      "CWE-639"
    ]
  },
  "references": [
    {
      "type": "ADVISORY",
      "url": "https://nvd.nist.gov/vuln/detail/CVE-2022-0624"
    },
    {
      "type": "WEB",
      "url": "https://github.com/ionicabizau/parse-path/commit/f9ad8856a3c8ae18e1cf4caef5edbabbc42840e8"
    },
    {
      "type": "PACKAGE",
      "url": "https://github.com/ionicabizau/parse-path"
    },
    {
      "type": "WEB",
      "url": "https://huntr.dev/bounties/afffb2bd-fb06-4144-829e-ecbbcbc85388"
    }
  ],
  "affected": [
    {
      "package": {
        "name": "parse-path",
        "ecosystem": "npm",
        "purl": "pkg:npm/parse-path"
      },
      "ranges": [
        {
          "type": "SEMVER",
          "events": [
            {
              "introduced": "0"
            },
            {
              "fixed": "5.0.0"
            }
          ]
        }
      ],
      "database_specific": {
        "source": "https://github.com/github/advisory-database/blob/main/advisories/github-reviewed/2022/06/GHSA-3j8f-xvm3-ffx4/GHSA-3j8f-xvm3-ffx4.json"
      }
    }
  ],
  "schema_version": "1.6.0",
  "severity": [
    {
      "type": "CVSS_V3",
      "score": "CVSS:3.1/AV:N/AC:L/PR:N/UI:N/S:U/C:L/I:L/A:L"
    }
  ]
}