{
  "id": "GHSA-2q4w-x8h2-2fvh",
  "summary": "Flowise Authentication Bypass vulnerability",
  "details": "An Authentication Bypass vulnerability exists in Flowise version 1.8.2. This could allow a remote, unauthenticated attacker to access API endpoints as an administrator and allow them to access restricted functionality.",
  "aliases": [
    "CVE-2024-8181"
  ],
  "modified": "2024-09-04T17:14:35Z",
  "published": "2024-08-27T15:32:49Z",
  "database_specific": {
    "nvd_published_at": "2024-08-27T13:15:06Z",
    "cwe_ids": [
      "CWE-285",
      "CWE-287"
    ],
    "severity": "HIGH",
    "github_reviewed": true,
    "github_reviewed_at": "2024-08-27T21:47:12Z"
  },
  "references": [
    {
      "type": "ADVISORY",
      "url": "https://nvd.nist.gov/vuln/detail/CVE-2024-8181"
    },
    {
      "type": "PACKAGE",
      "url": "https://github.com/FlowiseAI/Flowise"
    },
    {
      "type": "WEB",
      "url": "https://tenable.com/security/research/tra-2024-22-0"
    },
    {
      "type": "WEB",
      "url": "https://tenable.com/security/research/tra-2024-33"
    }
  ],
  "affected": [
    {
      "package": {
        "name": "flowise",
        "ecosystem": "npm",
        "purl": "pkg:npm/flowise"
      },
      "ranges": [
        {
          "type": "SEMVER",
          "events": [
            {
              "introduced": "0"
            },
            {
              "last_affected": "1.8.2"
            }
          ]
        }
      ],
      "database_specific": {
        "source": "https://github.com/github/advisory-database/blob/main/advisories/github-reviewed/2024/08/GHSA-2q4w-x8h2-2fvh/GHSA-2q4w-x8h2-2fvh.json"
      }
    }
  ],
  "schema_version": "1.6.0",
  "severity": [
    {
      "type": "CVSS_V3",
      "score": "CVSS:3.1/AV:N/AC:L/PR:L/UI:R/S:U/C:H/I:H/A:N"
    },
    {
      "type": "CVSS_V4",
      "score": "CVSS:4.0/AV:N/AC:L/AT:N/PR:L/UI:N/VC:H/VI:H/VA:N/SC:N/SI:N/SA:N"
    }
  ]
}