{
  "id": "GHSA-3q56-9cc2-46j4",
  "summary": "robinweser fast-loops vulnerable to prototype pollution",
  "details": "robinweser fast-loops v1.1.3 was discovered to contain a prototype pollution via the function `objectMergeDeep`. This vulnerability allows attackers to execute arbitrary code or cause a Denial of Service (DoS) via injecting arbitrary properties.",
  "aliases": [
    "CVE-2024-39008"
  ],
  "modified": "2024-07-10T16:29:44.611144Z",
  "published": "2024-07-01T15:32:22Z",
  "database_specific": {
    "nvd_published_at": "2024-07-01T13:15:05Z",
    "cwe_ids": [
      "CWE-1321"
    ],
    "severity": "HIGH",
    "github_reviewed": true,
    "github_reviewed_at": "2024-07-10T16:03:48Z"
  },
  "references": [
    {
      "type": "ADVISORY",
      "url": "https://nvd.nist.gov/vuln/detail/CVE-2024-39008"
    },
    {
      "type": "WEB",
      "url": "https://github.com/robinweser/fast-loops/commit/6743acf64af832b7a0bbecf95cb4c7d95a3b766e"
    },
    {
      "type": "WEB",
      "url": "https://gist.github.com/mestrtee/f09a507c8d59fbbb7fd40880cd9b87ed"
    },
    {
      "type": "PACKAGE",
      "url": "https://github.com/robinweser/fast-loops"
    }
  ],
  "affected": [
    {
      "package": {
        "name": "fast-loops",
        "ecosystem": "npm",
        "purl": "pkg:npm/fast-loops"
      },
      "ranges": [
        {
          "type": "SEMVER",
          "events": [
            {
              "introduced": "0"
            },
            {
              "fixed": "1.1.4"
            }
          ]
        }
      ],
      "database_specific": {
        "source": "https://github.com/github/advisory-database/blob/main/advisories/github-reviewed/2024/07/GHSA-3q56-9cc2-46j4/GHSA-3q56-9cc2-46j4.json"
      }
    }
  ],
  "schema_version": "1.6.0",
  "severity": [
    {
      "type": "CVSS_V3",
      "score": "CVSS:3.1/AV:N/AC:L/PR:N/UI:N/S:U/C:N/I:H/A:N"
    },
    {
      "type": "CVSS_V4",
      "score": "CVSS:4.0/AV:N/AC:L/AT:N/PR:N/UI:N/VC:N/VI:H/VA:N/SC:N/SI:N/SA:N/E:P"
    }
  ]
}