{
  "id": "GHSA-46c4-8wrp-j99v",
  "summary": "Improper Validation and Sanitization in url-parse",
  "details": "Insufficient validation and sanitization of user input exists in url-parse npm package version 1.4.4 and earlier may allow attacker to bypass security checks.",
  "aliases": [
    "CVE-2020-8124"
  ],
  "modified": "2023-11-08T04:04:13.529329Z",
  "published": "2022-01-06T20:30:34Z",
  "database_specific": {
    "nvd_published_at": "2020-02-04T20:15:00Z",
    "github_reviewed_at": "2021-03-22T21:07:36Z",
    "severity": "MODERATE",
    "github_reviewed": true,
    "cwe_ids": [
      "CWE-20"
    ]
  },
  "references": [
    {
      "type": "ADVISORY",
      "url": "https://nvd.nist.gov/vuln/detail/CVE-2020-8124"
    },
    {
      "type": "WEB",
      "url": "https://hackerone.com/reports/496293"
    }
  ],
  "affected": [
    {
      "package": {
        "name": "url-parse",
        "ecosystem": "npm",
        "purl": "pkg:npm/url-parse"
      },
      "ranges": [
        {
          "type": "SEMVER",
          "events": [
            {
              "introduced": "0"
            },
            {
              "fixed": "1.4.5"
            }
          ]
        }
      ],
      "database_specific": {
        "source": "https://github.com/github/advisory-database/blob/main/advisories/github-reviewed/2022/01/GHSA-46c4-8wrp-j99v/GHSA-46c4-8wrp-j99v.json"
      }
    }
  ],
  "schema_version": "1.6.0",
  "severity": [
    {
      "type": "CVSS_V3",
      "score": "CVSS:3.1/AV:N/AC:L/PR:N/UI:N/S:U/C:N/I:L/A:N"
    }
  ]
}