{
  "id": "GHSA-29gp-92wp-94q8",
  "summary": "react-dev-utils on Windows vulnerable to Remote Code Execution",
  "details": "`react-dev-utils` on Windows is vulnerable to remote code execution.\n\n\n## Recommendation\n\nUpdate to one of the following versions, depending on the release line that you are using.\n- 1.0.4\n- 2.0.2\n- 3.1.2\n- 4.2.2\n- 5.0.2\n- 6.0.0-next.a671462c",
  "aliases": [
    "CVE-2018-6342"
  ],
  "modified": "2023-11-08T04:00:21.268782Z",
  "published": "2019-01-04T17:41:20Z",
  "database_specific": {
    "nvd_published_at": "2018-12-31T22:29:00Z",
    "github_reviewed_at": "2020-06-16T20:51:46Z",
    "severity": "HIGH",
    "github_reviewed": true,
    "cwe_ids": [
      "CWE-78"
    ]
  },
  "references": [
    {
      "type": "ADVISORY",
      "url": "https://nvd.nist.gov/vuln/detail/CVE-2018-6342"
    },
    {
      "type": "WEB",
      "url": "https://github.com/facebook/create-react-app/pull/4866"
    },
    {
      "type": "ADVISORY",
      "url": "https://github.com/advisories/GHSA-29gp-92wp-94q8"
    },
    {
      "type": "PACKAGE",
      "url": "https://github.com/facebook/create-react-app"
    },
    {
      "type": "WEB",
      "url": "https://github.com/facebook/create-react-app/releases/tag/v1.1.5"
    },
    {
      "type": "WEB",
      "url": "https://www.npmjs.com/advisories/695"
    }
  ],
  "affected": [
    {
      "package": {
        "name": "react-dev-utils",
        "ecosystem": "npm",
        "purl": "pkg:npm/react-dev-utils"
      },
      "ranges": [
        {
          "type": "SEMVER",
          "events": [
            {
              "introduced": "1.0.0"
            },
            {
              "fixed": "1.0.4"
            }
          ]
        }
      ],
      "database_specific": {
        "source": "https://github.com/github/advisory-database/blob/main/advisories/github-reviewed/2019/01/GHSA-29gp-92wp-94q8/GHSA-29gp-92wp-94q8.json"
      }
    },
    {
      "package": {
        "name": "react-dev-utils",
        "ecosystem": "npm",
        "purl": "pkg:npm/react-dev-utils"
      },
      "ranges": [
        {
          "type": "SEMVER",
          "events": [
            {
              "introduced": "2.0.0"
            },
            {
              "fixed": "2.0.2"
            }
          ]
        }
      ],
      "database_specific": {
        "source": "https://github.com/github/advisory-database/blob/main/advisories/github-reviewed/2019/01/GHSA-29gp-92wp-94q8/GHSA-29gp-92wp-94q8.json"
      }
    },
    {
      "package": {
        "name": "react-dev-utils",
        "ecosystem": "npm",
        "purl": "pkg:npm/react-dev-utils"
      },
      "ranges": [
        {
          "type": "SEMVER",
          "events": [
            {
              "introduced": "3.0.0"
            },
            {
              "fixed": "3.1.2"
            }
          ]
        }
      ],
      "database_specific": {
        "source": "https://github.com/github/advisory-database/blob/main/advisories/github-reviewed/2019/01/GHSA-29gp-92wp-94q8/GHSA-29gp-92wp-94q8.json"
      }
    },
    {
      "package": {
        "name": "react-dev-utils",
        "ecosystem": "npm",
        "purl": "pkg:npm/react-dev-utils"
      },
      "ranges": [
        {
          "type": "SEMVER",
          "events": [
            {
              "introduced": "4.0.0"
            },
            {
              "fixed": "4.2.2"
            }
          ]
        }
      ],
      "database_specific": {
        "source": "https://github.com/github/advisory-database/blob/main/advisories/github-reviewed/2019/01/GHSA-29gp-92wp-94q8/GHSA-29gp-92wp-94q8.json"
      }
    },
    {
      "package": {
        "name": "react-dev-utils",
        "ecosystem": "npm",
        "purl": "pkg:npm/react-dev-utils"
      },
      "ranges": [
        {
          "type": "SEMVER",
          "events": [
            {
              "introduced": "5.0.0"
            },
            {
              "fixed": "5.0.2"
            }
          ]
        }
      ],
      "database_specific": {
        "source": "https://github.com/github/advisory-database/blob/main/advisories/github-reviewed/2019/01/GHSA-29gp-92wp-94q8/GHSA-29gp-92wp-94q8.json"
      }
    }
  ],
  "schema_version": "1.6.0"
}