{
  "id": "GHSA-48gc-5j93-5cfq",
  "summary": "Path Traversal in serve",
  "details": "Versions of `serve` prior to 10.1.2 are vulnerable to Path Traversal. Explicitly ignored folders can be accessed through relative paths, which allows attackers to access hidden folders and files.\n\n\n## Recommendation\n\nUpgrade to version 10.1.2 or later.",
  "modified": "2020-08-31T18:42:15Z",
  "published": "2020-09-11T21:15:54Z",
  "database_specific": {
    "nvd_published_at": null,
    "github_reviewed_at": "2020-08-31T18:42:15Z",
    "severity": "HIGH",
    "github_reviewed": true,
    "cwe_ids": [
      "CWE-22"
    ]
  },
  "references": [
    {
      "type": "WEB",
      "url": "https://hackerone.com/reports/486933"
    },
    {
      "type": "WEB",
      "url": "https://www.npmjs.com/advisories/965"
    }
  ],
  "affected": [
    {
      "package": {
        "name": "serve",
        "ecosystem": "npm",
        "purl": "pkg:npm/serve"
      },
      "ranges": [
        {
          "type": "SEMVER",
          "events": [
            {
              "introduced": "0"
            },
            {
              "fixed": "10.1.2"
            }
          ]
        }
      ],
      "database_specific": {
        "source": "https://github.com/github/advisory-database/blob/main/advisories/github-reviewed/2020/09/GHSA-48gc-5j93-5cfq/GHSA-48gc-5j93-5cfq.json"
      }
    }
  ],
  "schema_version": "1.6.0"
}