{
  "id": "GHSA-4hv7-3q38-97m8",
  "summary": "Arbitrary code execution in djv",
  "details": "This affects the package djv before 2.1.4. By controlling the schema file, an attacker can run arbitrary JavaScript code on the victim machine.",
  "aliases": [
    "CVE-2020-28464"
  ],
  "modified": "2023-11-08T04:03:27.442668Z",
  "published": "2021-04-13T15:24:47Z",
  "database_specific": {
    "nvd_published_at": "2021-01-04T12:15:00Z",
    "github_reviewed_at": "2021-04-06T23:35:22Z",
    "severity": "CRITICAL",
    "github_reviewed": true,
    "cwe_ids": [
      "CWE-94"
    ]
  },
  "references": [
    {
      "type": "ADVISORY",
      "url": "https://nvd.nist.gov/vuln/detail/CVE-2020-28464"
    },
    {
      "type": "WEB",
      "url": "https://github.com/korzio/djv/pull/98/files"
    },
    {
      "type": "WEB",
      "url": "https://github.com/korzio/djv/blob/master/lib/utils/properties.js%23L55"
    },
    {
      "type": "WEB",
      "url": "https://snyk.io/vuln/SNYK-JS-DJV-1014545"
    }
  ],
  "affected": [
    {
      "package": {
        "name": "djv",
        "ecosystem": "npm",
        "purl": "pkg:npm/djv"
      },
      "ranges": [
        {
          "type": "SEMVER",
          "events": [
            {
              "introduced": "0"
            },
            {
              "fixed": "2.1.4"
            }
          ]
        }
      ],
      "database_specific": {
        "source": "https://github.com/github/advisory-database/blob/main/advisories/github-reviewed/2021/04/GHSA-4hv7-3q38-97m8/GHSA-4hv7-3q38-97m8.json"
      }
    }
  ],
  "schema_version": "1.6.0",
  "severity": [
    {
      "type": "CVSS_V3",
      "score": "CVSS:3.1/AV:N/AC:L/PR:N/UI:N/S:U/C:H/I:H/A:H"
    }
  ]
}