{
  "id": "GHSA-44ff-9w4f-99w6",
  "summary": "Improper Input Validation in vriteio/vrite",
  "details": "Improper Input Validation in GitHub repository vriteio/vrite prior to 0.3.0.",
  "aliases": [
    "CVE-2023-5571"
  ],
  "modified": "2023-11-08T04:13:47.447140Z",
  "published": "2023-10-13T12:30:16Z",
  "database_specific": {
    "nvd_published_at": "2023-10-13T10:15:10Z",
    "cwe_ids": [
      "CWE-20"
    ],
    "severity": "MODERATE",
    "github_reviewed": true,
    "github_reviewed_at": "2023-10-13T23:38:18Z"
  },
  "references": [
    {
      "type": "ADVISORY",
      "url": "https://nvd.nist.gov/vuln/detail/CVE-2023-5571"
    },
    {
      "type": "WEB",
      "url": "https://github.com/vriteio/vrite/commit/1877683b932bb33fb20d688e476284b70bb9fe23"
    },
    {
      "type": "PACKAGE",
      "url": "https://github.com/vriteio/vrite"
    },
    {
      "type": "WEB",
      "url": "https://huntr.dev/bounties/926ca25f-dd4a-40cf-8e6b-9d7b5938e95a"
    }
  ],
  "affected": [
    {
      "package": {
        "name": "@vrite/sdk",
        "ecosystem": "npm",
        "purl": "pkg:npm/%40vrite/sdk"
      },
      "ranges": [
        {
          "type": "SEMVER",
          "events": [
            {
              "introduced": "0"
            },
            {
              "fixed": "0.3.0"
            }
          ]
        }
      ],
      "database_specific": {
        "source": "https://github.com/github/advisory-database/blob/main/advisories/github-reviewed/2023/10/GHSA-44ff-9w4f-99w6/GHSA-44ff-9w4f-99w6.json"
      }
    }
  ],
  "schema_version": "1.6.0",
  "severity": [
    {
      "type": "CVSS_V3",
      "score": "CVSS:3.0/AV:N/AC:L/PR:N/UI:N/S:U/C:N/I:L/A:L"
    }
  ]
}