{
  "id": "GHSA-3233-rgx3-c2wh",
  "summary": "Moderate severity vulnerability that affects mustache",
  "details": "Withdrawn, accidental duplicate publish.\n\nmustache package before 2.2.1 for Node.js allows remote attackers to conduct cross-site scripting (XSS) attacks by leveraging a template with an attribute that is not quoted.",
  "modified": "2020-06-16T21:59:24Z",
  "published": "2018-10-09T00:38:09Z",
  "withdrawn": "2020-06-16T20:53:33Z",
  "database_specific": {
    "nvd_published_at": null,
    "github_reviewed_at": "2020-06-16T20:53:33Z",
    "severity": "MODERATE",
    "github_reviewed": true,
    "cwe_ids": []
  },
  "references": [
    {
      "type": "ADVISORY",
      "url": "https://nvd.nist.gov/vuln/detail/CVE-2015-8862"
    },
    {
      "type": "ADVISORY",
      "url": "https://github.com/advisories/GHSA-3233-rgx3-c2wh"
    }
  ],
  "affected": [
    {
      "package": {
        "name": "mustache",
        "ecosystem": "npm",
        "purl": "pkg:npm/mustache"
      },
      "ranges": [
        {
          "type": "SEMVER",
          "events": [
            {
              "introduced": "0"
            },
            {
              "fixed": "2.2.1"
            }
          ]
        }
      ],
      "database_specific": {
        "source": "https://github.com/github/advisory-database/blob/main/advisories/github-reviewed/2018/10/GHSA-3233-rgx3-c2wh/GHSA-3233-rgx3-c2wh.json"
      }
    }
  ],
  "schema_version": "1.6.0"
}