{
  "id": "GHSA-2p2x-p7wj-j5h2",
  "summary": "PsiTransfer: File integrity violation",
  "details": "### Summary\nThe absence of restrictions on the endpoint, which is designed for uploading files, allows an attacker who received the id of a file distribution to change the files that are in this distribution.\n\n### Details\nVulnerable endpoint: PATCH /files/{{id}}\n\n### PoC\n1. Create a file distribution.\n\n2. Go to the link address for downloading files and download the file (in this case, the attacker receives the file id from the download request).\n\n3. Send a PATCH /files/{{id}} request with arbitrary content in the request body.\n\nThus, the file with the specified id will be changed. What the attacker specifies in the body of the request will be added to the end of the original content. In the future, users will download the modified file.\n\n### Impact\nThe vulnerability allows an attacker to influence those users who come to the file distribution after him and slip the victim files with a malicious or phishing signature.",
  "aliases": [
    "CVE-2024-31454"
  ],
  "modified": "2024-04-10T19:11:43.870211Z",
  "published": "2024-04-05T17:15:27Z",
  "database_specific": {
    "nvd_published_at": "2024-04-09T18:15:10Z",
    "cwe_ids": [
      "CWE-434"
    ],
    "severity": "MODERATE",
    "github_reviewed": true,
    "github_reviewed_at": "2024-04-05T17:15:27Z"
  },
  "references": [
    {
      "type": "WEB",
      "url": "https://github.com/psi-4ward/psitransfer/security/advisories/GHSA-2p2x-p7wj-j5h2"
    },
    {
      "type": "ADVISORY",
      "url": "https://nvd.nist.gov/vuln/detail/CVE-2024-31454"
    },
    {
      "type": "WEB",
      "url": "https://github.com/psi-4ward/psitransfer/commit/0014d81141e0f1664ccb6841970ef1ea0237cca3"
    },
    {
      "type": "PACKAGE",
      "url": "https://github.com/psi-4ward/psitransfer"
    }
  ],
  "affected": [
    {
      "package": {
        "name": "psitransfer",
        "ecosystem": "npm",
        "purl": "pkg:npm/psitransfer"
      },
      "ranges": [
        {
          "type": "SEMVER",
          "events": [
            {
              "introduced": "0"
            },
            {
              "fixed": "2.2.0"
            }
          ]
        }
      ],
      "database_specific": {
        "source": "https://github.com/github/advisory-database/blob/main/advisories/github-reviewed/2024/04/GHSA-2p2x-p7wj-j5h2/GHSA-2p2x-p7wj-j5h2.json"
      }
    }
  ],
  "schema_version": "1.6.0",
  "severity": [
    {
      "type": "CVSS_V3",
      "score": "CVSS:3.1/AV:N/AC:L/PR:N/UI:R/S:U/C:N/I:H/A:N"
    }
  ]
}