{
  "id": "GHSA-2275-rpf5-xv8h",
  "summary": "is-http2 vulnerable to Improper Input Validation",
  "details": "All versions of the package is-http2 are vulnerable to Command Injection due to missing input sanitization or other checks, and sandboxes being employed to the isH2 function.",
  "aliases": [
    "CVE-2022-25906"
  ],
  "modified": "2023-11-08T04:08:51.701195Z",
  "published": "2023-02-01T06:30:30Z",
  "database_specific": {
    "nvd_published_at": "2023-02-01T05:15:00Z",
    "cwe_ids": [
      "CWE-20"
    ],
    "severity": "HIGH",
    "github_reviewed": true,
    "github_reviewed_at": "2023-02-02T17:13:07Z"
  },
  "references": [
    {
      "type": "ADVISORY",
      "url": "https://nvd.nist.gov/vuln/detail/CVE-2022-25906"
    },
    {
      "type": "PACKAGE",
      "url": "https://github.com/stefanjudis/is-http2"
    },
    {
      "type": "WEB",
      "url": "https://github.com/stefanjudis/is-http2/blob/master/index.js#L23"
    },
    {
      "type": "WEB",
      "url": "https://github.com/stefanjudis/is-http2/blob/master/index.js%23L23"
    },
    {
      "type": "WEB",
      "url": "https://security.snyk.io/vuln/SNYK-JS-ISHTTP2-3153878"
    }
  ],
  "affected": [
    {
      "package": {
        "name": "is-http2",
        "ecosystem": "npm",
        "purl": "pkg:npm/is-http2"
      },
      "ranges": [
        {
          "type": "SEMVER",
          "events": [
            {
              "introduced": "0"
            },
            {
              "last_affected": "1.2.0"
            }
          ]
        }
      ],
      "database_specific": {
        "source": "https://github.com/github/advisory-database/blob/main/advisories/github-reviewed/2023/02/GHSA-2275-rpf5-xv8h/GHSA-2275-rpf5-xv8h.json"
      }
    }
  ],
  "schema_version": "1.6.0",
  "severity": [
    {
      "type": "CVSS_V3",
      "score": "CVSS:3.1/AV:L/AC:L/PR:L/UI:N/S:U/C:H/I:H/A:H"
    }
  ]
}