{
  "id": "GHSA-4fr2-j4g9-mppf",
  "summary": "Prototype Pollution in deephas",
  "details": "Prototype pollution vulnerability in 'deephas' versions 1.0.0 through 1.0.5 allows attacker to cause a denial of service and may lead to remote code execution.",
  "aliases": [
    "CVE-2020-28271"
  ],
  "modified": "2023-11-08T04:03:24.589015Z",
  "published": "2021-09-24T15:42:21Z",
  "database_specific": {
    "nvd_published_at": "2020-11-12T18:15:00Z",
    "cwe_ids": [
      "CWE-1321",
      "CWE-915"
    ],
    "severity": "CRITICAL",
    "github_reviewed": true,
    "github_reviewed_at": "2021-07-26T18:25:52Z"
  },
  "references": [
    {
      "type": "ADVISORY",
      "url": "https://nvd.nist.gov/vuln/detail/CVE-2020-28271"
    },
    {
      "type": "WEB",
      "url": "https://github.com/sharpred/deepHas/commit/2fe011713a6178c50f7deb6f039a8e5435981e20"
    },
    {
      "type": "WEB",
      "url": "https://www.whitesourcesoftware.com/vulnerability-database/CVE-2020-28271"
    },
    {
      "type": "WEB",
      "url": "https://www.whitesourcesoftware.com/vulnerability-database/CVE-2020-28271,"
    }
  ],
  "affected": [
    {
      "package": {
        "name": "deephas",
        "ecosystem": "npm",
        "purl": "pkg:npm/deephas"
      },
      "ranges": [
        {
          "type": "SEMVER",
          "events": [
            {
              "introduced": "1.0.0"
            },
            {
              "last_affected": "1.0.5"
            }
          ]
        }
      ],
      "database_specific": {
        "source": "https://github.com/github/advisory-database/blob/main/advisories/github-reviewed/2021/09/GHSA-4fr2-j4g9-mppf/GHSA-4fr2-j4g9-mppf.json"
      }
    }
  ],
  "schema_version": "1.6.0",
  "severity": [
    {
      "type": "CVSS_V3",
      "score": "CVSS:3.1/AV:N/AC:L/PR:N/UI:N/S:U/C:H/I:H/A:H"
    }
  ]
}