{
  "id": "GHSA-3mwc-2cj7-gx8c",
  "summary": "lunary-ai/lunary Access Control Vulnerability in Prompt Variation Management",
  "details": "In lunary-ai/lunary version 1.2.13, an insufficient granularity of access control vulnerability allows users to create, update, get, and delete prompt variations for datasets not owned by their organization. This issue arises due to the application not properly validating the ownership of dataset prompts and their variations against the organization or project of the requesting user. As a result, unauthorized modifications to dataset prompts can occur, leading to altered or removed dataset prompts without proper authorization. This vulnerability impacts the integrity and consistency of dataset information, potentially affecting the results of experiments.",
  "aliases": [
    "CVE-2024-5389"
  ],
  "modified": "2024-09-11T18:23:12Z",
  "published": "2024-06-10T00:30:39Z",
  "database_specific": {
    "nvd_published_at": "2024-06-09T23:15:50Z",
    "cwe_ids": [
      "CWE-1220"
    ],
    "severity": "CRITICAL",
    "github_reviewed": true,
    "github_reviewed_at": "2024-06-10T18:36:36Z"
  },
  "references": [
    {
      "type": "ADVISORY",
      "url": "https://nvd.nist.gov/vuln/detail/CVE-2024-5389"
    },
    {
      "type": "WEB",
      "url": "https://github.com/lunary-ai/lunary/commit/35dd4af0001a54ccb14276a1546eb977f82c0c5e"
    },
    {
      "type": "PACKAGE",
      "url": "https://github.com/lunary-ai/lunary-py"
    },
    {
      "type": "WEB",
      "url": "https://huntr.com/bounties/3ca5309f-5615-4d5b-8043-968af220d7a2"
    }
  ],
  "affected": [
    {
      "package": {
        "name": "lunary",
        "ecosystem": "npm",
        "purl": "pkg:npm/lunary"
      },
      "ranges": [
        {
          "type": "SEMVER",
          "events": [
            {
              "introduced": "0"
            },
            {
              "fixed": "1.4.9"
            }
          ]
        }
      ],
      "database_specific": {
        "source": "https://github.com/github/advisory-database/blob/main/advisories/github-reviewed/2024/06/GHSA-3mwc-2cj7-gx8c/GHSA-3mwc-2cj7-gx8c.json"
      }
    }
  ],
  "schema_version": "1.6.0",
  "severity": [
    {
      "type": "CVSS_V3",
      "score": "CVSS:3.1/AV:N/AC:L/PR:N/UI:R/S:C/C:H/I:H/A:N"
    },
    {
      "type": "CVSS_V4",
      "score": "CVSS:4.0/AV:N/AC:L/AT:N/PR:N/UI:P/VC:N/VI:N/VA:N/SC:H/SI:H/SA:N"
    }
  ]
}