{
  "id": "GHSA-3hq6-rmv7-39vh",
  "summary": "Injection in op-browser",
  "details": "op-browser through 1.0.9 is vulnerable to Command Injection. It allows execution of arbitrary commands via the url function.",
  "aliases": [
    "CVE-2020-7625"
  ],
  "modified": "2023-11-08T04:04:01.226623Z",
  "published": "2022-02-10T23:45:28Z",
  "database_specific": {
    "nvd_published_at": "2020-04-02T22:15:00Z",
    "github_reviewed_at": "2021-05-18T21:58:34Z",
    "severity": "CRITICAL",
    "github_reviewed": true,
    "cwe_ids": [
      "CWE-78"
    ]
  },
  "references": [
    {
      "type": "ADVISORY",
      "url": "https://nvd.nist.gov/vuln/detail/CVE-2020-7625"
    },
    {
      "type": "WEB",
      "url": "https://github.com/hiproxy/open-browser/pull/3"
    },
    {
      "type": "WEB",
      "url": "https://github.com/hiproxy/open-browser/pull/4"
    },
    {
      "type": "WEB",
      "url": "https://github.com/hiproxy/open-browser/blob/master/lib/index.js#L75,"
    },
    {
      "type": "WEB",
      "url": "https://snyk.io/vuln/SNYK-JS-OPBROWSER-564259"
    }
  ],
  "affected": [
    {
      "package": {
        "name": "op-browser",
        "ecosystem": "npm",
        "purl": "pkg:npm/op-browser"
      },
      "ranges": [
        {
          "type": "SEMVER",
          "events": [
            {
              "introduced": "0"
            },
            {
              "last_affected": "1.0.9"
            }
          ]
        }
      ],
      "database_specific": {
        "source": "https://github.com/github/advisory-database/blob/main/advisories/github-reviewed/2022/02/GHSA-3hq6-rmv7-39vh/GHSA-3hq6-rmv7-39vh.json"
      }
    }
  ],
  "schema_version": "1.6.0",
  "severity": [
    {
      "type": "CVSS_V3",
      "score": "CVSS:3.1/AV:N/AC:L/PR:N/UI:N/S:U/C:H/I:H/A:H"
    }
  ]
}