{
  "id": "GHSA-34gh-3cwv-wvp2",
  "summary": "Directory traversal in rollup-plugin-server",
  "details": "This affects all versions of package rollup-plugin-server. There is no path sanitization in readFile operation performed inside the readFileFromContentBase function.",
  "aliases": [
    "CVE-2020-7683"
  ],
  "modified": "2023-11-08T04:04:04.584223Z",
  "published": "2020-07-29T18:07:11Z",
  "database_specific": {
    "nvd_published_at": null,
    "github_reviewed_at": "2020-07-29T17:45:50Z",
    "severity": "HIGH",
    "github_reviewed": true,
    "cwe_ids": [
      "CWE-22"
    ]
  },
  "references": [
    {
      "type": "ADVISORY",
      "url": "https://nvd.nist.gov/vuln/detail/CVE-2020-7683"
    },
    {
      "type": "WEB",
      "url": "https://snyk.io/vuln/SNYK-JS-ROLLUPPLUGINSERVER-590123"
    }
  ],
  "affected": [
    {
      "package": {
        "name": "rollup-plugin-server",
        "ecosystem": "npm",
        "purl": "pkg:npm/rollup-plugin-server"
      },
      "ranges": [
        {
          "type": "SEMVER",
          "events": [
            {
              "introduced": "0"
            },
            {
              "last_affected": "0.7.0"
            }
          ]
        }
      ],
      "database_specific": {
        "source": "https://github.com/github/advisory-database/blob/main/advisories/github-reviewed/2020/07/GHSA-34gh-3cwv-wvp2/GHSA-34gh-3cwv-wvp2.json"
      }
    }
  ],
  "schema_version": "1.6.0",
  "severity": [
    {
      "type": "CVSS_V3",
      "score": "CVSS:3.1/AV:N/AC:L/PR:N/UI:N/S:U/C:H/I:N/A:N"
    }
  ]
}