{
  "id": "GHSA-4cj8-g9cp-v5wr",
  "summary": "Unrestricted Upload of File with Dangerous Type in blueimp-file-upload",
  "details": "Unauthenticated arbitrary file upload vulnerability in Blueimp jQuery-File-Upload <= v9.22.0",
  "aliases": [
    "CVE-2018-9206"
  ],
  "modified": "2023-11-08T04:00:30.247732Z",
  "published": "2018-10-22T18:53:56Z",
  "database_specific": {
    "nvd_published_at": null,
    "cwe_ids": [
      "CWE-434"
    ],
    "severity": "CRITICAL",
    "github_reviewed": true,
    "github_reviewed_at": "2020-06-16T20:58:08Z"
  },
  "references": [
    {
      "type": "ADVISORY",
      "url": "https://nvd.nist.gov/vuln/detail/CVE-2018-9206"
    },
    {
      "type": "ADVISORY",
      "url": "https://github.com/advisories/GHSA-4cj8-g9cp-v5wr"
    },
    {
      "type": "WEB",
      "url": "https://wpvulndb.com/vulnerabilities/9136"
    },
    {
      "type": "WEB",
      "url": "https://www.exploit-db.com/exploits/45790"
    },
    {
      "type": "WEB",
      "url": "https://www.exploit-db.com/exploits/46182"
    },
    {
      "type": "WEB",
      "url": "https://www.oracle.com/technetwork/security-advisory/cpujan2019-5072801.html"
    },
    {
      "type": "WEB",
      "url": "http://www.securityfocus.com/bid/105679"
    },
    {
      "type": "WEB",
      "url": "http://www.securityfocus.com/bid/106629"
    },
    {
      "type": "WEB",
      "url": "http://www.vapidlabs.com/advisory.php?v=204"
    }
  ],
  "affected": [
    {
      "package": {
        "name": "blueimp-file-upload",
        "ecosystem": "npm",
        "purl": "pkg:npm/blueimp-file-upload"
      },
      "ranges": [
        {
          "type": "SEMVER",
          "events": [
            {
              "introduced": "0"
            },
            {
              "fixed": "9.22.1"
            }
          ]
        }
      ],
      "database_specific": {
        "last_known_affected_version_range": "<= 9.22.0",
        "source": "https://github.com/github/advisory-database/blob/main/advisories/github-reviewed/2018/10/GHSA-4cj8-g9cp-v5wr/GHSA-4cj8-g9cp-v5wr.json"
      }
    }
  ],
  "schema_version": "1.6.0",
  "severity": [
    {
      "type": "CVSS_V3",
      "score": "CVSS:3.1/AV:N/AC:L/PR:N/UI:N/S:U/C:H/I:H/A:H"
    }
  ]
}