{
  "id": "GHSA-45hw-29x7-9x95",
  "summary": "Arbitrary File Read in Snyk Broker",
  "details": "All versions of snyk-broker before 4.79.0 are vulnerable to Arbitrary File Read. It allows partial file reads for users who have access to Snyk's internal network via patch history from GitHub Commits API.",
  "aliases": [
    "CVE-2020-7651"
  ],
  "modified": "2024-05-19T02:24:08.169574Z",
  "published": "2020-06-03T22:02:11Z",
  "database_specific": {
    "nvd_published_at": "2020-05-29T21:15:00Z",
    "github_reviewed_at": "2020-06-01T19:40:59Z",
    "severity": "MODERATE",
    "github_reviewed": true,
    "cwe_ids": [
      "CWE-22"
    ]
  },
  "references": [
    {
      "type": "ADVISORY",
      "url": "https://nvd.nist.gov/vuln/detail/CVE-2020-7651"
    },
    {
      "type": "WEB",
      "url": "https://snyk.io/vuln/SNYK-JS-SNYKBROKER-570610"
    },
    {
      "type": "WEB",
      "url": "https://updates.snyk.io/snyk-broker-security-fixes-152338"
    }
  ],
  "affected": [
    {
      "package": {
        "name": "snyk-broker",
        "ecosystem": "npm",
        "purl": "pkg:npm/snyk-broker"
      },
      "ranges": [
        {
          "type": "SEMVER",
          "events": [
            {
              "introduced": "0"
            },
            {
              "fixed": "4.79.0"
            }
          ]
        }
      ],
      "database_specific": {
        "source": "https://github.com/github/advisory-database/blob/main/advisories/github-reviewed/2020/06/GHSA-45hw-29x7-9x95/GHSA-45hw-29x7-9x95.json"
      }
    }
  ],
  "schema_version": "1.6.0",
  "severity": [
    {
      "type": "CVSS_V3",
      "score": "CVSS:3.1/AV:N/AC:L/PR:L/UI:N/S:U/C:L/I:N/A:N"
    }
  ]
}