{
  "id": "GHSA-3hvm-hgpw-rx4j",
  "summary": "Path Traversal in knightjs",
  "details": "All versions of `knightjs` are vulnerable to Path Traversal. \n\nThis vulnerability allows an attacker to read content of arbitrary files on the server due to lack of input validation.\n\n\n## Recommendation\n\nAs there is currently no fix for this module we recommend not using this module in production environments. ",
  "aliases": [
    "CVE-2018-16475"
  ],
  "modified": "2023-11-08T04:00:00.069813Z",
  "published": "2018-11-06T23:11:10Z",
  "database_specific": {
    "nvd_published_at": null,
    "cwe_ids": [
      "CWE-22"
    ],
    "severity": "HIGH",
    "github_reviewed": true,
    "github_reviewed_at": "2020-06-16T20:55:20Z"
  },
  "references": [
    {
      "type": "ADVISORY",
      "url": "https://nvd.nist.gov/vuln/detail/CVE-2018-16475"
    },
    {
      "type": "WEB",
      "url": "https://hackerone.com/reports/403707"
    },
    {
      "type": "ADVISORY",
      "url": "https://github.com/advisories/GHSA-3hvm-hgpw-rx4j"
    },
    {
      "type": "WEB",
      "url": "https://github.com/nodejs/security-wg/blob/master/vuln/npm/484.json"
    },
    {
      "type": "WEB",
      "url": "https://www.npmjs.com/advisories/743"
    }
  ],
  "affected": [
    {
      "package": {
        "name": "knightjs",
        "ecosystem": "npm",
        "purl": "pkg:npm/knightjs"
      },
      "ranges": [
        {
          "type": "SEMVER",
          "events": [
            {
              "introduced": "0"
            },
            {
              "last_affected": "0.0.1"
            }
          ]
        }
      ],
      "database_specific": {
        "source": "https://github.com/github/advisory-database/blob/main/advisories/github-reviewed/2018/11/GHSA-3hvm-hgpw-rx4j/GHSA-3hvm-hgpw-rx4j.json"
      }
    }
  ],
  "schema_version": "1.6.0",
  "severity": [
    {
      "type": "CVSS_V3",
      "score": "CVSS:3.0/AV:N/AC:L/PR:N/UI:N/S:U/C:H/I:N/A:N"
    }
  ]
}