{
  "id": "GHSA-2mvm-66q7-m256",
  "summary": "Downloads Resources over HTTP in selenium-download",
  "details": "Affected versions of `selenium-download` insecurely download an executable over an unencrypted HTTP connection. \n\nIn scenarios where an attacker has a privileged network position, it is possible to intercept the response and replace the executable with a malicious one, resulting in code execution on the system running `selenium-download`.\n\n\n## Recommendation\n\nUpdate to version 2.0.7 or later.",
  "aliases": [
    "CVE-2016-10559"
  ],
  "modified": "2023-11-08T03:58:12.571738Z",
  "published": "2019-02-18T23:40:25Z",
  "database_specific": {
    "nvd_published_at": null,
    "github_reviewed_at": "2020-06-16T20:52:38Z",
    "severity": "HIGH",
    "github_reviewed": true,
    "cwe_ids": [
      "CWE-311"
    ]
  },
  "references": [
    {
      "type": "ADVISORY",
      "url": "https://nvd.nist.gov/vuln/detail/CVE-2016-10559"
    },
    {
      "type": "ADVISORY",
      "url": "https://github.com/advisories/GHSA-2mvm-66q7-m256"
    },
    {
      "type": "WEB",
      "url": "https://www.npmjs.com/advisories/164"
    }
  ],
  "affected": [
    {
      "package": {
        "name": "selenium-download",
        "ecosystem": "npm",
        "purl": "pkg:npm/selenium-download"
      },
      "ranges": [
        {
          "type": "SEMVER",
          "events": [
            {
              "introduced": "0"
            },
            {
              "fixed": "2.0.7"
            }
          ]
        }
      ],
      "database_specific": {
        "source": "https://github.com/github/advisory-database/blob/main/advisories/github-reviewed/2019/02/GHSA-2mvm-66q7-m256/GHSA-2mvm-66q7-m256.json"
      }
    }
  ],
  "schema_version": "1.6.0"
}