{
  "id": "GHSA-3r8f-gphx-9m2c",
  "summary": "Path Traversal in mcstatic",
  "details": "All versions of `mcstatic` are vulnerable to path traversal.\n\n\n## Recommendation\n\nNo fix is currently available for this vulnerability. It is our recommendation to not install or use this module at this time.",
  "aliases": [
    "CVE-2018-3730"
  ],
  "modified": "2023-11-08T04:00:17.731763Z",
  "published": "2018-07-27T17:04:16Z",
  "database_specific": {
    "nvd_published_at": "2018-06-07T02:29:00Z",
    "github_reviewed_at": "2020-06-16T20:56:02Z",
    "severity": "HIGH",
    "github_reviewed": true,
    "cwe_ids": [
      "CWE-22"
    ]
  },
  "references": [
    {
      "type": "ADVISORY",
      "url": "https://nvd.nist.gov/vuln/detail/CVE-2018-3730"
    },
    {
      "type": "WEB",
      "url": "https://hackerone.com/reports/312907"
    },
    {
      "type": "ADVISORY",
      "url": "https://github.com/advisories/GHSA-3r8f-gphx-9m2c"
    },
    {
      "type": "WEB",
      "url": "https://www.npmjs.com/advisories/641"
    }
  ],
  "affected": [
    {
      "package": {
        "name": "mcstatic",
        "ecosystem": "npm",
        "purl": "pkg:npm/mcstatic"
      },
      "ranges": [
        {
          "type": "SEMVER",
          "events": [
            {
              "introduced": "0"
            },
            {
              "last_affected": "0.0.20"
            }
          ]
        }
      ],
      "database_specific": {
        "source": "https://github.com/github/advisory-database/blob/main/advisories/github-reviewed/2018/07/GHSA-3r8f-gphx-9m2c/GHSA-3r8f-gphx-9m2c.json"
      }
    }
  ],
  "schema_version": "1.6.0",
  "severity": [
    {
      "type": "CVSS_V3",
      "score": "CVSS:3.1/AV:N/AC:L/PR:N/UI:N/S:U/C:H/I:N/A:N"
    }
  ]
}