{
  "id": "GHSA-42xw-2xvc-qx8m",
  "summary": "Denial of Service in axios",
  "details": "Versions of `axios` prior to 0.18.1 are vulnerable to Denial of Service. If a request exceeds the `maxContentLength` property, the package prints an error but does not stop the request. This may cause high CPU usage and lead to Denial of Service.\n\n\n## Recommendation\n\nUpgrade to 0.18.1 or later.",
  "aliases": [
    "CVE-2019-10742"
  ],
  "modified": "2023-11-08T04:00:54.287876Z",
  "published": "2019-05-29T18:04:45Z",
  "database_specific": {
    "nvd_published_at": "2019-05-07T19:29:00Z",
    "github_reviewed_at": "2019-05-14T15:22:47Z",
    "severity": "HIGH",
    "github_reviewed": true,
    "cwe_ids": [
      "CWE-20",
      "CWE-755"
    ]
  },
  "references": [
    {
      "type": "ADVISORY",
      "url": "https://nvd.nist.gov/vuln/detail/CVE-2019-10742"
    },
    {
      "type": "WEB",
      "url": "https://github.com/axios/axios/issues/1098"
    },
    {
      "type": "WEB",
      "url": "https://github.com/axios/axios/pull/1485"
    },
    {
      "type": "WEB",
      "url": "https://github.com/axios/axios/commit/acabfbdf00a58bb866c9d070e8a10d1d0dbeb572"
    },
    {
      "type": "WEB",
      "url": "https://app.snyk.io/vuln/SNYK-JS-AXIOS-174505"
    },
    {
      "type": "WEB",
      "url": "https://snyk.io/vuln/SNYK-JS-AXIOS-174505"
    },
    {
      "type": "WEB",
      "url": "https://www.npmjs.com/advisories/880"
    }
  ],
  "affected": [
    {
      "package": {
        "name": "axios",
        "ecosystem": "npm",
        "purl": "pkg:npm/axios"
      },
      "ranges": [
        {
          "type": "SEMVER",
          "events": [
            {
              "introduced": "0"
            },
            {
              "fixed": "0.18.1"
            }
          ]
        }
      ],
      "database_specific": {
        "last_known_affected_version_range": "<= 0.18.0",
        "source": "https://github.com/github/advisory-database/blob/main/advisories/github-reviewed/2019/05/GHSA-42xw-2xvc-qx8m/GHSA-42xw-2xvc-qx8m.json"
      }
    }
  ],
  "schema_version": "1.6.0",
  "severity": [
    {
      "type": "CVSS_V3",
      "score": "CVSS:3.0/AV:N/AC:L/PR:N/UI:N/S:U/C:N/I:N/A:H"
    }
  ]
}