{
  "id": "GHSA-333x-9vgq-v2j4",
  "summary": "Directory Traversal in geddy",
  "details": "Versions 13.0.8 and earlier of geddy are vulnerable to a directory traversal attack via URI encoded attack vectors.\n\n### Proof of Concept\n```\nhttp://localhost:4000/..%2f..%2f..%2f..%2f..%2f..%2f..%2f..%2f..%2f..%2f..%2f..%2f..%2f..%2f..%2f..%2fetc/passwd\n```\n\n\n## Recommendation\n\nUpdate geddy to version >= 13.0.8",
  "aliases": [
    "CVE-2015-5688"
  ],
  "modified": "2023-11-08T03:57:58.656614Z",
  "published": "2017-10-24T18:33:36Z",
  "database_specific": {
    "nvd_published_at": null,
    "github_reviewed_at": "2020-06-16T20:53:48Z",
    "severity": "HIGH",
    "github_reviewed": true,
    "cwe_ids": [
      "CWE-22"
    ]
  },
  "references": [
    {
      "type": "ADVISORY",
      "url": "https://nvd.nist.gov/vuln/detail/CVE-2015-5688"
    },
    {
      "type": "WEB",
      "url": "https://github.com/geddy/geddy/issues/697"
    },
    {
      "type": "WEB",
      "url": "https://github.com/geddy/geddy/pull/699"
    },
    {
      "type": "WEB",
      "url": "https://github.com/geddy/geddy/commit/2de63b68b3aa6c08848f261ace550a37959ef231"
    },
    {
      "type": "ADVISORY",
      "url": "https://github.com/advisories/GHSA-333x-9vgq-v2j4"
    },
    {
      "type": "PACKAGE",
      "url": "https://github.com/geddy/geddy"
    },
    {
      "type": "WEB",
      "url": "https://github.com/geddy/geddy/releases/tag/v13.0.8"
    },
    {
      "type": "WEB",
      "url": "https://www.npmjs.com/advisories/10"
    }
  ],
  "affected": [
    {
      "package": {
        "name": "geddy",
        "ecosystem": "npm",
        "purl": "pkg:npm/geddy"
      },
      "ranges": [
        {
          "type": "SEMVER",
          "events": [
            {
              "introduced": "0"
            },
            {
              "fixed": "13.0.8"
            }
          ]
        }
      ],
      "database_specific": {
        "source": "https://github.com/github/advisory-database/blob/main/advisories/github-reviewed/2017/10/GHSA-333x-9vgq-v2j4/GHSA-333x-9vgq-v2j4.json"
      }
    }
  ],
  "schema_version": "1.6.0"
}