{
  "id": "GHSA-3949-f494-cm99",
  "summary": "Cross-site Scripting in Prism",
  "details": "### Impact\nPrism's [Command line plugin](https://prismjs.com/plugins/command-line/) can be used by attackers to achieve an XSS attack. The Command line plugin did not properly escape its output, leading to the input text being inserted into the DOM as HTML code.\n\nServer-side usage of Prism is not impacted. Websites that do not use the Command Line plugin are also not impacted.\n\n### Patches\nThis bug has been fixed in v1.27.0.\n\n### Workarounds\nDo not use the Command line plugin on untrusted inputs, or sanitized all code blocks (remove all HTML code text) from all code blocks that use the Command line plugin.\n\n### References\n- https://github.com/PrismJS/prism/pull/3341",
  "aliases": [
    "CVE-2022-23647"
  ],
  "modified": "2023-11-08T04:08:26.360065Z",
  "published": "2022-02-22T19:32:18Z",
  "database_specific": {
    "nvd_published_at": "2022-02-18T15:15:00Z",
    "github_reviewed_at": "2022-02-22T19:32:18Z",
    "severity": "HIGH",
    "github_reviewed": true,
    "cwe_ids": [
      "CWE-79"
    ]
  },
  "references": [
    {
      "type": "WEB",
      "url": "https://github.com/PrismJS/prism/security/advisories/GHSA-3949-f494-cm99"
    },
    {
      "type": "ADVISORY",
      "url": "https://nvd.nist.gov/vuln/detail/CVE-2022-23647"
    },
    {
      "type": "WEB",
      "url": "https://github.com/PrismJS/prism/pull/3341"
    },
    {
      "type": "WEB",
      "url": "https://github.com/PrismJS/prism/commit/e002e78c343154e1c0ddf9d6a0bb85689e1a5c7c"
    },
    {
      "type": "PACKAGE",
      "url": "https://github.com/PrismJS/prism"
    }
  ],
  "affected": [
    {
      "package": {
        "name": "prismjs",
        "ecosystem": "npm",
        "purl": "pkg:npm/prismjs"
      },
      "ranges": [
        {
          "type": "SEMVER",
          "events": [
            {
              "introduced": "1.14.0"
            },
            {
              "fixed": "1.27.0"
            }
          ]
        }
      ],
      "database_specific": {
        "source": "https://github.com/github/advisory-database/blob/main/advisories/github-reviewed/2022/02/GHSA-3949-f494-cm99/GHSA-3949-f494-cm99.json"
      }
    }
  ],
  "schema_version": "1.6.0",
  "severity": [
    {
      "type": "CVSS_V3",
      "score": "CVSS:3.1/AV:N/AC:H/PR:N/UI:R/S:C/C:H/I:L/A:L"
    }
  ]
}