{
  "id": "GHSA-428f-mh7w-6w2x",
  "summary": "pandora-doomsday is malware",
  "details": "The `pandora-doomsday` package is a malicious package that adds itself to the package.json of other packages discovered on the victim host and attempts to publish the package. \n\nIt has been removed from the npm registry.\n\n\n## Recommendation\n\nAny computer that has this package installed or running should be considered fully compromised. All secrets and keys stored on that computer should be rotated immediately from a different computer.\n\nThe package should be removed, but as full control of the computer may have been given to an outside entity, there is no guarantee that removing the package will remove all malicious software resulting from installing it.",
  "aliases": [
    "CVE-2017-16127"
  ],
  "modified": "2023-11-08T03:59:06.437046Z",
  "published": "2020-09-01T18:56:40Z",
  "database_specific": {
    "nvd_published_at": null,
    "cwe_ids": [
      "CWE-509"
    ],
    "severity": "CRITICAL",
    "github_reviewed": true,
    "github_reviewed_at": "2020-08-31T18:24:50Z"
  },
  "references": [
    {
      "type": "ADVISORY",
      "url": "https://nvd.nist.gov/vuln/detail/CVE-2017-16127"
    },
    {
      "type": "WEB",
      "url": "https://www.npmjs.com/advisories/482"
    }
  ],
  "affected": [
    {
      "package": {
        "name": "pandora-doomsday",
        "ecosystem": "npm",
        "purl": "pkg:npm/pandora-doomsday"
      },
      "ranges": [
        {
          "type": "SEMVER",
          "events": [
            {
              "introduced": "0.0.0"
            }
          ]
        }
      ],
      "database_specific": {
        "source": "https://github.com/github/advisory-database/blob/main/advisories/github-reviewed/2020/09/GHSA-428f-mh7w-6w2x/GHSA-428f-mh7w-6w2x.json"
      }
    }
  ],
  "schema_version": "1.6.0",
  "severity": [
    {
      "type": "CVSS_V3",
      "score": "CVSS:3.0/AV:N/AC:L/PR:N/UI:N/S:U/C:H/I:H/A:H"
    }
  ]
}