{
  "id": "GHSA-3wcq-x3mq-6r9p",
  "summary": "Potential memory exposure in dns-packet",
  "details": "This affects the package dns-packet before versions 1.3.2 and 5.2.2. It creates buffers with allocUnsafe and does not always fill them before forming network packets. This can expose internal application memory over unencrypted network when querying crafted invalid domain names.",
  "aliases": [
    "CVE-2021-23386",
    "SNYK-JAVA-ORGWEBJARSNPM-1295719",
    "SNYK-JS-DNSPACKET-1293563"
  ],
  "modified": "2023-11-08T04:05:06.591791Z",
  "published": "2021-05-24T19:51:04Z",
  "database_specific": {
    "nvd_published_at": "2021-05-20T17:15:00Z",
    "cwe_ids": [
      "CWE-200",
      "CWE-908"
    ],
    "severity": "HIGH",
    "github_reviewed": true,
    "github_reviewed_at": "2021-05-21T18:07:04Z"
  },
  "references": [
    {
      "type": "ADVISORY",
      "url": "https://nvd.nist.gov/vuln/detail/CVE-2021-23386"
    },
    {
      "type": "WEB",
      "url": "https://github.com/mafintosh/dns-packet/commit/0d0d593f8df4e2712c43957a6c62e95047f12b2d"
    },
    {
      "type": "WEB",
      "url": "https://github.com/mafintosh/dns-packet/commit/25f15dd0fedc53688b25fd053ebbdffe3d5c1c56"
    },
    {
      "type": "WEB",
      "url": "https://hackerone.com/bugs?subject=user&amp%3Breport_id=968858"
    },
    {
      "type": "WEB",
      "url": "https://snyk.io/vuln/SNYK-JAVA-ORGWEBJARSNPM-1295719"
    },
    {
      "type": "WEB",
      "url": "https://snyk.io/vuln/SNYK-JS-DNSPACKET-1293563"
    }
  ],
  "affected": [
    {
      "package": {
        "name": "dns-packet",
        "ecosystem": "npm",
        "purl": "pkg:npm/dns-packet"
      },
      "ranges": [
        {
          "type": "SEMVER",
          "events": [
            {
              "introduced": "2.0.0"
            },
            {
              "fixed": "5.2.2"
            }
          ]
        }
      ],
      "ecosystem_specific": {
        "affected_functions": [
          "(dns-packet).encodingLength"
        ]
      },
      "database_specific": {
        "source": "https://github.com/github/advisory-database/blob/main/advisories/github-reviewed/2021/05/GHSA-3wcq-x3mq-6r9p/GHSA-3wcq-x3mq-6r9p.json"
      }
    },
    {
      "package": {
        "name": "dns-packet",
        "ecosystem": "npm",
        "purl": "pkg:npm/dns-packet"
      },
      "ranges": [
        {
          "type": "SEMVER",
          "events": [
            {
              "introduced": "0"
            },
            {
              "fixed": "1.3.2"
            }
          ]
        }
      ],
      "ecosystem_specific": {
        "affected_functions": [
          "(dns-packet).encodingLength"
        ]
      },
      "database_specific": {
        "source": "https://github.com/github/advisory-database/blob/main/advisories/github-reviewed/2021/05/GHSA-3wcq-x3mq-6r9p/GHSA-3wcq-x3mq-6r9p.json"
      }
    }
  ],
  "schema_version": "1.6.0",
  "severity": [
    {
      "type": "CVSS_V3",
      "score": "CVSS:3.1/AV:N/AC:H/PR:L/UI:N/S:C/C:H/I:L/A:L"
    }
  ]
}