{
  "id": "GHSA-2ccf-ffrj-m4qw",
  "summary": "CSRF token fixation in fastify-passport",
  "details": "The [CSRF](https://owasp.org/www-community/attacks/csrf) protection enforced by the `@fastify/csrf-protection` library, when combined with `@fastify/passport`, can be bypassed by network and same-site attackers.\n\n## Details\n`fastify/csrf-protection` implements the [synchronizer token pattern](https://cheatsheetseries.owasp.org/cheatsheets/Cross-Site_Request_Forgery_Prevention_Cheat_Sheet.html#synchronizer-token-pattern) (using plugins `@fastify/session` and `@fastify/secure-session`) by storing a random value used for CSRF token generation in the `_csrf` attribute of a user's session.\n\nThe `@fastify/passport` library does not clear the session object upon authentication, preserving the `_csrf` attribute between pre-login and authenticated sessions. Consequently, CSRF tokens generated before authentication are still valid. Network and [same-site attackers](https://canitakeyoursubdomain.name/) can thus obtain a CSRF token for their pre-session, fixate that pre-session in the victim's browser via cookie tossing, and then perform a CSRF attack after the victim authenticates.\n\n## Fix\nAs a solution, newer versions of `@fastify/passport` include the configuration options\n\n* `clearSessionOnLogin (default: true)` and\n* `clearSessionIgnoreFields (default: ['session'])`\n\nto clear all the session attributes by default, preserving those explicitly defined in `clearSessionIgnoreFields`.\n\n## Credits\n* Pedro Ad\u00e3o (@pedromigueladao), [Instituto Superior T\u00e9cnico, University of Lisbon](https://tecnico.ulisboa.pt/)\n* Marco Squarcina (@lavish), [Security & Privacy Research Unit, TU Wien](https://secpriv.wien/)",
  "aliases": [
    "CVE-2023-29020"
  ],
  "modified": "2023-11-08T04:12:16.480712Z",
  "published": "2023-04-21T22:32:47Z",
  "database_specific": {
    "nvd_published_at": "2023-04-21T23:15:20Z",
    "cwe_ids": [
      "CWE-352"
    ],
    "severity": "MODERATE",
    "github_reviewed": true,
    "github_reviewed_at": "2023-04-21T22:32:47Z"
  },
  "references": [
    {
      "type": "WEB",
      "url": "https://github.com/fastify/fastify-passport/security/advisories/GHSA-2ccf-ffrj-m4qw"
    },
    {
      "type": "ADVISORY",
      "url": "https://nvd.nist.gov/vuln/detail/CVE-2023-29020"
    },
    {
      "type": "WEB",
      "url": "https://github.com/fastify/fastify-passport/commit/07c90feab9cba0dd4779e47cfb0717a7e2f01d3d"
    },
    {
      "type": "WEB",
      "url": "https://cheatsheetseries.owasp.org/cheatsheets/Cross-Site_Request_Forgery_Prevention_Cheat_Sheet.html#synchronizer-token-pattern"
    },
    {
      "type": "PACKAGE",
      "url": "https://github.com/fastify/fastify-passport"
    },
    {
      "type": "WEB",
      "url": "https://owasp.org/www-community/attacks/csrf"
    }
  ],
  "affected": [
    {
      "package": {
        "name": "@fastify/passport",
        "ecosystem": "npm",
        "purl": "pkg:npm/%40fastify/passport"
      },
      "ranges": [
        {
          "type": "SEMVER",
          "events": [
            {
              "introduced": "0"
            },
            {
              "fixed": "1.1.0"
            }
          ]
        }
      ],
      "database_specific": {
        "source": "https://github.com/github/advisory-database/blob/main/advisories/github-reviewed/2023/04/GHSA-2ccf-ffrj-m4qw/GHSA-2ccf-ffrj-m4qw.json"
      }
    },
    {
      "package": {
        "name": "@fastify/passport",
        "ecosystem": "npm",
        "purl": "pkg:npm/%40fastify/passport"
      },
      "ranges": [
        {
          "type": "SEMVER",
          "events": [
            {
              "introduced": "2.0.0"
            },
            {
              "fixed": "2.3.0"
            }
          ]
        }
      ],
      "database_specific": {
        "source": "https://github.com/github/advisory-database/blob/main/advisories/github-reviewed/2023/04/GHSA-2ccf-ffrj-m4qw/GHSA-2ccf-ffrj-m4qw.json"
      }
    }
  ],
  "schema_version": "1.6.0",
  "severity": [
    {
      "type": "CVSS_V3",
      "score": "CVSS:3.1/AV:N/AC:L/PR:N/UI:R/S:U/C:N/I:H/A:N"
    }
  ]
}