{
  "id": "GHSA-339j-hqgx-qrrx",
  "summary": "Prototype Pollution in nedb",
  "details": "This affects all versions of package nedb. The library could be tricked into adding or modifying properties of Object.prototype using a __proto__ or constructor.prototype payload.",
  "aliases": [
    "CVE-2021-23395"
  ],
  "modified": "2023-11-08T04:05:07.148511Z",
  "published": "2021-06-21T17:13:06Z",
  "database_specific": {
    "nvd_published_at": "2021-06-15T20:15:00Z",
    "cwe_ids": [
      "CWE-1321"
    ],
    "severity": "HIGH",
    "github_reviewed": true,
    "github_reviewed_at": "2021-06-16T20:12:32Z"
  },
  "references": [
    {
      "type": "ADVISORY",
      "url": "https://nvd.nist.gov/vuln/detail/CVE-2021-23395"
    },
    {
      "type": "WEB",
      "url": "https://snyk.io/vuln/SNYK-JS-NEDB-1305279"
    }
  ],
  "affected": [
    {
      "package": {
        "name": "nedb",
        "ecosystem": "npm",
        "purl": "pkg:npm/nedb"
      },
      "ranges": [
        {
          "type": "SEMVER",
          "events": [
            {
              "introduced": "0"
            },
            {
              "last_affected": "1.8.0"
            }
          ]
        }
      ],
      "database_specific": {
        "source": "https://github.com/github/advisory-database/blob/main/advisories/github-reviewed/2021/06/GHSA-339j-hqgx-qrrx/GHSA-339j-hqgx-qrrx.json"
      }
    }
  ],
  "schema_version": "1.6.0",
  "severity": [
    {
      "type": "CVSS_V3",
      "score": "CVSS:3.1/AV:N/AC:L/PR:N/UI:N/S:U/C:L/I:L/A:L"
    }
  ]
}