{
  "id": "GHSA-3cgg-gh9j-w8vm",
  "summary": "Directory Traversal in iter-http",
  "details": "Affected versions of `iter-http` resolve relative file paths, resulting in a directory traversal vulnerability. A malicious actor can use this vulnerability to access files outside of the intended directory root, which may result in the disclosure of private files on the vulnerable system.\n\n**Example request:**\n```http\nGET /../../../../../../../../../../etc/passwd HTTP/1.1\nhost:foo\n```\n\n\n## Recommendation\n\nNo patch is available for this vulnerability.\n\nIt is recommended that the package is only used for local development, and if the functionality is needed for production, a different package is used instead.",
  "aliases": [
    "CVE-2017-16094"
  ],
  "modified": "2023-11-08T03:59:04.485863Z",
  "published": "2018-07-24T13:58:10Z",
  "database_specific": {
    "nvd_published_at": null,
    "cwe_ids": [
      "CWE-22"
    ],
    "severity": "HIGH",
    "github_reviewed": true,
    "github_reviewed_at": "2020-06-16T20:54:51Z"
  },
  "references": [
    {
      "type": "ADVISORY",
      "url": "https://nvd.nist.gov/vuln/detail/CVE-2017-16094"
    },
    {
      "type": "WEB",
      "url": "https://github.com/JacksonGL/NPM-Vuln-PoC/blob/master/directory-traversal/iter-http"
    },
    {
      "type": "ADVISORY",
      "url": "https://github.com/advisories/GHSA-3cgg-gh9j-w8vm"
    },
    {
      "type": "WEB",
      "url": "https://www.npmjs.com/advisories/343"
    }
  ],
  "affected": [
    {
      "package": {
        "name": "iter-http",
        "ecosystem": "npm",
        "purl": "pkg:npm/iter-http"
      },
      "ranges": [
        {
          "type": "SEMVER",
          "events": [
            {
              "introduced": "0"
            },
            {
              "last_affected": "1.0.13"
            }
          ]
        }
      ],
      "database_specific": {
        "source": "https://github.com/github/advisory-database/blob/main/advisories/github-reviewed/2018/07/GHSA-3cgg-gh9j-w8vm/GHSA-3cgg-gh9j-w8vm.json"
      }
    }
  ],
  "schema_version": "1.6.0"
}