{
  "id": "GHSA-45fh-g845-pj9w",
  "summary": "Auth0 Passport-SharePoint does not validate JWT signature",
  "details": "Auth0 Passport-SharePoint before 0.4.0 does not validate the JWT signature of an Access Token before processing. This allows attackers to forge tokens and bypass authentication and authorization mechanisms.",
  "aliases": [
    "CVE-2019-13483"
  ],
  "modified": "2023-11-08T04:01:08.293435Z",
  "published": "2022-05-24T16:51:23Z",
  "database_specific": {
    "nvd_published_at": "2019-07-25T20:15:00Z",
    "cwe_ids": [
      "CWE-345"
    ],
    "severity": "HIGH",
    "github_reviewed": true,
    "github_reviewed_at": "2023-07-14T21:25:27Z"
  },
  "references": [
    {
      "type": "ADVISORY",
      "url": "https://nvd.nist.gov/vuln/detail/CVE-2019-13483"
    },
    {
      "type": "WEB",
      "url": "https://auth0.com/docs/security/bulletins/cve-2019-13483"
    },
    {
      "type": "PACKAGE",
      "url": "https://github.com/auth0/passport-sharepoint"
    }
  ],
  "affected": [
    {
      "package": {
        "name": "passport-sharepoint",
        "ecosystem": "npm",
        "purl": "pkg:npm/passport-sharepoint"
      },
      "ranges": [
        {
          "type": "SEMVER",
          "events": [
            {
              "introduced": "0"
            },
            {
              "fixed": "0.4.0"
            }
          ]
        }
      ],
      "database_specific": {
        "source": "https://github.com/github/advisory-database/blob/main/advisories/github-reviewed/2022/05/GHSA-45fh-g845-pj9w/GHSA-45fh-g845-pj9w.json"
      }
    }
  ],
  "schema_version": "1.6.0",
  "severity": [
    {
      "type": "CVSS_V3",
      "score": "CVSS:3.0/AV:N/AC:L/PR:N/UI:N/S:U/C:L/I:L/A:L"
    }
  ]
}