{
  "id": "GHSA-4fc4-chg7-h8gh",
  "summary": "Unprotected dynamically loaded chunks",
  "details": "### Impact\n\nAll dynamically loaded chunks receive an invalid integrity hash that is ignored by the browser, and therefore the browser cannot validate their integrity. This removes the additional level of protection offered by SRI for such chunks. Top-level chunks are unaffected.\n\n### Patches\n\nThis issue is patched in version 1.5.1.\n\n### Workarounds\n\nN/A\n\n### References\n\nhttps://github.com/waysact/webpack-subresource-integrity/issues/131\n\n### For more information\nIf you have any questions or comments about this advisory:\n* Comment on [webpack-subresource-integrity issue #131](https://github.com/waysact/webpack-subresource-integrity/issues/131)\n* Or email us at [security@waysact.com](mailto:security@waysact.com)",
  "aliases": [
    "CVE-2020-15262"
  ],
  "modified": "2023-11-08T04:02:35.896005Z",
  "published": "2020-10-19T20:02:44Z",
  "database_specific": {
    "nvd_published_at": "2020-10-19T20:15:00Z",
    "cwe_ids": [
      "CWE-345"
    ],
    "severity": "LOW",
    "github_reviewed": true,
    "github_reviewed_at": "2020-10-19T20:02:31Z"
  },
  "references": [
    {
      "type": "WEB",
      "url": "https://github.com/waysact/webpack-subresource-integrity/security/advisories/GHSA-4fc4-chg7-h8gh"
    },
    {
      "type": "ADVISORY",
      "url": "https://nvd.nist.gov/vuln/detail/CVE-2020-15262"
    },
    {
      "type": "WEB",
      "url": "https://github.com/waysact/webpack-subresource-integrity/issues/131"
    },
    {
      "type": "WEB",
      "url": "https://github.com/waysact/webpack-subresource-integrity/commit/3d7090c08c333fcfb10ad9e2d6cf72e2acb7d87f"
    },
    {
      "type": "WEB",
      "url": "https://github.com/waysact/webpack-subresource-integrity"
    }
  ],
  "affected": [
    {
      "package": {
        "name": "webpack-subresource-integrity",
        "ecosystem": "npm",
        "purl": "pkg:npm/webpack-subresource-integrity"
      },
      "ranges": [
        {
          "type": "SEMVER",
          "events": [
            {
              "introduced": "0"
            },
            {
              "fixed": "1.5.1"
            }
          ]
        }
      ],
      "database_specific": {
        "source": "https://github.com/github/advisory-database/blob/main/advisories/github-reviewed/2020/10/GHSA-4fc4-chg7-h8gh/GHSA-4fc4-chg7-h8gh.json"
      }
    }
  ],
  "schema_version": "1.6.0",
  "severity": [
    {
      "type": "CVSS_V3",
      "score": "CVSS:3.1/AV:N/AC:H/PR:N/UI:N/S:U/C:L/I:N/A:N"
    }
  ]
}