{
  "id": "GHSA-328p-362g-r48j",
  "summary": "ag-grid packages vulnerable to Prototype Pollution",
  "details": "ag-grid-enterprise v31.3.2 was discovered to contain a prototype pollution via the component _ModuleSupport.jsonApply. This vulnerability allows attackers to execute arbitrary code or cause a Denial of Service (DoS) via injecting arbitrary properties.",
  "aliases": [
    "CVE-2024-39001"
  ],
  "modified": "2024-08-26T14:28:55.397737Z",
  "published": "2024-07-01T15:32:20Z",
  "related": [
    "CGA-3mpq-gffq-cxpw"
  ],
  "database_specific": {
    "nvd_published_at": "2024-07-01T13:15:05Z",
    "cwe_ids": [
      "CWE-1321"
    ],
    "severity": "MODERATE",
    "github_reviewed": true,
    "github_reviewed_at": "2024-07-12T14:00:45Z"
  },
  "references": [
    {
      "type": "ADVISORY",
      "url": "https://nvd.nist.gov/vuln/detail/CVE-2024-39001"
    },
    {
      "type": "WEB",
      "url": "https://github.com/ag-grid/ag-grid/issues/8261"
    },
    {
      "type": "WEB",
      "url": "https://github.com/ag-grid/ag-grid/commit/78fb47f6c996f22c0b7184afb29620ab8c240522"
    },
    {
      "type": "WEB",
      "url": "https://github.com/ag-grid/ag-grid/commit/ff731699453f2632d4852b3a3c34b479c406068c"
    },
    {
      "type": "WEB",
      "url": "https://gist.github.com/mestrtee/18e8c27f3a6376e7cf082cfe1ca766fa"
    },
    {
      "type": "WEB",
      "url": "https://gist.github.com/mestrtee/c1590660750744f25e86ba1bf240844b"
    },
    {
      "type": "WEB",
      "url": "https://gist.github.com/mestrtee/f8037d492dab0d77bca719e05d31c08b"
    },
    {
      "type": "PACKAGE",
      "url": "https://github.com/ag-grid/ag-grid"
    },
    {
      "type": "WEB",
      "url": "https://www.ag-grid.com/changelog/?fixVersion=31.3.4"
    },
    {
      "type": "WEB",
      "url": "https://www.ag-grid.com/changelog/?fixVersion=32.0.1"
    }
  ],
  "affected": [
    {
      "package": {
        "name": "@ag-grid-enterprise/charts",
        "ecosystem": "npm",
        "purl": "pkg:npm/%40ag-grid-enterprise/charts"
      },
      "ranges": [
        {
          "type": "SEMVER",
          "events": [
            {
              "introduced": "32.0.0"
            },
            {
              "fixed": "32.0.1"
            }
          ]
        }
      ],
      "versions": [
        "32.0.0"
      ],
      "database_specific": {
        "source": "https://github.com/github/advisory-database/blob/main/advisories/github-reviewed/2024/07/GHSA-328p-362g-r48j/GHSA-328p-362g-r48j.json"
      }
    },
    {
      "package": {
        "name": "ag-grid-community",
        "ecosystem": "npm",
        "purl": "pkg:npm/ag-grid-community"
      },
      "ranges": [
        {
          "type": "SEMVER",
          "events": [
            {
              "introduced": "32.0.0"
            },
            {
              "fixed": "32.0.1"
            }
          ]
        }
      ],
      "versions": [
        "32.0.0"
      ],
      "database_specific": {
        "source": "https://github.com/github/advisory-database/blob/main/advisories/github-reviewed/2024/07/GHSA-328p-362g-r48j/GHSA-328p-362g-r48j.json"
      }
    },
    {
      "package": {
        "name": "ag-grid-enterprise",
        "ecosystem": "npm",
        "purl": "pkg:npm/ag-grid-enterprise"
      },
      "ranges": [
        {
          "type": "SEMVER",
          "events": [
            {
              "introduced": "32.0.0"
            },
            {
              "fixed": "32.0.1"
            }
          ]
        }
      ],
      "versions": [
        "32.0.0"
      ],
      "database_specific": {
        "source": "https://github.com/github/advisory-database/blob/main/advisories/github-reviewed/2024/07/GHSA-328p-362g-r48j/GHSA-328p-362g-r48j.json"
      }
    },
    {
      "package": {
        "name": "@ag-grid-enterprise/charts",
        "ecosystem": "npm",
        "purl": "pkg:npm/%40ag-grid-enterprise/charts"
      },
      "ranges": [
        {
          "type": "SEMVER",
          "events": [
            {
              "introduced": "0"
            },
            {
              "fixed": "31.3.4"
            }
          ]
        }
      ],
      "database_specific": {
        "source": "https://github.com/github/advisory-database/blob/main/advisories/github-reviewed/2024/07/GHSA-328p-362g-r48j/GHSA-328p-362g-r48j.json"
      }
    },
    {
      "package": {
        "name": "ag-grid-community",
        "ecosystem": "npm",
        "purl": "pkg:npm/ag-grid-community"
      },
      "ranges": [
        {
          "type": "SEMVER",
          "events": [
            {
              "introduced": "0"
            },
            {
              "fixed": "31.3.4"
            }
          ]
        }
      ],
      "database_specific": {
        "source": "https://github.com/github/advisory-database/blob/main/advisories/github-reviewed/2024/07/GHSA-328p-362g-r48j/GHSA-328p-362g-r48j.json"
      }
    },
    {
      "package": {
        "name": "ag-grid-enterprise",
        "ecosystem": "npm",
        "purl": "pkg:npm/ag-grid-enterprise"
      },
      "ranges": [
        {
          "type": "SEMVER",
          "events": [
            {
              "introduced": "0"
            },
            {
              "fixed": "31.3.4"
            }
          ]
        }
      ],
      "database_specific": {
        "source": "https://github.com/github/advisory-database/blob/main/advisories/github-reviewed/2024/07/GHSA-328p-362g-r48j/GHSA-328p-362g-r48j.json"
      }
    }
  ],
  "schema_version": "1.6.0",
  "severity": [
    {
      "type": "CVSS_V3",
      "score": "CVSS:3.1/AV:N/AC:L/PR:L/UI:N/S:U/C:L/I:L/A:L"
    },
    {
      "type": "CVSS_V4",
      "score": "CVSS:4.0/AV:N/AC:L/AT:N/PR:L/UI:N/VC:L/VI:L/VA:L/SC:N/SI:N/SA:N"
    }
  ]
}