{
  "id": "GHSA-2w9p-xf5h-qwj3",
  "summary": "Duplicate Advisory: pullit Command Injection vulnerability",
  "details": "## Duplicate Advisory\nThis advisory has been withdrawn because it is a duplicate of [GHSA-8px5-63x9-5c7p](https://github.com/advisories/GHSA-8px5-63x9-5c7p). This link is maintained to preserve external references.\n\n## Original Description\nThe pullit package before 1.4.0 for Node.js allows OS Command Injection because `eval()` is used on an attacker-supplied Git branch name.",
  "modified": "2023-03-28T23:17:20Z",
  "published": "2023-03-27T03:30:16Z",
  "withdrawn": "2023-03-28T23:17:20Z",
  "database_specific": {
    "nvd_published_at": "2023-03-27T03:15:00Z",
    "github_reviewed_at": "2023-03-27T21:20:41Z",
    "severity": "HIGH",
    "github_reviewed": true,
    "cwe_ids": []
  },
  "references": [
    {
      "type": "ADVISORY",
      "url": "https://nvd.nist.gov/vuln/detail/CVE-2018-25083"
    },
    {
      "type": "WEB",
      "url": "https://github.com/jkup/pullit/commit/4fec455774ee08f4dce0ef2ef934ffcc37219bfb"
    },
    {
      "type": "PACKAGE",
      "url": "https://github.com/jkup/pullit"
    },
    {
      "type": "WEB",
      "url": "https://security.snyk.io/vuln/npm:pullit:20180214"
    }
  ],
  "affected": [
    {
      "package": {
        "name": "pullit",
        "ecosystem": "npm",
        "purl": "pkg:npm/pullit"
      },
      "ranges": [
        {
          "type": "SEMVER",
          "events": [
            {
              "introduced": "0"
            }
          ]
        }
      ],
      "database_specific": {
        "last_known_affected_version_range": "< 1.4.0",
        "source": "https://github.com/github/advisory-database/blob/main/advisories/github-reviewed/2023/03/GHSA-2w9p-xf5h-qwj3/GHSA-2w9p-xf5h-qwj3.json"
      }
    }
  ],
  "schema_version": "1.6.0"
}