{
  "id": "GHSA-3486-rvxc-hrrj",
  "summary": "gitblame susceptible to command injection",
  "details": "A command injection vulnerability affects all versions of package gitblame. The injection point is located in line 15 in lib/gitblame.js.",
  "aliases": [
    "CVE-2020-28434"
  ],
  "modified": "2023-11-08T04:03:25.923905Z",
  "published": "2022-08-03T00:00:57Z",
  "database_specific": {
    "nvd_published_at": "2022-08-02T14:15:00Z",
    "github_reviewed_at": "2022-08-10T17:59:03Z",
    "severity": "CRITICAL",
    "github_reviewed": true,
    "cwe_ids": [
      "CWE-77"
    ]
  },
  "references": [
    {
      "type": "ADVISORY",
      "url": "https://nvd.nist.gov/vuln/detail/CVE-2020-28434"
    },
    {
      "type": "PACKAGE",
      "url": "https://github.com/xjamundx/gitblame"
    },
    {
      "type": "WEB",
      "url": "https://github.com/xjamundx/gitblame/blob/master/lib/gitblame.js#L15"
    },
    {
      "type": "WEB",
      "url": "https://security.snyk.io/vuln/SNYK-JS-GITBLAME-1050430"
    }
  ],
  "affected": [
    {
      "package": {
        "name": "gitblame",
        "ecosystem": "npm",
        "purl": "pkg:npm/gitblame"
      },
      "ranges": [
        {
          "type": "SEMVER",
          "events": [
            {
              "introduced": "0"
            },
            {
              "last_affected": "0.1.1"
            }
          ]
        }
      ],
      "database_specific": {
        "source": "https://github.com/github/advisory-database/blob/main/advisories/github-reviewed/2022/08/GHSA-3486-rvxc-hrrj/GHSA-3486-rvxc-hrrj.json"
      }
    }
  ],
  "schema_version": "1.6.0",
  "severity": [
    {
      "type": "CVSS_V3",
      "score": "CVSS:3.1/AV:N/AC:L/PR:N/UI:N/S:U/C:H/I:H/A:H"
    }
  ]
}