{
  "id": "GHSA-33vh-7x8q-mg35",
  "summary": "safe-eval vulnerable to Prototype Pollution",
  "details": "All versions of package safe-eval are vulnerable to Prototype Pollution which allows an attacker to add or modify properties of the Object.prototype.Consolidate when using the function safeEval. This is because the function uses vm variable, leading an attacker to modify properties of the Object.prototype.",
  "aliases": [
    "CVE-2022-25904"
  ],
  "modified": "2023-11-08T04:08:51.639753Z",
  "published": "2022-12-20T06:30:36Z",
  "database_specific": {
    "nvd_published_at": "2022-12-20T05:15:00Z",
    "github_reviewed_at": "2022-12-20T17:38:42Z",
    "severity": "CRITICAL",
    "github_reviewed": true,
    "cwe_ids": [
      "CWE-1321"
    ]
  },
  "references": [
    {
      "type": "ADVISORY",
      "url": "https://nvd.nist.gov/vuln/detail/CVE-2022-25904"
    },
    {
      "type": "WEB",
      "url": "https://github.com/hacksparrow/safe-eval/issues/26"
    },
    {
      "type": "PACKAGE",
      "url": "https://github.com/hacksparrow/safe-eval"
    },
    {
      "type": "WEB",
      "url": "https://security.snyk.io/vuln/SNYK-JS-SAFEEVAL-3175701"
    }
  ],
  "affected": [
    {
      "package": {
        "name": "safe-eval",
        "ecosystem": "npm",
        "purl": "pkg:npm/safe-eval"
      },
      "ranges": [
        {
          "type": "SEMVER",
          "events": [
            {
              "introduced": "0"
            },
            {
              "last_affected": "0.4.1"
            }
          ]
        }
      ],
      "database_specific": {
        "source": "https://github.com/github/advisory-database/blob/main/advisories/github-reviewed/2022/12/GHSA-33vh-7x8q-mg35/GHSA-33vh-7x8q-mg35.json"
      }
    }
  ],
  "schema_version": "1.6.0",
  "severity": [
    {
      "type": "CVSS_V3",
      "score": "CVSS:3.1/AV:N/AC:L/PR:N/UI:N/S:U/C:H/I:H/A:H"
    }
  ]
}