{
  "id": "GHSA-3cjv-4phw-gvvv",
  "summary": "Malicious Package in getcookies",
  "details": "The `getcookies` module contained a backdoor that would allow for a remote attacker to execute arbitrary commands on the system running the malicious module.\n\n\n## Recommendation\n\nThis module should be uninstalled if found used within an application. In addition to removing the installed module, you will also want to evaluate your application to determine whether or not user data or systems were compromised.",
  "modified": "2021-10-01T13:25:15Z",
  "published": "2020-09-01T20:39:33Z",
  "database_specific": {
    "nvd_published_at": null,
    "github_reviewed_at": "2020-08-31T18:31:17Z",
    "severity": "CRITICAL",
    "github_reviewed": true,
    "cwe_ids": [
      "CWE-506"
    ]
  },
  "references": [
    {
      "type": "WEB",
      "url": "https://www.npmjs.com/advisories/649"
    }
  ],
  "affected": [
    {
      "package": {
        "name": "getcookies",
        "ecosystem": "npm",
        "purl": "pkg:npm/getcookies"
      },
      "ranges": [
        {
          "type": "SEMVER",
          "events": [
            {
              "introduced": "0"
            }
          ]
        }
      ],
      "database_specific": {
        "source": "https://github.com/github/advisory-database/blob/main/advisories/github-reviewed/2020/09/GHSA-3cjv-4phw-gvvv/GHSA-3cjv-4phw-gvvv.json"
      }
    }
  ],
  "schema_version": "1.6.0",
  "severity": [
    {
      "type": "CVSS_V3",
      "score": "CVSS:3.1/AV:N/AC:L/PR:N/UI:N/S:U/C:H/I:H/A:H"
    }
  ]
}