{
  "id": "GHSA-4fqg-89cc-5pv5",
  "summary": "Malicious Package in sj-labc",
  "details": "All versions of `sj-labc` contain malicious code. The package downloads and runs a script that opens a reverse shell in the system.\n\n\n## Recommendation\n\nAny computer that has this package installed or running should be considered fully compromised. All secrets and keys stored on that computer should be rotated immediately from a different computer.\n\nThe package should be removed, but as full control of the computer may have been given to an outside entity, there is no guarantee that removing the package will remove all malicious software resulting from installing it.",
  "modified": "2021-10-01T17:21:38Z",
  "published": "2020-09-04T14:58:44Z",
  "database_specific": {
    "nvd_published_at": null,
    "github_reviewed_at": "2020-08-31T18:54:50Z",
    "severity": "CRITICAL",
    "github_reviewed": true,
    "cwe_ids": [
      "CWE-506"
    ]
  },
  "references": [
    {
      "type": "WEB",
      "url": "https://www.npmjs.com/advisories/1315"
    }
  ],
  "affected": [
    {
      "package": {
        "name": "sj-labc",
        "ecosystem": "npm",
        "purl": "pkg:npm/sj-labc"
      },
      "ranges": [
        {
          "type": "SEMVER",
          "events": [
            {
              "introduced": "0.0.0"
            }
          ]
        }
      ],
      "database_specific": {
        "source": "https://github.com/github/advisory-database/blob/main/advisories/github-reviewed/2020/09/GHSA-4fqg-89cc-5pv5/GHSA-4fqg-89cc-5pv5.json"
      }
    }
  ],
  "schema_version": "1.6.0",
  "severity": [
    {
      "type": "CVSS_V3",
      "score": "CVSS:3.1/AV:N/AC:L/PR:N/UI:N/S:U/C:H/I:H/A:H"
    }
  ]
}