{
  "id": "GHSA-23fp-fmrv-f5px",
  "summary": "Uncontrolled Resource Consumption in strapi",
  "details": "A denial of service exists in strapi v3.0.0-beta.18.3 and earlier that can be abused in the admin console using admin rights can lead to arbitrary restart of the application.",
  "aliases": [
    "CVE-2020-8123"
  ],
  "modified": "2023-11-27T21:11:47Z",
  "published": "2021-12-10T17:22:01Z",
  "database_specific": {
    "nvd_published_at": "2020-02-04T20:15:00Z",
    "cwe_ids": [
      "CWE-400"
    ],
    "severity": "MODERATE",
    "github_reviewed": true,
    "github_reviewed_at": "2021-03-30T13:53:18Z"
  },
  "references": [
    {
      "type": "ADVISORY",
      "url": "https://nvd.nist.gov/vuln/detail/CVE-2020-8123"
    },
    {
      "type": "WEB",
      "url": "https://github.com/strapi/strapi/commit/c0c191c08f05fe10d7a6b1bf9475c1a651a89362"
    },
    {
      "type": "WEB",
      "url": "https://hackerone.com/reports/768574"
    },
    {
      "type": "PACKAGE",
      "url": "https://github.com/strapi/strapi"
    }
  ],
  "affected": [
    {
      "package": {
        "name": "strapi-admin",
        "ecosystem": "npm",
        "purl": "pkg:npm/strapi-admin"
      },
      "ranges": [
        {
          "type": "SEMVER",
          "events": [
            {
              "introduced": "0"
            },
            {
              "fixed": "3.0.0-beta.18.4"
            }
          ]
        }
      ],
      "database_specific": {
        "last_known_affected_version_range": "<= 3.0.0-beta.18.3",
        "source": "https://github.com/github/advisory-database/blob/main/advisories/github-reviewed/2021/12/GHSA-23fp-fmrv-f5px/GHSA-23fp-fmrv-f5px.json"
      }
    }
  ],
  "schema_version": "1.6.0",
  "severity": [
    {
      "type": "CVSS_V3",
      "score": "CVSS:3.1/AV:N/AC:L/PR:H/UI:N/S:U/C:N/I:N/A:H"
    }
  ]
}