{
  "id": "GHSA-4c7m-wxvm-r7gc",
  "summary": "Improper parsing of octal bytes in netmask",
  "details": "Improper input validation of octal strings in netmask npm package v1.0.6 and below allows unauthenticated remote attackers to perform indeterminate SSRF, RFI, and LFI attacks on many of the dependent packages. A remote unauthenticated attacker can bypass packages relying on netmask to filter IPs and reach critical VPN or LAN hosts.\n\n:exclamation: NOTE: The fix for this issue was incomplete. A subsequent fix was made in version `2.0.1` which was assigned [CVE-2021-29418 / GHSA-pch5-whg9-qr2r](https://github.com/advisories/GHSA-pch5-whg9-qr2r). For complete protection from this vulnerability an upgrade to version 2.0.1 or later is recommended.",
  "aliases": [
    "CVE-2021-28918",
    "CVE-2021-29418",
    "GHSA-pch5-whg9-qr2r"
  ],
  "modified": "2023-11-08T04:05:31.992944Z",
  "published": "2021-04-14T15:03:16Z",
  "database_specific": {
    "nvd_published_at": "2021-04-01T13:15:00Z",
    "cwe_ids": [
      "CWE-20"
    ],
    "severity": "CRITICAL",
    "github_reviewed": true,
    "github_reviewed_at": "2021-04-13T16:13:23Z"
  },
  "references": [
    {
      "type": "ADVISORY",
      "url": "https://nvd.nist.gov/vuln/detail/CVE-2021-28918"
    },
    {
      "type": "ADVISORY",
      "url": "https://github.com/advisories/GHSA-pch5-whg9-qr2r"
    },
    {
      "type": "WEB",
      "url": "https://github.com/rs/node-netmask"
    },
    {
      "type": "WEB",
      "url": "https://github.com/rs/node-netmask/blob/98294cb20695f2c6c36219a4fbcd4744fb8d0682/CHANGELOG.md#v110-mar-18-2021"
    },
    {
      "type": "WEB",
      "url": "https://github.com/sickcodes/security/blob/master/advisories/SICK-2021-011.md"
    },
    {
      "type": "WEB",
      "url": "https://rootdaemon.com/2021/03/29/vulnerability-in-netmask-npm-package-affects-280000-projects"
    },
    {
      "type": "WEB",
      "url": "https://security.netapp.com/advisory/ntap-20210528-0010"
    },
    {
      "type": "WEB",
      "url": "https://www.bleepingcomputer.com/news/security/critical-netmask-networking-bug-impacts-thousands-of-applications"
    },
    {
      "type": "WEB",
      "url": "https://www.npmjs.com/package/netmask"
    }
  ],
  "affected": [
    {
      "package": {
        "name": "netmask",
        "ecosystem": "npm",
        "purl": "pkg:npm/netmask"
      },
      "ranges": [
        {
          "type": "SEMVER",
          "events": [
            {
              "introduced": "0"
            },
            {
              "fixed": "1.1.0"
            }
          ]
        }
      ],
      "database_specific": {
        "source": "https://github.com/github/advisory-database/blob/main/advisories/github-reviewed/2021/04/GHSA-4c7m-wxvm-r7gc/GHSA-4c7m-wxvm-r7gc.json"
      }
    }
  ],
  "schema_version": "1.6.0",
  "severity": [
    {
      "type": "CVSS_V3",
      "score": "CVSS:3.1/AV:N/AC:L/PR:N/UI:N/S:U/C:H/I:H/A:N"
    }
  ]
}