{
  "id": "GHSA-2xv3-h762-ccxv",
  "summary": "Out-of-bounds Read in concat-with-sourcemaps",
  "details": "Versions of `concat-with-sourcemaps` before 1.0.6 allocates uninitialized Buffers when a number is passed as a separator.\n\n\n## Recommendation\n\nUpdate to version 1.0.6 or later.",
  "modified": "2020-08-31T18:31:05Z",
  "published": "2019-05-29T19:18:02Z",
  "database_specific": {
    "nvd_published_at": null,
    "github_reviewed_at": "2019-05-29T19:17:27Z",
    "severity": "MODERATE",
    "github_reviewed": true,
    "cwe_ids": [
      "CWE-125"
    ]
  },
  "references": [
    {
      "type": "WEB",
      "url": "https://hackerone.com/reports/320166"
    },
    {
      "type": "WEB",
      "url": "https://github.com/floridoo/concat-with-sourcemaps/blob/v1.0.5/index.js#L18"
    },
    {
      "type": "WEB",
      "url": "https://www.npmjs.com/advisories/644"
    }
  ],
  "affected": [
    {
      "package": {
        "name": "concat-with-sourcemaps",
        "ecosystem": "npm",
        "purl": "pkg:npm/concat-with-sourcemaps"
      },
      "ranges": [
        {
          "type": "SEMVER",
          "events": [
            {
              "introduced": "1.0.0"
            },
            {
              "fixed": "1.0.6"
            }
          ]
        }
      ],
      "database_specific": {
        "source": "https://github.com/github/advisory-database/blob/main/advisories/github-reviewed/2019/05/GHSA-2xv3-h762-ccxv/GHSA-2xv3-h762-ccxv.json"
      }
    }
  ],
  "schema_version": "1.6.0"
}