{
  "id": "GHSA-487w-pqcm-63hq",
  "summary": "Command injection in buns",
  "details": "There is a command injection vulnerability in all versions of package buns. The injection point is located in line 678 in index file lib/index.js in the exported function install(requestedModule).",
  "aliases": [
    "CVE-2020-7794"
  ],
  "modified": "2023-11-08T04:04:10.885083Z",
  "published": "2021-01-13T18:22:13Z",
  "database_specific": {
    "nvd_published_at": "2021-01-08T13:15:00Z",
    "cwe_ids": [
      "CWE-77",
      "CWE-78"
    ],
    "severity": "CRITICAL",
    "github_reviewed": true,
    "github_reviewed_at": "2021-01-12T23:52:20Z"
  },
  "references": [
    {
      "type": "ADVISORY",
      "url": "https://nvd.nist.gov/vuln/detail/CVE-2020-7794"
    },
    {
      "type": "WEB",
      "url": "https://snyk.io/vuln/SNYK-JS-BUNS-1050389"
    }
  ],
  "affected": [
    {
      "package": {
        "name": "buns",
        "ecosystem": "npm",
        "purl": "pkg:npm/buns"
      },
      "ranges": [
        {
          "type": "SEMVER",
          "events": [
            {
              "introduced": "0"
            },
            {
              "last_affected": "1.1.6"
            }
          ]
        }
      ],
      "database_specific": {
        "source": "https://github.com/github/advisory-database/blob/main/advisories/github-reviewed/2021/01/GHSA-487w-pqcm-63hq/GHSA-487w-pqcm-63hq.json"
      }
    }
  ],
  "schema_version": "1.6.0",
  "severity": [
    {
      "type": "CVSS_V3",
      "score": "CVSS:3.1/AV:N/AC:L/PR:N/UI:N/S:U/C:H/I:H/A:H"
    }
  ]
}