{
  "id": "GHSA-2rcp-jvr4-r259",
  "summary": "Tauri's Updater Private Keys Possibly Leaked via Vite Environment Variables",
  "details": "### Impact\n\nThis advisory is not describing a vulnerability in the Tauri code base itself but a commonly used misconfiguration which could lead to leaking of the private key and updater key password into bundled Tauri applications using the Vite frontend in a specific configuration.\n\nThe Tauri documentation used an insecure example configuration in the [Vite guide](https://tauri.app/v1/guides/getting-started/setup/vite/) to showcase how to use Tauri together with Vite. \n\nCopying the following snippet `envPrefix: ['VITE_', 'TAURI_'],` from this guide into the `vite.config.ts` of a Tauri project possibly leads to bundling the `TAURI_PRIVATE_KEY` and `TAURI_KEY_PASSWORD` into the Vite frontend code and therefore leaking this value to the debug built of a Tauri application.\n\nThe value is automatically bundled into debug builds but for production builds it is not embedded, as long as it is not directly referenced in the frontend code. Vite statically replaces these values in production builds. This reduces the amount of affected applications to a very small amount of affected applications.\n\nTo verify if you are affected you can search for the private key value or the `TAURI_PRIVATE_KEY` variable inside the release build frontend assets (`dist/`).\n\n> Example: `grep -r \"TAURI_PRIVATE_KEY\" dist/`\n\nUsing only the `envPrefix: ['VITE_'],` or any other framework than Vite means you are not impacted by this advisory.\n\n### Patches\n\nThe documentation has been patched but as the root cause is not in Tauri itself the issue is not fixed by updating Tauri.\nThe `vite.config.ts` configuration of the project needs to be adapted.\n\nWe recommend rotating your updater private key if you are affected by this (requires Tauri CLI >=1.5.5). After updating the envPrefix configuration, generate a new private key with `tauri signer generate`, saving the new private key and updating the updater's `pubkey` value on `tauri.conf.json` with the new public key. To update your existing application, the next application build must be signed with the older private key in order to be accepted by the existing application.\n\n### Workarounds\n\nThe `envPrefix: ['VITE_'],`should be used and the desired `TAURI` variables manually added.\nRespective these variables could be added `TAURI_PLATFORM`, `TAURI_ARCH`, `TAURI_FAMILY`, `TAURI_PLATFORM_VERSION`, `TAURI_PLATFORM_TYPE` and `TAURI_DEBUG` without leaking sensitive information.\n\nWe urge affected users to implement the workaround as the `1.x` branch will not receive a general prevention fix as it would break systems.\n\n### References\nThe issue was originally disclosed in our discord [here](https://discord.com/channels/616186924390023171/1164260301655523409).\nThe affected guide is [https://tauri.app/v1/guides/getting-started/setup/vite/](https://tauri.app/v1/guides/getting-started/setup/vite/).\n\n\n> Update: We lowered the severity from high to low, as the likelihood of impact was found to only affect a **very limited** amount of applications.\n\n> Update2: We changed the affected versions to make clear that after `2.0.0-alpha.16` or `1.5.6` the potentially vulnerable recommendation was no longer visible on our website and should not affect projects by default. A lot of users were confused and we believe this advisory reached the necessary user base.\n",
  "aliases": [
    "CVE-2023-46115"
  ],
  "modified": "2023-12-19T19:08:00Z",
  "published": "2023-10-20T15:18:52Z",
  "database_specific": {
    "nvd_published_at": "2023-10-20T00:15:16Z",
    "cwe_ids": [
      "CWE-200",
      "CWE-522"
    ],
    "severity": "HIGH",
    "github_reviewed": true,
    "github_reviewed_at": "2023-10-20T15:18:52Z"
  },
  "references": [
    {
      "type": "WEB",
      "url": "https://github.com/tauri-apps/tauri/security/advisories/GHSA-2rcp-jvr4-r259"
    },
    {
      "type": "ADVISORY",
      "url": "https://nvd.nist.gov/vuln/detail/CVE-2023-46115"
    },
    {
      "type": "WEB",
      "url": "https://github.com/tauri-apps/tauri/commit/8b166e9bf82e69ddb3200a3a825614980bd8d433"
    },
    {
      "type": "WEB",
      "url": "https://discord.com/channels/616186924390023171/1164260301655523409"
    },
    {
      "type": "PACKAGE",
      "url": "https://github.com/tauri-apps/tauri"
    },
    {
      "type": "WEB",
      "url": "https://tauri.app/v1/guides/getting-started/setup/vite"
    }
  ],
  "affected": [
    {
      "package": {
        "name": "tauri-cli",
        "ecosystem": "crates.io",
        "purl": "pkg:cargo/tauri-cli"
      },
      "ranges": [
        {
          "type": "SEMVER",
          "events": [
            {
              "introduced": "2.0.0-alpha.0"
            },
            {
              "fixed": "2.0.0-alpha.16"
            }
          ]
        }
      ],
      "database_specific": {
        "source": "https://github.com/github/advisory-database/blob/main/advisories/github-reviewed/2023/10/GHSA-2rcp-jvr4-r259/GHSA-2rcp-jvr4-r259.json"
      }
    },
    {
      "package": {
        "name": "@tauri-apps/cli",
        "ecosystem": "npm",
        "purl": "pkg:npm/%40tauri-apps/cli"
      },
      "ranges": [
        {
          "type": "SEMVER",
          "events": [
            {
              "introduced": "2.0.0-alpha.0"
            },
            {
              "fixed": "2.0.0-alpha.16"
            }
          ]
        }
      ],
      "database_specific": {
        "source": "https://github.com/github/advisory-database/blob/main/advisories/github-reviewed/2023/10/GHSA-2rcp-jvr4-r259/GHSA-2rcp-jvr4-r259.json"
      }
    },
    {
      "package": {
        "name": "@tauri-apps/cli",
        "ecosystem": "npm",
        "purl": "pkg:npm/%40tauri-apps/cli"
      },
      "ranges": [
        {
          "type": "SEMVER",
          "events": [
            {
              "introduced": "1.0.0"
            },
            {
              "fixed": "1.5.6"
            }
          ]
        }
      ],
      "database_specific": {
        "source": "https://github.com/github/advisory-database/blob/main/advisories/github-reviewed/2023/10/GHSA-2rcp-jvr4-r259/GHSA-2rcp-jvr4-r259.json"
      }
    },
    {
      "package": {
        "name": "tauri-cli",
        "ecosystem": "crates.io",
        "purl": "pkg:cargo/tauri-cli"
      },
      "ranges": [
        {
          "type": "SEMVER",
          "events": [
            {
              "introduced": "1.0.0"
            },
            {
              "fixed": "1.5.6"
            }
          ]
        }
      ],
      "database_specific": {
        "source": "https://github.com/github/advisory-database/blob/main/advisories/github-reviewed/2023/10/GHSA-2rcp-jvr4-r259/GHSA-2rcp-jvr4-r259.json"
      }
    }
  ],
  "schema_version": "1.6.0",
  "severity": [
    {
      "type": "CVSS_V3",
      "score": "CVSS:3.1/AV:L/AC:L/PR:L/UI:N/S:C/C:H/I:H/A:N"
    }
  ]
}