{
  "id": "GHSA-2grh-hm3w-w7hv",
  "summary": "Race condition in tokio",
  "details": "When aborting a task with JoinHandle::abort, the future is dropped in the thread calling abort if the task is not currently being executed. This is incorrect for tasks spawned on a LocalSet. This can easily result in race conditions as many projects use Rc or RefCell in their Tokio tasks for better performance.",
  "aliases": [
    "CVE-2021-38191",
    "RUSTSEC-2021-0072"
  ],
  "modified": "2023-11-08T04:06:25.982475Z",
  "published": "2021-08-25T20:55:51Z",
  "database_specific": {
    "nvd_published_at": "2021-08-08T06:15:00Z",
    "cwe_ids": [
      "CWE-362",
      "CWE-366"
    ],
    "severity": "MODERATE",
    "github_reviewed": true,
    "github_reviewed_at": "2021-08-18T21:30:23Z"
  },
  "references": [
    {
      "type": "ADVISORY",
      "url": "https://nvd.nist.gov/vuln/detail/CVE-2021-38191"
    },
    {
      "type": "WEB",
      "url": "https://github.com/tokio-rs/tokio/issues/3929"
    },
    {
      "type": "PACKAGE",
      "url": "https://github.com/tokio-rs/tokio"
    },
    {
      "type": "WEB",
      "url": "https://raw.githubusercontent.com/rustsec/advisory-db/main/crates/tokio/RUSTSEC-2021-0072.md"
    },
    {
      "type": "WEB",
      "url": "https://rustsec.org/advisories/RUSTSEC-2021-0072.html"
    }
  ],
  "affected": [
    {
      "package": {
        "name": "tokio",
        "ecosystem": "crates.io",
        "purl": "pkg:cargo/tokio"
      },
      "ranges": [
        {
          "type": "SEMVER",
          "events": [
            {
              "introduced": "1.8.0"
            },
            {
              "fixed": "1.8.1"
            }
          ]
        }
      ],
      "ecosystem_specific": {
        "affected_functions": [
          "tokio::task::JoinHandle::abort"
        ]
      },
      "database_specific": {
        "source": "https://github.com/github/advisory-database/blob/main/advisories/github-reviewed/2021/08/GHSA-2grh-hm3w-w7hv/GHSA-2grh-hm3w-w7hv.json"
      }
    },
    {
      "package": {
        "name": "tokio",
        "ecosystem": "crates.io",
        "purl": "pkg:cargo/tokio"
      },
      "ranges": [
        {
          "type": "SEMVER",
          "events": [
            {
              "introduced": "1.7.0"
            },
            {
              "fixed": "1.7.2"
            }
          ]
        }
      ],
      "ecosystem_specific": {
        "affected_functions": [
          "tokio::task::JoinHandle::abort"
        ]
      },
      "database_specific": {
        "source": "https://github.com/github/advisory-database/blob/main/advisories/github-reviewed/2021/08/GHSA-2grh-hm3w-w7hv/GHSA-2grh-hm3w-w7hv.json"
      }
    },
    {
      "package": {
        "name": "tokio",
        "ecosystem": "crates.io",
        "purl": "pkg:cargo/tokio"
      },
      "ranges": [
        {
          "type": "SEMVER",
          "events": [
            {
              "introduced": "1.6.0"
            },
            {
              "fixed": "1.6.3"
            }
          ]
        }
      ],
      "ecosystem_specific": {
        "affected_functions": [
          "tokio::task::JoinHandle::abort"
        ]
      },
      "database_specific": {
        "source": "https://github.com/github/advisory-database/blob/main/advisories/github-reviewed/2021/08/GHSA-2grh-hm3w-w7hv/GHSA-2grh-hm3w-w7hv.json"
      }
    },
    {
      "package": {
        "name": "tokio",
        "ecosystem": "crates.io",
        "purl": "pkg:cargo/tokio"
      },
      "ranges": [
        {
          "type": "SEMVER",
          "events": [
            {
              "introduced": "0.3.0"
            },
            {
              "fixed": "1.5.1"
            }
          ]
        }
      ],
      "ecosystem_specific": {
        "affected_functions": [
          "tokio::task::JoinHandle::abort"
        ]
      },
      "database_specific": {
        "source": "https://github.com/github/advisory-database/blob/main/advisories/github-reviewed/2021/08/GHSA-2grh-hm3w-w7hv/GHSA-2grh-hm3w-w7hv.json"
      }
    }
  ],
  "schema_version": "1.6.0",
  "severity": [
    {
      "type": "CVSS_V3",
      "score": "CVSS:3.1/AV:N/AC:H/PR:N/UI:N/S:U/C:N/I:N/A:H"
    }
  ]
}