{
  "id": "GHSA-6ggr-cwv4-g7qg",
  "summary": "Remotely exploitable denial of service in Rosenpass",
  "details": "Affected versions of this crate did not validate the size of buffers when attempting to decode messages.\n\nThis allows an attacker to trigger a panic by sending a UDP datagram with a 1 byte payload over network.\n\nThis flaw was corrected by validating the size of the buffers before attempting to decode the message.\n",
  "aliases": [
    "RUSTSEC-2023-0077"
  ],
  "modified": "2024-02-10T16:26:48.291151Z",
  "published": "2023-12-21T23:15:57Z",
  "database_specific": {
    "nvd_published_at": null,
    "cwe_ids": [],
    "severity": "HIGH",
    "github_reviewed": true,
    "github_reviewed_at": "2023-12-21T23:15:57Z"
  },
  "references": [
    {
      "type": "WEB",
      "url": "https://github.com/rosenpass/rosenpass/commit/93439858d1c44294a7b377f775c4fc897a370bb2"
    },
    {
      "type": "PACKAGE",
      "url": "https://github.com/rosenpass/rosenpass"
    },
    {
      "type": "WEB",
      "url": "https://rustsec.org/advisories/RUSTSEC-2023-0077.html"
    }
  ],
  "affected": [
    {
      "package": {
        "name": "rosenpass",
        "ecosystem": "crates.io",
        "purl": "pkg:cargo/rosenpass"
      },
      "ranges": [
        {
          "type": "SEMVER",
          "events": [
            {
              "introduced": "0"
            },
            {
              "fixed": "0.2.1"
            }
          ]
        }
      ],
      "database_specific": {
        "source": "https://github.com/github/advisory-database/blob/main/advisories/github-reviewed/2023/12/GHSA-6ggr-cwv4-g7qg/GHSA-6ggr-cwv4-g7qg.json"
      }
    }
  ],
  "schema_version": "1.6.0",
  "severity": [
    {
      "type": "CVSS_V3",
      "score": "CVSS:3.1/AV:N/AC:L/PR:N/UI:N/S:U/C:N/I:N/A:H"
    }
  ]
}