{
  "id": "GHSA-cw4j-cf6c-mmfv",
  "summary": "Use of Uninitialized Resource in binjs_io.",
  "details": "An issue was discovered in the binjs_io crate through 2021-01-03 for Rust. The Read method may read from uninitialized memory locations.",
  "aliases": [
    "CVE-2021-45683",
    "GHSA-c6px-4grw-hrjr",
    "RUSTSEC-2021-0085"
  ],
  "modified": "2023-11-08T04:07:21.616611Z",
  "published": "2022-01-06T22:14:24Z",
  "database_specific": {
    "nvd_published_at": "2021-12-27T00:15:00Z",
    "cwe_ids": [
      "CWE-908"
    ],
    "severity": "CRITICAL",
    "github_reviewed": true,
    "github_reviewed_at": "2022-01-06T18:05:53Z"
  },
  "references": [
    {
      "type": "ADVISORY",
      "url": "https://nvd.nist.gov/vuln/detail/CVE-2021-45683"
    },
    {
      "type": "WEB",
      "url": "https://github.com/binast/binjs-ref/issues/460"
    },
    {
      "type": "PACKAGE",
      "url": "https://github.com/Yoric/binjs-ref"
    },
    {
      "type": "WEB",
      "url": "https://raw.githubusercontent.com/rustsec/advisory-db/main/crates/binjs_io/RUSTSEC-2021-0085.md"
    },
    {
      "type": "WEB",
      "url": "https://rustsec.org/advisories/RUSTSEC-2021-0085.html"
    }
  ],
  "affected": [
    {
      "package": {
        "name": "binjs_io",
        "ecosystem": "crates.io",
        "purl": "pkg:cargo/binjs_io"
      },
      "ranges": [
        {
          "type": "SEMVER",
          "events": [
            {
              "introduced": "0"
            },
            {
              "last_affected": "0.2.1"
            }
          ]
        }
      ],
      "database_specific": {
        "source": "https://github.com/github/advisory-database/blob/main/advisories/github-reviewed/2022/01/GHSA-cw4j-cf6c-mmfv/GHSA-cw4j-cf6c-mmfv.json"
      }
    }
  ],
  "schema_version": "1.6.0",
  "severity": [
    {
      "type": "CVSS_V3",
      "score": "CVSS:3.1/AV:N/AC:L/PR:N/UI:N/S:U/C:H/I:H/A:H"
    }
  ]
}