{
  "id": "GHSA-fjj4-2q73-jvgc",
  "summary": "Nervos CKB calculation of program load cycles may be missed when executing in resume mode",
  "details": "### Impact\nThe calculation of program load cycles may be missed when executing in resume mode. Since the script execution order is now determined, this issue does not cause network splitting.\n\n\n",
  "modified": "2023-02-08T18:15:28Z",
  "published": "2023-02-08T18:15:28Z",
  "database_specific": {
    "nvd_published_at": null,
    "github_reviewed_at": "2023-02-08T18:15:28Z",
    "severity": "LOW",
    "github_reviewed": true,
    "cwe_ids": []
  },
  "references": [
    {
      "type": "WEB",
      "url": "https://github.com/nervosnetwork/ckb/security/advisories/GHSA-fjj4-2q73-jvgc"
    },
    {
      "type": "PACKAGE",
      "url": "https://github.com/nervosnetwork/ckb"
    }
  ],
  "affected": [
    {
      "package": {
        "name": "ckb",
        "ecosystem": "crates.io",
        "purl": "pkg:cargo/ckb"
      },
      "ranges": [
        {
          "type": "SEMVER",
          "events": [
            {
              "introduced": "0.100.0"
            }
          ]
        }
      ],
      "database_specific": {
        "source": "https://github.com/github/advisory-database/blob/main/advisories/github-reviewed/2023/02/GHSA-fjj4-2q73-jvgc/GHSA-fjj4-2q73-jvgc.json"
      }
    }
  ],
  "schema_version": "1.6.0"
}