{
  "id": "GHSA-5r9g-j7jj-hw6c",
  "summary": "Improper `Sync` implementation on `FuturesUnordered` in futures-utils can cause data corruption",
  "details": "An issue was discovered in the futures-util crate before 0.3.2 for Rust. FuturesUnordered can lead to data corruption because Sync is mishandled.",
  "aliases": [
    "CVE-2020-35908",
    "RUSTSEC-2020-0062"
  ],
  "modified": "2023-11-08T04:03:38.733785Z",
  "published": "2022-05-24T17:37:49Z",
  "database_specific": {
    "nvd_published_at": "2020-12-31T09:15:00Z",
    "cwe_ids": [],
    "severity": "MODERATE",
    "github_reviewed": true,
    "github_reviewed_at": "2022-06-16T23:55:31Z"
  },
  "references": [
    {
      "type": "ADVISORY",
      "url": "https://nvd.nist.gov/vuln/detail/CVE-2020-35908"
    },
    {
      "type": "WEB",
      "url": "https://github.com/rust-lang/futures-rs/issues/2050"
    },
    {
      "type": "PACKAGE",
      "url": "https://github.com/rust-lang/futures-rs"
    },
    {
      "type": "WEB",
      "url": "https://rustsec.org/advisories/RUSTSEC-2020-0062.html"
    }
  ],
  "affected": [
    {
      "package": {
        "name": "futures-util",
        "ecosystem": "crates.io",
        "purl": "pkg:cargo/futures-util"
      },
      "ranges": [
        {
          "type": "SEMVER",
          "events": [
            {
              "introduced": "0.3.0"
            },
            {
              "fixed": "0.3.2"
            }
          ]
        }
      ],
      "ecosystem_specific": {
        "affected_functions": [
          "futures_util::stream::FuturesUnordered"
        ]
      },
      "database_specific": {
        "source": "https://github.com/github/advisory-database/blob/main/advisories/github-reviewed/2022/05/GHSA-5r9g-j7jj-hw6c/GHSA-5r9g-j7jj-hw6c.json"
      }
    }
  ],
  "schema_version": "1.6.0",
  "severity": [
    {
      "type": "CVSS_V3",
      "score": "CVSS:3.1/AV:L/AC:L/PR:L/UI:N/S:U/C:N/I:N/A:H"
    }
  ]
}