{
  "id": "GHSA-c5hx-w945-j4pq",
  "summary": "Memory flaw in zeroize_derive",
  "details": "An issue was discovered in the zeroize_derive crate before 1.1.1 for Rust. Dropped memory is not zeroed out for an enum.",
  "aliases": [
    "CVE-2021-45706",
    "RUSTSEC-2021-0115"
  ],
  "modified": "2023-11-08T04:07:22.993048Z",
  "published": "2022-01-06T22:08:33Z",
  "database_specific": {
    "nvd_published_at": "2021-12-27T00:15:00Z",
    "github_reviewed_at": "2022-01-05T23:01:59Z",
    "severity": "CRITICAL",
    "github_reviewed": true,
    "cwe_ids": [
      "CWE-459"
    ]
  },
  "references": [
    {
      "type": "ADVISORY",
      "url": "https://nvd.nist.gov/vuln/detail/CVE-2021-45706"
    },
    {
      "type": "WEB",
      "url": "https://github.com/iqlusioninc/crates/issues/876"
    },
    {
      "type": "PACKAGE",
      "url": "https://github.com/RustCrypto/utils/tree/master/zeroize/derive"
    },
    {
      "type": "WEB",
      "url": "https://raw.githubusercontent.com/rustsec/advisory-db/main/crates/zeroize_derive/RUSTSEC-2021-0115.md"
    },
    {
      "type": "WEB",
      "url": "https://rustsec.org/advisories/RUSTSEC-2021-0115.html"
    }
  ],
  "affected": [
    {
      "package": {
        "name": "zeroize_derive",
        "ecosystem": "crates.io",
        "purl": "pkg:cargo/zeroize_derive"
      },
      "ranges": [
        {
          "type": "SEMVER",
          "events": [
            {
              "introduced": "0"
            },
            {
              "fixed": "1.1.1"
            }
          ]
        }
      ],
      "database_specific": {
        "source": "https://github.com/github/advisory-database/blob/main/advisories/github-reviewed/2022/01/GHSA-c5hx-w945-j4pq/GHSA-c5hx-w945-j4pq.json"
      }
    }
  ],
  "schema_version": "1.6.0",
  "severity": [
    {
      "type": "CVSS_V3",
      "score": "CVSS:3.1/AV:N/AC:L/PR:N/UI:N/S:U/C:H/I:H/A:H"
    }
  ]
}