{
  "id": "GHSA-4wj3-p7hj-cvx8",
  "summary": "Double free in ordnung",
  "details": "An issue was discovered in the ordnung crate through version 0.0.1 for Rust. compact::Vec violates memory safety via a remove() double free.",
  "aliases": [
    "CVE-2020-35890",
    "CVE-2020-35891",
    "GHSA-qrwc-jxf5-g8x6",
    "RUSTSEC-2020-0038"
  ],
  "modified": "2023-11-08T04:03:37.807358Z",
  "published": "2021-08-25T20:48:47Z",
  "database_specific": {
    "nvd_published_at": null,
    "cwe_ids": [
      "CWE-415"
    ],
    "severity": "HIGH",
    "github_reviewed": true,
    "github_reviewed_at": "2021-08-19T21:06:30Z"
  },
  "references": [
    {
      "type": "ADVISORY",
      "url": "https://nvd.nist.gov/vuln/detail/CVE-2020-35891"
    },
    {
      "type": "WEB",
      "url": "https://github.com/maciejhirsz/ordnung/issues/8"
    },
    {
      "type": "PACKAGE",
      "url": "https://github.com/maciejhirsz/ordnung"
    },
    {
      "type": "WEB",
      "url": "https://rustsec.org/advisories/RUSTSEC-2020-0038.html"
    }
  ],
  "affected": [
    {
      "package": {
        "name": "ordnung",
        "ecosystem": "crates.io",
        "purl": "pkg:cargo/ordnung"
      },
      "ranges": [
        {
          "type": "SEMVER",
          "events": [
            {
              "introduced": "0"
            },
            {
              "last_affected": "0.0.1"
            }
          ]
        }
      ],
      "database_specific": {
        "source": "https://github.com/github/advisory-database/blob/main/advisories/github-reviewed/2021/08/GHSA-4wj3-p7hj-cvx8/GHSA-4wj3-p7hj-cvx8.json"
      }
    }
  ],
  "schema_version": "1.6.0",
  "severity": [
    {
      "type": "CVSS_V3",
      "score": "CVSS:3.1/AV:N/AC:L/PR:N/UI:N/S:U/C:N/I:N/A:H"
    }
  ]
}