{
  "id": "GHSA-4cww-f7w5-x525",
  "summary": "Stack consumption in trust-dns-server",
  "details": "There's a stack overflow leading to a crash and potential DOS when processing additional records for return of MX or SRV record types from the server. This is only possible when a zone is configured with a null target for MX or SRV records. Prior to 0.16.0 the additional record processing was not supported by trust-dns-server. There Are no known issues with upgrading from 0.16 or 0.17 to 0.18.1. The remidy should be to upgrade to 0.18.1. If unable to do so, MX, SRV or other record types with a target to the null type, should be avoided.",
  "aliases": [
    "CVE-2020-35857",
    "RUSTSEC-2020-0001"
  ],
  "modified": "2023-12-08T19:31:23Z",
  "published": "2021-08-25T20:46:13Z",
  "database_specific": {
    "nvd_published_at": "2020-12-31T10:15:14Z",
    "cwe_ids": [
      "CWE-400"
    ],
    "severity": "HIGH",
    "github_reviewed": true,
    "github_reviewed_at": "2021-08-19T21:20:03Z"
  },
  "references": [
    {
      "type": "ADVISORY",
      "url": "https://nvd.nist.gov/vuln/detail/CVE-2020-35857"
    },
    {
      "type": "WEB",
      "url": "https://github.com/bluejekyll/trust-dns/issues/980"
    },
    {
      "type": "WEB",
      "url": "https://github.com/bluejekyll/trust-dns/pull/982"
    },
    {
      "type": "WEB",
      "url": "https://github.com/bluejekyll/trust-dns/commit/8b9eab05795fdc098976262853b2498055c7a8f3"
    },
    {
      "type": "PACKAGE",
      "url": "https://github.com/bluejekyll/trust-dns"
    },
    {
      "type": "WEB",
      "url": "https://rustsec.org/advisories/RUSTSEC-2020-0001.html"
    }
  ],
  "affected": [
    {
      "package": {
        "name": "trust-dns-server",
        "ecosystem": "crates.io",
        "purl": "pkg:cargo/trust-dns-server"
      },
      "ranges": [
        {
          "type": "SEMVER",
          "events": [
            {
              "introduced": "0.16.0"
            },
            {
              "fixed": "0.18.1"
            }
          ]
        }
      ],
      "database_specific": {
        "source": "https://github.com/github/advisory-database/blob/main/advisories/github-reviewed/2021/08/GHSA-4cww-f7w5-x525/GHSA-4cww-f7w5-x525.json"
      }
    }
  ],
  "schema_version": "1.6.0",
  "severity": [
    {
      "type": "CVSS_V3",
      "score": "CVSS:3.1/AV:N/AC:L/PR:N/UI:N/S:U/C:N/I:N/A:H"
    }
  ]
}