{
  "id": "GHSA-857q-xmph-p2v5",
  "summary": "s2n-tls's mTLS API ordering may skip client authentication",
  "details": "### Impact\n\nAn API ordering issue in s2n-tls can cause client authentication to unexpectedly not be enabled on the server when it otherwise appears to be. Server applications are impacted if client authentication is enabled by calling s2n_connection_set_config() before calling s2n_connection_set_client_auth_type().\n\nApplications are not impacted if these APIs are called in the opposite order, or if client authentication is enabled on the config with s2n_config_set_client_auth_type(). s2n-tls clients verifying server certificates are not impacted.\n\nImpacted versions: < v1.5.0.\n\n\n### Patches\n\nThe patch is included in v1.5.0 [1].\n\n\n### Workarounds\n\nApplications can workaround this issue by calling s2n_connection_set_config() after calling s2n_connection_set_client_auth_type(), or by enabling client authentication on the config with s2n_config_set_client_auth_type().\n\nIf you have any questions or comments about this advisory we ask that you contact AWS/Amazon Security via our vulnerability reporting page [2] or directly via email to [aws-security@amazon.com](mailto:aws-security@amazon.com). Please do not create a public GitHub issue.\n\n[1] https://github.com/aws/s2n-tls/releases/tag/v1.5.0\n\n[2] https://aws.amazon.com/security/vulnerability-reporting",
  "modified": "2024-08-09T20:41:39Z",
  "published": "2024-08-09T20:41:38Z",
  "database_specific": {
    "nvd_published_at": null,
    "cwe_ids": [
      "CWE-287"
    ],
    "severity": "MODERATE",
    "github_reviewed": true,
    "github_reviewed_at": "2024-08-09T20:41:38Z"
  },
  "references": [
    {
      "type": "WEB",
      "url": "https://github.com/aws/s2n-tls/security/advisories/GHSA-857q-xmph-p2v5"
    },
    {
      "type": "WEB",
      "url": "https://github.com/aws/s2n-tls/commit/e8ca8911c5b2f2361687dec1467c45cd54d00b3f"
    },
    {
      "type": "PACKAGE",
      "url": "https://github.com/aws/s2n-tls"
    }
  ],
  "affected": [
    {
      "package": {
        "name": "s2n-tls",
        "ecosystem": "crates.io",
        "purl": "pkg:cargo/s2n-tls"
      },
      "ranges": [
        {
          "type": "SEMVER",
          "events": [
            {
              "introduced": "0"
            },
            {
              "fixed": "0.3.0"
            }
          ]
        }
      ],
      "database_specific": {
        "source": "https://github.com/github/advisory-database/blob/main/advisories/github-reviewed/2024/08/GHSA-857q-xmph-p2v5/GHSA-857q-xmph-p2v5.json"
      }
    }
  ],
  "schema_version": "1.6.0",
  "severity": [
    {
      "type": "CVSS_V3",
      "score": "CVSS:3.1/AV:N/AC:H/PR:N/UI:N/S:U/C:L/I:L/A:N"
    },
    {
      "type": "CVSS_V4",
      "score": "CVSS:4.0/AV:N/AC:L/AT:P/PR:N/UI:N/VC:L/VI:L/VA:N/SC:N/SI:N/SA:N"
    }
  ]
}