{
  "id": "GHSA-gfg9-x6px-r7gr",
  "summary": "Library exclusively intended to obfuscate code.",
  "details": "This crate allows you to write safe functions with unsafe bodies without the `unsafe` keyword.\n\nThe value this adds is questionable, and hides `unsafe` usages from naive analysis.\n",
  "aliases": [
    "RUSTSEC-2020-0011"
  ],
  "modified": "2023-11-08T04:19:28.981532Z",
  "published": "2022-06-16T23:09:17Z",
  "database_specific": {
    "nvd_published_at": null,
    "github_reviewed_at": "2022-06-16T23:09:17Z",
    "severity": "MODERATE",
    "github_reviewed": true,
    "cwe_ids": []
  },
  "references": [
    {
      "type": "PACKAGE",
      "url": "https://github.com/mxxo/plutonium"
    },
    {
      "type": "WEB",
      "url": "https://rustsec.org/advisories/RUSTSEC-2020-0011.html"
    }
  ],
  "affected": [
    {
      "package": {
        "name": "plutonium",
        "ecosystem": "crates.io",
        "purl": "pkg:cargo/plutonium"
      },
      "ranges": [
        {
          "type": "SEMVER",
          "events": [
            {
              "introduced": "0"
            },
            {
              "last_affected": "0.5.2"
            }
          ]
        }
      ],
      "database_specific": {
        "source": "https://github.com/github/advisory-database/blob/main/advisories/github-reviewed/2022/06/GHSA-gfg9-x6px-r7gr/GHSA-gfg9-x6px-r7gr.json"
      }
    }
  ],
  "schema_version": "1.6.0"
}