{
  "id": "GHSA-5phc-849h-vcxg",
  "summary": "`Read` on uninitialized buffer can cause UB (impl of `ReadKVExt`)",
  "details": "Affected versions of this crate passes an uninitialized buffer to a user-provided `Read` implementation.\nArbitrary `Read` implementations can read from the uninitialized buffer (memory exposure) and also can return incorrect number of bytes written to the buffer.\nReading from uninitialized memory produces undefined values that can quickly invoke undefined behavior.\n",
  "aliases": [
    "CVE-2021-45682",
    "GHSA-jv2r-jx6q-89jg",
    "RUSTSEC-2021-0084"
  ],
  "modified": "2023-11-08T04:07:21.552889Z",
  "published": "2022-06-16T23:45:49Z",
  "database_specific": {
    "nvd_published_at": null,
    "cwe_ids": [],
    "severity": "HIGH",
    "github_reviewed": true,
    "github_reviewed_at": "2022-06-16T23:45:49Z"
  },
  "references": [
    {
      "type": "WEB",
      "url": "https://github.com/Hexilee/BronzeDB/issues/1"
    },
    {
      "type": "PACKAGE",
      "url": "https://github.com/Hexilee/BronzeDB"
    },
    {
      "type": "WEB",
      "url": "https://rustsec.org/advisories/RUSTSEC-2021-0084.html"
    }
  ],
  "affected": [
    {
      "package": {
        "name": "bronzedb-protocol",
        "ecosystem": "crates.io",
        "purl": "pkg:cargo/bronzedb-protocol"
      },
      "ranges": [
        {
          "type": "SEMVER",
          "events": [
            {
              "introduced": "0"
            },
            {
              "last_affected": "0.1.0"
            }
          ]
        }
      ],
      "database_specific": {
        "source": "https://github.com/github/advisory-database/blob/main/advisories/github-reviewed/2022/06/GHSA-5phc-849h-vcxg/GHSA-5phc-849h-vcxg.json"
      }
    }
  ],
  "schema_version": "1.6.0"
}