{
  "id": "GHSA-hxw9-jxqw-jc8j",
  "summary": "Data races in dces",
  "details": "An issue was discovered in the dces crate through 2020-12-09 for Rust. The World type is marked as Send but lacks bounds on its EntityStore and ComponentStore. This allows non-thread safe `EntityStore` and `ComponentStore`s to be sent\nacross threads and cause data races.\n",
  "aliases": [
    "CVE-2020-36459",
    "RUSTSEC-2020-0139"
  ],
  "modified": "2023-11-08T04:03:46.135327Z",
  "published": "2021-08-25T20:58:05Z",
  "database_specific": {
    "nvd_published_at": "2021-08-08T06:15:00Z",
    "github_reviewed_at": "2021-08-18T20:20:09Z",
    "severity": "HIGH",
    "github_reviewed": true,
    "cwe_ids": [
      "CWE-362",
      "CWE-77"
    ]
  },
  "references": [
    {
      "type": "ADVISORY",
      "url": "https://nvd.nist.gov/vuln/detail/CVE-2020-36459"
    },
    {
      "type": "PACKAGE",
      "url": "https://gitlab.redox-os.org/redox-os/dces-rust"
    },
    {
      "type": "WEB",
      "url": "https://gitlab.redox-os.org/redox-os/dces-rust/-/issues/8"
    },
    {
      "type": "WEB",
      "url": "https://raw.githubusercontent.com/rustsec/advisory-db/main/crates/dces/RUSTSEC-2020-0139.md"
    },
    {
      "type": "WEB",
      "url": "https://rustsec.org/advisories/RUSTSEC-2020-0139.html"
    }
  ],
  "affected": [
    {
      "package": {
        "name": "dces",
        "ecosystem": "crates.io",
        "purl": "pkg:cargo/dces"
      },
      "ranges": [
        {
          "type": "SEMVER",
          "events": [
            {
              "introduced": "0"
            },
            {
              "last_affected": "0.3.0"
            }
          ]
        }
      ],
      "database_specific": {
        "source": "https://github.com/github/advisory-database/blob/main/advisories/github-reviewed/2021/08/GHSA-hxw9-jxqw-jc8j/GHSA-hxw9-jxqw-jc8j.json"
      }
    }
  ],
  "schema_version": "1.6.0",
  "severity": [
    {
      "type": "CVSS_V3",
      "score": "CVSS:3.1/AV:N/AC:H/PR:N/UI:N/S:U/C:H/I:H/A:H"
    }
  ]
}