{
  "id": "GHSA-69vj-xx27-g45w",
  "summary": "Data race in eventio",
  "details": "Input<R> implements Send without requiring R: Send.\n\nAffected versions of this crate allows users to send non-Send types to other threads, which can lead to undefined behavior such as data race and memory corruption.\n\nThe flaw was corrected in version 0.5.1 by adding R: Send bound to the Send impl of Input<R>.",
  "aliases": [
    "CVE-2020-36216",
    "RUSTSEC-2020-0108"
  ],
  "modified": "2023-11-08T04:03:42.027833Z",
  "published": "2021-08-25T20:51:49Z",
  "database_specific": {
    "nvd_published_at": null,
    "cwe_ids": [
      "CWE-662",
      "CWE-787"
    ],
    "severity": "MODERATE",
    "github_reviewed": true,
    "github_reviewed_at": "2021-08-19T18:47:45Z"
  },
  "references": [
    {
      "type": "ADVISORY",
      "url": "https://nvd.nist.gov/vuln/detail/CVE-2020-36216"
    },
    {
      "type": "WEB",
      "url": "https://github.com/petabi/eventio/issues/33"
    },
    {
      "type": "PACKAGE",
      "url": "https://github.com/petabi/eventio"
    },
    {
      "type": "WEB",
      "url": "https://rustsec.org/advisories/RUSTSEC-2020-0108.html"
    }
  ],
  "affected": [
    {
      "package": {
        "name": "eventio",
        "ecosystem": "crates.io",
        "purl": "pkg:cargo/eventio"
      },
      "ranges": [
        {
          "type": "SEMVER",
          "events": [
            {
              "introduced": "0"
            },
            {
              "fixed": "0.5.1"
            }
          ]
        }
      ],
      "database_specific": {
        "source": "https://github.com/github/advisory-database/blob/main/advisories/github-reviewed/2021/08/GHSA-69vj-xx27-g45w/GHSA-69vj-xx27-g45w.json"
      }
    }
  ],
  "schema_version": "1.6.0",
  "severity": [
    {
      "type": "CVSS_V3",
      "score": "CVSS:3.1/AV:N/AC:H/PR:N/UI:N/S:U/C:N/I:N/A:H"
    }
  ]
}