{
  "id": "GHSA-9783-42pm-x5jq",
  "summary": "Use of Uninitialized Resource in csv-sniffer.",
  "details": "Affected versions of this crate passes an uninitialized buffer to a user-provided Read implementation (within fn preamble_skipcount()).\n\nArbitrary Read implementations can read from the uninitialized buffer (memory exposure) and also can return incorrect number of bytes written to the buffer. Reading from uninitialized memory produces undefined values that can quickly invoke undefined behavior.",
  "aliases": [
    "CVE-2021-45686",
    "GHSA-r67p-m7g9-gxw6",
    "RUSTSEC-2021-0088"
  ],
  "modified": "2023-11-08T04:07:21.801873Z",
  "published": "2022-01-06T22:13:58Z",
  "database_specific": {
    "nvd_published_at": "2021-12-27T00:15:00Z",
    "cwe_ids": [
      "CWE-908"
    ],
    "severity": "CRITICAL",
    "github_reviewed": true,
    "github_reviewed_at": "2022-01-06T17:04:29Z"
  },
  "references": [
    {
      "type": "ADVISORY",
      "url": "https://nvd.nist.gov/vuln/detail/CVE-2021-45686"
    },
    {
      "type": "WEB",
      "url": "https://github.com/jblondin/csv-sniffer/issues/1"
    },
    {
      "type": "WEB",
      "url": "https://github.com/jblondin/csv-sniffer/pull/2"
    },
    {
      "type": "PACKAGE",
      "url": "https://github.com/jblondin/csv-sniffer"
    },
    {
      "type": "WEB",
      "url": "https://raw.githubusercontent.com/rustsec/advisory-db/main/crates/csv-sniffer/RUSTSEC-2021-0088.md"
    },
    {
      "type": "WEB",
      "url": "https://rustsec.org/advisories/RUSTSEC-2021-0088.html"
    }
  ],
  "affected": [
    {
      "package": {
        "name": "csv-sniffer",
        "ecosystem": "crates.io",
        "purl": "pkg:cargo/csv-sniffer"
      },
      "ranges": [
        {
          "type": "SEMVER",
          "events": [
            {
              "introduced": "0"
            },
            {
              "fixed": "0.2.0"
            }
          ]
        }
      ],
      "database_specific": {
        "source": "https://github.com/github/advisory-database/blob/main/advisories/github-reviewed/2022/01/GHSA-9783-42pm-x5jq/GHSA-9783-42pm-x5jq.json"
      }
    }
  ],
  "schema_version": "1.6.0",
  "severity": [
    {
      "type": "CVSS_V3",
      "score": "CVSS:3.1/AV:N/AC:L/PR:N/UI:N/S:U/C:H/I:H/A:H"
    }
  ]
}