{
  "id": "GHSA-g6pw-999w-j75m",
  "summary": "ELF header parsing library doesn't check for valid offset",
  "details": "The crate has several unsafe sections that don't perform proper pointer validation.\n\nAn example can be found in the following function:\n\n```\nfn section_header_raw(&self) -> &[ET::SectionHeader] {\n    let sh_off = self.elf_header().section_header_offset() as usize;\n    let sh_num = self.elf_header().section_header_entry_num() as usize;\n    unsafe {\n        let sh_ptr = self.content().as_ptr().add(sh_off);\n        from_raw_parts(sh_ptr as *const ET::SectionHeader, sh_num)\n    }\n}\n```\n\nWhile this will work perfectly fine *if* the ELF header is valid, malicious or malformed input can contain a section header offset of an arbitrary size, meaning that the resultant pointer in the unsafe block can point to an artibrary address in the address space of the process.\n\nThis can result in unpredictable behaviour, and in our fuzz testing, we discovered that it's trivial to cause SIGABRT (signal 6), or SEGV (signal 11).\n\nThe function should either be marked as unsafe, with a note that the caller is responsible for providing only valid inputs, or it should ideally do the due diligence to ensure that the offset doesn't exceed the bounds of the header (and add additional checks as necessary).\n\n",
  "aliases": [
    "RUSTSEC-2022-0079"
  ],
  "modified": "2023-11-08T04:19:21.655074Z",
  "published": "2023-01-20T22:41:01Z",
  "database_specific": {
    "nvd_published_at": null,
    "github_reviewed_at": "2023-01-20T22:41:01Z",
    "severity": "MODERATE",
    "github_reviewed": true,
    "cwe_ids": []
  },
  "references": [
    {
      "type": "WEB",
      "url": "https://github.com/vincenthouyi/elf_rs/issues/11"
    },
    {
      "type": "PACKAGE",
      "url": "https://github.com/vincenthouyi/elf_rs"
    },
    {
      "type": "WEB",
      "url": "https://rustsec.org/advisories/RUSTSEC-2022-0079.html"
    }
  ],
  "affected": [
    {
      "package": {
        "name": "elf_rs",
        "ecosystem": "crates.io",
        "purl": "pkg:cargo/elf_rs"
      },
      "ranges": [
        {
          "type": "SEMVER",
          "events": [
            {
              "introduced": "0"
            },
            {
              "fixed": "0.3.0"
            }
          ]
        }
      ],
      "database_specific": {
        "source": "https://github.com/github/advisory-database/blob/main/advisories/github-reviewed/2023/01/GHSA-g6pw-999w-j75m/GHSA-g6pw-999w-j75m.json"
      }
    }
  ],
  "schema_version": "1.6.0"
}