{
  "id": "GHSA-9f5r-vqm5-m342",
  "summary": "Use of Uninitialized Resource in ms3d",
  "details": "Affected versions of this crate passes an uninitialized buffer to a user-provided Read implementation. Arbitrary Read implementations can read from the uninitialized buffer (memory exposure) and also can return incorrect number of bytes written to the buffer. Reading from uninitialized memory produces undefined values that can quickly invoke undefined behavior.\n\nThe flaw was fixed in commit `599313b` by zero-initializing the buffer (via self.buf.resize(len, 0)) before passing it to Read.",
  "aliases": [
    "CVE-2021-26952",
    "RUSTSEC-2021-0016"
  ],
  "modified": "2023-11-08T04:05:22.896074Z",
  "published": "2021-08-25T20:53:16Z",
  "database_specific": {
    "nvd_published_at": null,
    "cwe_ids": [
      "CWE-908"
    ],
    "severity": "HIGH",
    "github_reviewed": true,
    "github_reviewed_at": "2021-08-19T17:44:22Z"
  },
  "references": [
    {
      "type": "ADVISORY",
      "url": "https://nvd.nist.gov/vuln/detail/CVE-2021-26952"
    },
    {
      "type": "WEB",
      "url": "https://github.com/andrewhickman/ms3d/issues/1"
    },
    {
      "type": "WEB",
      "url": "https://github.com/andrewhickman/ms3d/commit/599313b"
    },
    {
      "type": "PACKAGE",
      "url": "https://github.com/andrewhickman/ms3d"
    },
    {
      "type": "WEB",
      "url": "https://rustsec.org/advisories/RUSTSEC-2021-0016.html"
    }
  ],
  "affected": [
    {
      "package": {
        "name": "ms3d",
        "ecosystem": "crates.io",
        "purl": "pkg:cargo/ms3d"
      },
      "ranges": [
        {
          "type": "SEMVER",
          "events": [
            {
              "introduced": "0"
            },
            {
              "fixed": "0.1.3"
            }
          ]
        }
      ],
      "database_specific": {
        "source": "https://github.com/github/advisory-database/blob/main/advisories/github-reviewed/2021/08/GHSA-9f5r-vqm5-m342/GHSA-9f5r-vqm5-m342.json"
      }
    }
  ],
  "schema_version": "1.6.0",
  "severity": [
    {
      "type": "CVSS_V3",
      "score": "CVSS:3.1/AV:N/AC:L/PR:N/UI:N/S:U/C:H/I:N/A:N"
    }
  ]
}