{
  "id": "GHSA-64f8-pjgr-9wmr",
  "summary": "Untrusted Query Object Evaluation in RPC API",
  "details": "During the sign in and sign up operations through the SurrealDB RPC API, an arbitrary object would be accepted in order to support a wide array of types and structures that could contain user credentials. This arbitrary object could potentially contain any SurrealDB value, including an object representing a subquery. For this to materialize, this object would need to be encoded using the bincode serialization format instead of the default JSON serialization format or the additionally supported CBOR serialization format.\n\nIf a binary object containing a subquery were to be provided in this way, that subquery would be computed while executing the `SIGNIN` and `SIGNUP` queries defined by the database owner while defining a record access method. Since those queries are executed under a system user session with the editor role, an unauthenticated attacker may be able to leverage this behavior to select, create, update and delete non-IAM resources with permissions of a system user with the editor role.\n\n### Impact\n\nIf a record access method was defined with a `SIGNIN` or a `SIGNUP` query and the SurrealDB RPC API was exposed to untrusted users, an attacker could be able to craft a binary object containing a subquery to provide in place of valid credentials when calling the `signin` and `signup` operations via the RPC API with the bincode serialization format. The attacker could use that subquery to select, create, update and delete resources in SurrealDB, but they would not be able to _directly_ view the results of the query. This method cannot be used to create, update or delete IAM resources, as access to those kind of resources requires the owner role.\n\n### Patches\n\nObjects provided as variables to the sign in and sign up methods are now recursively validated to ensure that they do not contain any non-computed values, which include subqueries and other data types that could potentially result in query execution.\n\n- Version 1.5.5 and later are not affected by this issue.\n- Version 2.0.0-beta.3 and later are not affected by this issue.\n\n### Workarounds\n\nUsers unable to update may want to disallow access to the SurrealDB RPC API using the affected binary serialization formats by conservatively allowing only requests to the `/rpc` endpoint of the SurrealDB HTTP server with the `application/json` content type. If the RPC API is not used at all or only used by trusted clients, disallowing or restricting access to the `/rpc` endpoint of the SurrealDB HTTP server will also prevent exploitation. Alternatively, if filtering HTTP requests is not possible, record access methods that define `SIGNIN` and `SIGNUP` clauses may be temporarily removed to completely prevent potential attacks leveraging this issue.\n\n### References\n\n- [SurrealDB Documentation - Authentication (Record Users)](https://surrealdb.com/docs/surrealdb/security/authentication#record-users)\n- [SurrealDB Documentation - RPC Protocol (Signup)](https://surrealdb.com/docs/surrealdb/integration/rpc#signup)\n- [SurrealDB Documentation - RPC Protocol (Signin)](https://surrealdb.com/docs/surrealdb/integration/rpc#signin)",
  "modified": "2024-09-11T19:20:08Z",
  "published": "2024-09-11T19:20:07Z",
  "database_specific": {
    "nvd_published_at": null,
    "cwe_ids": [
      "CWE-75"
    ],
    "severity": "HIGH",
    "github_reviewed": true,
    "github_reviewed_at": "2024-09-11T19:20:07Z"
  },
  "references": [
    {
      "type": "WEB",
      "url": "https://github.com/surrealdb/surrealdb/security/advisories/GHSA-64f8-pjgr-9wmr"
    },
    {
      "type": "WEB",
      "url": "https://github.com/surrealdb/surrealdb/commit/b7583a653a2c495a60630dffd663f506426db330"
    },
    {
      "type": "WEB",
      "url": "https://github.com/surrealdb/surrealdb/commit/eab7ef5354168d4039f7f7b77042c99a52f770a6"
    },
    {
      "type": "PACKAGE",
      "url": "https://github.com/surrealdb/surrealdb"
    },
    {
      "type": "WEB",
      "url": "https://surrealdb.com/docs/surrealdb/integration/rpc#signin"
    },
    {
      "type": "WEB",
      "url": "https://surrealdb.com/docs/surrealdb/integration/rpc#signup"
    },
    {
      "type": "WEB",
      "url": "https://surrealdb.com/docs/surrealdb/security/authentication#record-users"
    }
  ],
  "affected": [
    {
      "package": {
        "name": "surrealdb",
        "ecosystem": "crates.io",
        "purl": "pkg:cargo/surrealdb"
      },
      "ranges": [
        {
          "type": "SEMVER",
          "events": [
            {
              "introduced": "0"
            },
            {
              "fixed": "1.5.5"
            }
          ]
        }
      ],
      "database_specific": {
        "source": "https://github.com/github/advisory-database/blob/main/advisories/github-reviewed/2024/09/GHSA-64f8-pjgr-9wmr/GHSA-64f8-pjgr-9wmr.json"
      }
    },
    {
      "package": {
        "name": "surrealdb-core",
        "ecosystem": "crates.io",
        "purl": "pkg:cargo/surrealdb-core"
      },
      "ranges": [
        {
          "type": "SEMVER",
          "events": [
            {
              "introduced": "0"
            },
            {
              "fixed": "1.5.2"
            }
          ]
        }
      ],
      "database_specific": {
        "source": "https://github.com/github/advisory-database/blob/main/advisories/github-reviewed/2024/09/GHSA-64f8-pjgr-9wmr/GHSA-64f8-pjgr-9wmr.json"
      }
    },
    {
      "package": {
        "name": "surrealdb",
        "ecosystem": "crates.io",
        "purl": "pkg:cargo/surrealdb"
      },
      "ranges": [
        {
          "type": "SEMVER",
          "events": [
            {
              "introduced": "2.0.0-beta.1"
            },
            {
              "fixed": "2.0.0-beta.3"
            }
          ]
        }
      ],
      "database_specific": {
        "source": "https://github.com/github/advisory-database/blob/main/advisories/github-reviewed/2024/09/GHSA-64f8-pjgr-9wmr/GHSA-64f8-pjgr-9wmr.json"
      }
    }
  ],
  "schema_version": "1.6.0",
  "severity": [
    {
      "type": "CVSS_V3",
      "score": "CVSS:3.1/AV:N/AC:L/PR:L/UI:N/S:U/C:H/I:H/A:H"
    },
    {
      "type": "CVSS_V4",
      "score": "CVSS:4.0/AV:N/AC:L/AT:N/PR:L/UI:N/VC:H/VI:H/VA:H/SC:N/SI:N/SA:N"
    }
  ]
}