{
  "id": "GHSA-hv7x-f3pv-gpwr",
  "summary": "Wrong memory orderings violates mutual exclusion in spin",
  "details": "Wrong memory orderings inside the RwLock implementation allow for two writers to acquire the lock at the same time. The drop implementation used Ordering::Relaxed, which allows the compiler or CPU to reorder a mutable access on the locked data after the lock has been yielded.\n\nOnly users of the RwLock implementation are affected. Users of Once (including users of lazy_static with the spin_no_std feature enabled) are NOT affected.\n\nOn strongly ordered CPU architectures like x86, the only real way that this would lead to a memory corruption is if the compiler reorders an access after the lock is yielded, which is possible but in practice unlikely. It is a more serious issue on weakly ordered architectures such as ARM which, except in the presence of certain instructions, allow the hardware to decide which accesses are seen at what times. Therefore on an ARM system it is likely that using the wrong memory ordering would result in a memory corruption, even if the compiler itself doesn't reorder the memory accesses in a buggy way.",
  "aliases": [
    "CVE-2019-16137",
    "RUSTSEC-2019-0013"
  ],
  "modified": "2023-11-08T04:01:16.038525Z",
  "published": "2021-08-25T20:44:46Z",
  "database_specific": {
    "nvd_published_at": null,
    "cwe_ids": [
      "CWE-662"
    ],
    "severity": "HIGH",
    "github_reviewed": true,
    "github_reviewed_at": "2021-08-19T21:22:40Z"
  },
  "references": [
    {
      "type": "ADVISORY",
      "url": "https://nvd.nist.gov/vuln/detail/CVE-2019-16137"
    },
    {
      "type": "WEB",
      "url": "https://github.com/mvdnes/spin-rs/issues/65"
    },
    {
      "type": "WEB",
      "url": "https://github.com/mvdnes/spin-rs/pull/66"
    },
    {
      "type": "PACKAGE",
      "url": "https://github.com/mvdnes/spin-rs"
    },
    {
      "type": "WEB",
      "url": "https://rustsec.org/advisories/RUSTSEC-2019-0013.html"
    }
  ],
  "affected": [
    {
      "package": {
        "name": "spin",
        "ecosystem": "crates.io",
        "purl": "pkg:cargo/spin"
      },
      "ranges": [
        {
          "type": "SEMVER",
          "events": [
            {
              "introduced": "0"
            },
            {
              "fixed": "0.5.2"
            }
          ]
        }
      ],
      "ecosystem_specific": {
        "affected_functions": [
          "spin::RwLock::new"
        ]
      },
      "database_specific": {
        "source": "https://github.com/github/advisory-database/blob/main/advisories/github-reviewed/2021/08/GHSA-hv7x-f3pv-gpwr/GHSA-hv7x-f3pv-gpwr.json"
      }
    }
  ],
  "schema_version": "1.6.0",
  "severity": [
    {
      "type": "CVSS_V3",
      "score": "CVSS:3.1/AV:N/AC:L/PR:N/UI:N/S:U/C:N/I:N/A:H"
    }
  ]
}