{
  "id": "GHSA-48vq-8jqv-gm6f",
  "summary": "Remote memory exhaustion in ckb",
  "details": "In the ckb sync protocol, SyncState maintains a HashMap called 'misbehavior' that keeps a score of a peer's violations of the protocol. This HashMap is keyed to PeerIndex (an alias for SessionId), and entries are never removed from it. SessionId is an integer that increases monotonically with every new connection.\n\nA remote attacker can manipulate this HashMap to grow forever, resulting in degraded performance and ultimately a panic on allocation failure or being killed by the OS, depending on the platform.\n\nThis is a critical severity security bug. It could be exploited to create a targeted or network-wide denial of service, to reduce the hash power of the network as part of a 51% attack, and perhaps in other creative ways.\n\nAn attack is trivial:\n\n1. connect to another node\n2. send an invalid sync protocol request, such as `SendHeaders` for non-consecutive blocks\n3. disconnect\n4. repeat",
  "aliases": [
    "CVE-2021-45699",
    "GHSA-2969-8hh9-57jc",
    "RUSTSEC-2021-0108"
  ],
  "modified": "2023-11-08T04:07:22.625998Z",
  "published": "2021-08-25T21:01:23Z",
  "database_specific": {
    "nvd_published_at": null,
    "github_reviewed_at": "2021-08-02T21:53:41Z",
    "severity": "HIGH",
    "github_reviewed": true,
    "cwe_ids": [
      "CWE-400"
    ]
  },
  "references": [
    {
      "type": "WEB",
      "url": "https://github.com/nervosnetwork/ckb/security/advisories/GHSA-48vq-8jqv-gm6f"
    },
    {
      "type": "WEB",
      "url": "https://rustsec.org/advisories/RUSTSEC-2021-0108.html"
    }
  ],
  "affected": [
    {
      "package": {
        "name": "ckb",
        "ecosystem": "crates.io",
        "purl": "pkg:cargo/ckb"
      },
      "ranges": [
        {
          "type": "SEMVER",
          "events": [
            {
              "introduced": "0"
            },
            {
              "fixed": "0.40.0"
            }
          ]
        }
      ],
      "database_specific": {
        "source": "https://github.com/github/advisory-database/blob/main/advisories/github-reviewed/2021/08/GHSA-48vq-8jqv-gm6f/GHSA-48vq-8jqv-gm6f.json"
      }
    }
  ],
  "schema_version": "1.6.0"
}