{
  "id": "GHSA-jcr6-4frq-9gjj",
  "summary": "Users vulnerable to unaligned read of `*const *const c_char` pointer",
  "details": "Affected versions dereference a potentially unaligned pointer. The pointer is commonly unaligned in practice, resulting in undefined behavior.\n\nIn some build modes, this is observable as a panic followed by abort. In other build modes the UB may manifest in some other way, including the possibility of working correctly in some architectures.\n\nThe crate is not currently maintained, so a patched version is not available.\n\n## Recommended alternatives\n- [`uzers`](https://crates.io/crates/uzers) (an actively maintained fork of the `users` crate)\n- [`sysinfo`](https://crates.io/crates/sysinfo)\n",
  "aliases": [
    "RUSTSEC-2023-0059"
  ],
  "modified": "2024-02-10T16:26:48.693482Z",
  "published": "2023-09-11T20:43:31Z",
  "database_specific": {
    "nvd_published_at": null,
    "cwe_ids": [],
    "severity": "MODERATE",
    "github_reviewed": true,
    "github_reviewed_at": "2023-09-11T20:43:31Z"
  },
  "references": [
    {
      "type": "WEB",
      "url": "https://github.com/ogham/rust-users/issues/55"
    },
    {
      "type": "PACKAGE",
      "url": "https://github.com/ogham/rust-users"
    },
    {
      "type": "WEB",
      "url": "https://rustsec.org/advisories/RUSTSEC-2023-0059.html"
    }
  ],
  "affected": [
    {
      "package": {
        "name": "users",
        "ecosystem": "crates.io",
        "purl": "pkg:cargo/users"
      },
      "ranges": [
        {
          "type": "SEMVER",
          "events": [
            {
              "introduced": "0"
            },
            {
              "last_affected": "0.11.0"
            }
          ]
        }
      ],
      "database_specific": {
        "source": "https://github.com/github/advisory-database/blob/main/advisories/github-reviewed/2023/09/GHSA-jcr6-4frq-9gjj/GHSA-jcr6-4frq-9gjj.json"
      }
    }
  ],
  "schema_version": "1.6.0"
}