{
  "id": "GHSA-566x-hhrf-qf8m",
  "summary": "ordered_float:NotNan may contain NaN after panic in assignment operators",
  "details": "After using an assignment operators such as NotNan::add_assign, NotNan::mul_assign, etc., it was possible for the resulting NotNan value to contain a NaN. This could cause undefined behavior in safe code, because the safe NotNan::cmp method contains internal unsafe code that assumes the value is never NaN. (It could also cause undefined behavior in third-party unsafe code that makes the same assumption, as well as logic errors in safe code.)\n\nThis was mitigated starting in version 0.4.0, by panicking if the assigned value is NaN. However, in affected versions from 0.4.0 onward, code that uses the NotNan value during unwinding, or that continues after catching the panic, could still observe the invalid value and trigger undefined behavior.\n\nThe flaw is fully corrected in versions 1.1.1 and 2.0.1, by ensuring that the assignment operators panic without modifying the operand, if the result would be NaN.",
  "aliases": [
    "CVE-2020-35923",
    "RUSTSEC-2020-0082"
  ],
  "modified": "2023-11-08T04:03:39.590810Z",
  "published": "2021-08-25T20:50:30Z",
  "database_specific": {
    "nvd_published_at": null,
    "cwe_ids": [
      "CWE-460"
    ],
    "severity": "MODERATE",
    "github_reviewed": true,
    "github_reviewed_at": "2021-08-19T18:54:34Z"
  },
  "references": [
    {
      "type": "ADVISORY",
      "url": "https://nvd.nist.gov/vuln/detail/CVE-2020-35923"
    },
    {
      "type": "WEB",
      "url": "https://github.com/reem/rust-ordered-float/pull/71"
    },
    {
      "type": "WEB",
      "url": "https://github.com/reem/rust-ordered-float/commit/c55cda301c943270b7eb2b4765bedbcce56edb90"
    },
    {
      "type": "WEB",
      "url": "https://github.com/reem/rust-ordered-float/commit/da4a8dd49300740a434c095a9c4b408d2415cc08"
    },
    {
      "type": "PACKAGE",
      "url": "https://github.com/reem/rust-ordered-float"
    },
    {
      "type": "WEB",
      "url": "https://rustsec.org/advisories/RUSTSEC-2020-0082.html"
    }
  ],
  "affected": [
    {
      "package": {
        "name": "ordered-float",
        "ecosystem": "crates.io",
        "purl": "pkg:cargo/ordered-float"
      },
      "ranges": [
        {
          "type": "SEMVER",
          "events": [
            {
              "introduced": "2.0.0"
            },
            {
              "fixed": "2.0.1"
            }
          ]
        }
      ],
      "versions": [
        "2.0.0"
      ],
      "database_specific": {
        "source": "https://github.com/github/advisory-database/blob/main/advisories/github-reviewed/2021/08/GHSA-566x-hhrf-qf8m/GHSA-566x-hhrf-qf8m.json"
      }
    },
    {
      "package": {
        "name": "ordered-float",
        "ecosystem": "crates.io",
        "purl": "pkg:cargo/ordered-float"
      },
      "ranges": [
        {
          "type": "SEMVER",
          "events": [
            {
              "introduced": "0.2.2"
            },
            {
              "fixed": "1.1.1"
            }
          ]
        }
      ],
      "database_specific": {
        "source": "https://github.com/github/advisory-database/blob/main/advisories/github-reviewed/2021/08/GHSA-566x-hhrf-qf8m/GHSA-566x-hhrf-qf8m.json"
      }
    }
  ],
  "schema_version": "1.6.0",
  "severity": [
    {
      "type": "CVSS_V3",
      "score": "CVSS:3.1/AV:L/AC:L/PR:L/UI:N/S:U/C:N/I:N/A:H"
    }
  ]
}