{
  "id": "GHSA-75cq-g75g-rxff",
  "summary": "use-after-free vulnerability in Rust array-queue",
  "details": "An issue was discovered in the array-queue crate through 2020-09-26 for Rust. A pop_back() call may lead to a use-after-free.",
  "aliases": [
    "CVE-2020-35900",
    "RUSTSEC-2020-0047"
  ],
  "modified": "2023-11-08T04:03:38.302446Z",
  "published": "2021-08-25T21:00:43Z",
  "database_specific": {
    "nvd_published_at": null,
    "github_reviewed_at": "2021-08-05T19:46:12Z",
    "severity": "MODERATE",
    "github_reviewed": true,
    "cwe_ids": [
      "CWE-416"
    ]
  },
  "references": [
    {
      "type": "ADVISORY",
      "url": "https://nvd.nist.gov/vuln/detail/CVE-2020-35900"
    },
    {
      "type": "WEB",
      "url": "https://github.com/raviqqe/array-queue/issues/2"
    },
    {
      "type": "PACKAGE",
      "url": "https://github.com/raviqqe/array-queue"
    },
    {
      "type": "WEB",
      "url": "https://rustsec.org/advisories/RUSTSEC-2020-0047.html"
    }
  ],
  "affected": [
    {
      "package": {
        "name": "array-queue",
        "ecosystem": "crates.io",
        "purl": "pkg:cargo/array-queue"
      },
      "ranges": [
        {
          "type": "SEMVER",
          "events": [
            {
              "introduced": "0.3.0"
            },
            {
              "last_affected": "0.3.3"
            }
          ]
        }
      ],
      "database_specific": {
        "source": "https://github.com/github/advisory-database/blob/main/advisories/github-reviewed/2021/08/GHSA-75cq-g75g-rxff/GHSA-75cq-g75g-rxff.json"
      }
    }
  ],
  "schema_version": "1.6.0",
  "severity": [
    {
      "type": "CVSS_V3",
      "score": "CVSS:3.1/AV:L/AC:L/PR:L/UI:N/S:U/C:H/I:N/A:N"
    }
  ]
}