{
  "id": "GHSA-h588-76vg-prgj",
  "summary": "`DecimalArray` does not perform bound checks on accessing values and offsets",
  "details": "`DecimalArray` performs insufficient bounds checks, which allows out-of-bounds reads in safe code if the lenght of the backing buffer is not a multiple of 16.\n",
  "aliases": [
    "RUSTSEC-2021-0117"
  ],
  "modified": "2023-11-08T04:19:51.714031Z",
  "published": "2022-06-16T23:41:29Z",
  "database_specific": {
    "nvd_published_at": null,
    "cwe_ids": [],
    "severity": "HIGH",
    "github_reviewed": true,
    "github_reviewed_at": "2022-06-16T23:41:29Z"
  },
  "references": [
    {
      "type": "WEB",
      "url": "https://github.com/apache/arrow-rs/issues/775"
    },
    {
      "type": "WEB",
      "url": "https://github.com/apache/arrow-rs"
    },
    {
      "type": "WEB",
      "url": "https://rustsec.org/advisories/RUSTSEC-2021-0117.html"
    }
  ],
  "affected": [
    {
      "package": {
        "name": "arrow",
        "ecosystem": "crates.io",
        "purl": "pkg:cargo/arrow"
      },
      "ranges": [
        {
          "type": "SEMVER",
          "events": [
            {
              "introduced": "0"
            },
            {
              "fixed": "6.4.0"
            }
          ]
        }
      ],
      "database_specific": {
        "source": "https://github.com/github/advisory-database/blob/main/advisories/github-reviewed/2022/06/GHSA-h588-76vg-prgj/GHSA-h588-76vg-prgj.json"
      }
    }
  ],
  "schema_version": "1.6.0"
}