{
  "id": "GHSA-hr3c-6mmp-6m39",
  "summary": "Memory corruption slice-deque",
  "details": "Affected versions of this crate did not properly update the head and tail of the deque when inserting and removing elements from the front if, before insertion or removal, the tail of the deque was in the mirrored memory region, and if, after insertion or removal, the head of the deque is exactly at the beginning of the mirrored memory region.\n\nAn attacker that controls both element insertion and removal into the deque could put it in a corrupted state. Once the deque enters such an state, its head and tail are corrupted, but in bounds of the allocated memory. This can result in partial reads and writes, reads of uninitialized memory, reads of memory containing previously dropped objects, etc. An attacker could exploit this to alter program execution.\n\nThe flaw was corrected by properly updating the head and tail of the deque in this case.",
  "aliases": [
    "CVE-2018-20995",
    "RUSTSEC-2018-0008"
  ],
  "modified": "2023-11-08T04:00:13.614447Z",
  "published": "2021-08-25T20:42:57Z",
  "database_specific": {
    "nvd_published_at": null,
    "cwe_ids": [
      "CWE-119"
    ],
    "severity": "CRITICAL",
    "github_reviewed": true,
    "github_reviewed_at": "2021-08-19T21:25:30Z"
  },
  "references": [
    {
      "type": "ADVISORY",
      "url": "https://nvd.nist.gov/vuln/detail/CVE-2018-20995"
    },
    {
      "type": "WEB",
      "url": "https://github.com/gnzlbg/slice_deque/issues/57"
    },
    {
      "type": "PACKAGE",
      "url": "https://github.com/gnzlbg/slice_deque"
    },
    {
      "type": "WEB",
      "url": "https://rustsec.org/advisories/RUSTSEC-2018-0008.html"
    }
  ],
  "affected": [
    {
      "package": {
        "name": "slice-deque",
        "ecosystem": "crates.io",
        "purl": "pkg:cargo/slice-deque"
      },
      "ranges": [
        {
          "type": "SEMVER",
          "events": [
            {
              "introduced": "0"
            },
            {
              "fixed": "0.1.16"
            }
          ]
        }
      ],
      "database_specific": {
        "source": "https://github.com/github/advisory-database/blob/main/advisories/github-reviewed/2021/08/GHSA-hr3c-6mmp-6m39/GHSA-hr3c-6mmp-6m39.json"
      }
    }
  ],
  "schema_version": "1.6.0",
  "severity": [
    {
      "type": "CVSS_V3",
      "score": "CVSS:3.0/AV:N/AC:L/PR:N/UI:N/S:U/C:H/I:H/A:H"
    }
  ]
}