{
  "id": "GHSA-7w6p-rwhg-7h3g",
  "summary": "Grin Insufficient Validation",
  "details": "Grin through 2.1.1 has Insufficient Validation.",
  "aliases": [
    "CVE-2020-6638"
  ],
  "modified": "2024-02-01T21:42:21.787591Z",
  "published": "2022-05-24T17:07:02Z",
  "database_specific": {
    "nvd_published_at": "2020-01-21T20:15:00Z",
    "cwe_ids": [
      "CWE-20"
    ],
    "severity": "HIGH",
    "github_reviewed": true,
    "github_reviewed_at": "2024-02-01T21:24:14Z"
  },
  "references": [
    {
      "type": "ADVISORY",
      "url": "https://nvd.nist.gov/vuln/detail/CVE-2020-6638"
    },
    {
      "type": "WEB",
      "url": "https://github.com/mimblewimble/grin-security/blob/master/CVEs/CVE-2020-6638.md"
    },
    {
      "type": "WEB",
      "url": "https://github.com/mimblewimble/grin/compare/v2.1.1...v3.0.0"
    }
  ],
  "affected": [
    {
      "package": {
        "name": "grin",
        "ecosystem": "crates.io",
        "purl": "pkg:cargo/grin"
      },
      "ranges": [
        {
          "type": "SEMVER",
          "events": [
            {
              "introduced": "0"
            },
            {
              "fixed": "3.0.0"
            }
          ]
        }
      ],
      "database_specific": {
        "source": "https://github.com/github/advisory-database/blob/main/advisories/github-reviewed/2022/05/GHSA-7w6p-rwhg-7h3g/GHSA-7w6p-rwhg-7h3g.json"
      }
    }
  ],
  "schema_version": "1.6.0",
  "severity": [
    {
      "type": "CVSS_V3",
      "score": "CVSS:3.1/AV:N/AC:L/PR:N/UI:N/S:U/C:N/I:N/A:H"
    }
  ]
}