{
  "id": "GHSA-f8vr-r385-rh5r",
  "summary": "h2 vulnerable to denial of service",
  "details": "Hyper is an HTTP library for Rust and h2 is an HTTP 2.0 client & server implementation for Rust. An issue was discovered in h2 v0.2.4 when processing header frames. It incorrectly processes the HTTP2 `RST_STREAM` frames by not always releasing the memory immediately upon receiving the reset frame, leading to stream stacking. As a result, the memory and CPU usage are high which can lead to a Denial of Service (DoS).\n\nThis issue affects users only when dealing with http2 connections.",
  "aliases": [
    "CVE-2023-26964",
    "RUSTSEC-2023-0034"
  ],
  "modified": "2023-11-08T04:12:03.011700Z",
  "published": "2023-04-11T15:30:30Z",
  "database_specific": {
    "nvd_published_at": "2023-04-11T14:15:00Z",
    "github_reviewed_at": "2023-04-11T21:47:01Z",
    "severity": "MODERATE",
    "github_reviewed": true,
    "cwe_ids": [
      "CWE-770"
    ]
  },
  "references": [
    {
      "type": "ADVISORY",
      "url": "https://nvd.nist.gov/vuln/detail/CVE-2023-26964"
    },
    {
      "type": "WEB",
      "url": "https://github.com/hyperium/h2/issues/621"
    },
    {
      "type": "WEB",
      "url": "https://github.com/hyperium/hyper/issues/2877"
    },
    {
      "type": "WEB",
      "url": "https://github.com/hyperium/h2/pull/668"
    },
    {
      "type": "PACKAGE",
      "url": "https://github.com/hyperium/hyper"
    },
    {
      "type": "WEB",
      "url": "https://rustsec.org/advisories/RUSTSEC-2023-0034.html"
    }
  ],
  "affected": [
    {
      "package": {
        "name": "h2",
        "ecosystem": "crates.io",
        "purl": "pkg:cargo/h2"
      },
      "ranges": [
        {
          "type": "SEMVER",
          "events": [
            {
              "introduced": "0"
            },
            {
              "fixed": "0.3.17"
            }
          ]
        }
      ],
      "database_specific": {
        "source": "https://github.com/github/advisory-database/blob/main/advisories/github-reviewed/2023/04/GHSA-f8vr-r385-rh5r/GHSA-f8vr-r385-rh5r.json"
      }
    }
  ],
  "schema_version": "1.6.0"
}