{
  "id": "GHSA-28r9-pq4c-wp3c",
  "summary": "personnummer/rust vulnerable to Improper Input Validation",
  "details": "This vulnerability was reported to the personnummer team in June 2020. The slow response was due to locked ownership of some of the affected packages, which caused delays to update packages prior to disclosure.\n\nThe vulnerability is determined to be low severity.\n\n### Impact\n\nThis vulnerability impacts users who rely on the for last digits of personnummer to be a _real_ personnummer.  \n\n### Patches\n\nThe issue have been patched in all repositories. The following versions should be updated to as soon as possible:\n\n[C#](https://github.com/advisories/GHSA-qv8q-v995-72gr) 3.0.2  \nD 3.0.1  \n[Dart](https://github.com/advisories/GHSA-4xh4-v2pq-jvhm) 3.0.3  \nElixir 3.0.0  \n[Go](https://github.com/advisories/GHSA-hv53-vf5m-8q94) 3.0.1  \n[Java](https://github.com/advisories/GHSA-q3vw-4jx3-rrr2) 3.3.0  \n[JavaScript](https://github.com/advisories/GHSA-vpgc-7h78-gx8f) 3.1.0  \nKotlin 1.1.0  \nLua 3.0.1  \n[PHP](https://github.com/advisories/GHSA-2p6g-gjp8-ggg9) 3.0.2  \nPerl 3.0.0  \n[Python](https://github.com/advisories/GHSA-rxq3-5249-8hgg) 3.0.2  \n[Ruby](https://github.com/advisories/GHSA-vp9c-fpxx-744v) 3.0.1  \n[Rust](https://github.com/advisories/GHSA-28r9-pq4c-wp3c) 3.0.0  \nScala 3.0.1  \nSwift 1.0.1  \n\nIf you are using any of the earlier packages, please update to latest.\n\n### Workarounds\n\nThe issue arrieses from the regular expression allowing the first three digits in the last four digits of the personnummer to be\n000, which is invalid. To mitigate this without upgrading, a check on the last four digits can be made to make sure it's not\n000x.\n\n### For more information\n\nIf you have any questions or comments about this advisory:\n* Open an issue in [Personnummer Meta](https://github.com/personnummer/meta/issues)\n* Email us at [Personnummer Email](mailto:security@personnummer.dev)",
  "aliases": [
    "RUSTSEC-2020-0166"
  ],
  "modified": "2023-11-08T04:13:59.081891Z",
  "published": "2022-09-21T15:36:11Z",
  "database_specific": {
    "nvd_published_at": null,
    "cwe_ids": [],
    "severity": "LOW",
    "github_reviewed": true,
    "github_reviewed_at": "2022-09-21T15:36:11Z"
  },
  "references": [
    {
      "type": "WEB",
      "url": "https://github.com/personnummer/rust/security/advisories/GHSA-28r9-pq4c-wp3c"
    },
    {
      "type": "WEB",
      "url": "https://github.com/personnummer/rust/pull/4"
    },
    {
      "type": "WEB",
      "url": "https://github.com/personnummer/rust/commit/11c3b0491b70449fb790056585ad3251b0e23acb"
    },
    {
      "type": "WEB",
      "url": "https://crates.io/crates/personnummer"
    },
    {
      "type": "WEB",
      "url": "https://github.com/personnummer/rust"
    },
    {
      "type": "WEB",
      "url": "https://github.com/personnummer/rust/releases/tag/v3.0.1"
    },
    {
      "type": "WEB",
      "url": "https://rustsec.org/advisories/RUSTSEC-2020-0166.html"
    }
  ],
  "affected": [
    {
      "package": {
        "name": "personnummer",
        "ecosystem": "crates.io",
        "purl": "pkg:cargo/personnummer"
      },
      "ranges": [
        {
          "type": "SEMVER",
          "events": [
            {
              "introduced": "0"
            },
            {
              "fixed": "3.0.1"
            }
          ]
        }
      ],
      "database_specific": {
        "source": "https://github.com/github/advisory-database/blob/main/advisories/github-reviewed/2022/09/GHSA-28r9-pq4c-wp3c/GHSA-28r9-pq4c-wp3c.json"
      }
    }
  ],
  "schema_version": "1.6.0"
}