{
  "id": "GHSA-2gxj-qrp2-53jv",
  "summary": "Incorrect reliance on Trait memory layout in mopa",
  "details": "The mopa crate redefines the deprecated TraitObject struct from core::raw. This is done to then transmute a reference to a trait object (&dyn Trait for any trait Trait) into this struct and retrieve the data field for the purpose of downcasting. This is used to implement downcast_ref_unchecked(), in terms of which downcast_ref() is also implemented. Same goes for mutable reference downcasting and Box downcasting.\n\nThe Rust compiler explicitly reserves the right to change the memory layout of &dyn Trait for any trait Trait. The worst case scenario is that it swaps data and vtable, making an executable location breach and compromisation of ASLR possible, since reads from data would read vtable instead. Likewise, arbitrary code execution is also theoretically possible if reads of vtable generated by the compiler read data instead.",
  "aliases": [
    "CVE-2021-45695",
    "GHSA-8mv5-7x95-7wcf",
    "RUSTSEC-2021-0095"
  ],
  "modified": "2023-11-08T04:07:22.377459Z",
  "published": "2022-01-06T22:11:11Z",
  "database_specific": {
    "nvd_published_at": "2021-12-27T00:15:00Z",
    "cwe_ids": [],
    "severity": "CRITICAL",
    "github_reviewed": true,
    "github_reviewed_at": "2022-01-06T14:22:40Z"
  },
  "references": [
    {
      "type": "ADVISORY",
      "url": "https://nvd.nist.gov/vuln/detail/CVE-2021-45695"
    },
    {
      "type": "WEB",
      "url": "https://github.com/chris-morgan/mopa/issues/13"
    },
    {
      "type": "PACKAGE",
      "url": "https://github.com/chris-morgan/mopa"
    },
    {
      "type": "WEB",
      "url": "https://raw.githubusercontent.com/rustsec/advisory-db/main/crates/mopa/RUSTSEC-2021-0095.md"
    },
    {
      "type": "WEB",
      "url": "https://rustsec.org/advisories/RUSTSEC-2021-0095.html"
    }
  ],
  "affected": [
    {
      "package": {
        "name": "mopa",
        "ecosystem": "crates.io",
        "purl": "pkg:cargo/mopa"
      },
      "ranges": [
        {
          "type": "SEMVER",
          "events": [
            {
              "introduced": "0"
            },
            {
              "last_affected": "0.2.2"
            }
          ]
        }
      ],
      "database_specific": {
        "source": "https://github.com/github/advisory-database/blob/main/advisories/github-reviewed/2022/01/GHSA-2gxj-qrp2-53jv/GHSA-2gxj-qrp2-53jv.json"
      }
    }
  ],
  "schema_version": "1.6.0",
  "severity": [
    {
      "type": "CVSS_V3",
      "score": "CVSS:3.1/AV:N/AC:L/PR:N/UI:N/S:U/C:H/I:H/A:H"
    }
  ]
}