{
  "id": "GHSA-96jv-r488-c2rj",
  "summary": "bzip2 allows attackers to cause a denial of service via a large file that triggers an integer overflow",
  "details": "The bzip2 crate before 0.4.4 for Rust allow attackers to cause a denial of service via a large file that triggers an integer overflow in `mem.rs`. NOTE: this is unrelated to the https://crates.io/crates/bzip2-rs product.",
  "aliases": [
    "CVE-2023-22895",
    "RUSTSEC-2023-0004"
  ],
  "modified": "2023-11-08T04:11:39.404864Z",
  "published": "2023-01-10T03:30:29Z",
  "database_specific": {
    "nvd_published_at": "2023-01-10T01:15:00Z",
    "cwe_ids": [
      "CWE-190"
    ],
    "severity": "HIGH",
    "github_reviewed": true,
    "github_reviewed_at": "2023-01-10T22:10:17Z"
  },
  "references": [
    {
      "type": "ADVISORY",
      "url": "https://nvd.nist.gov/vuln/detail/CVE-2023-22895"
    },
    {
      "type": "WEB",
      "url": "https://github.com/alexcrichton/bzip2-rs/pull/86"
    },
    {
      "type": "WEB",
      "url": "https://github.com/alexcrichton/bzip2-rs/commit/90c9c182cd5a5ebc75810aebd89b347a7bdf590b"
    },
    {
      "type": "WEB",
      "url": "https://crates.io/crates/bzip2/versions"
    },
    {
      "type": "PACKAGE",
      "url": "https://github.com/alexcrichton/bzip2-rs"
    },
    {
      "type": "WEB",
      "url": "https://lists.fedoraproject.org/archives/list/package-announce@lists.fedoraproject.org/message/MI5SVRSGKBWB2JGDLDVIFY5ZQVDZP6I7"
    },
    {
      "type": "WEB",
      "url": "https://lists.fedoraproject.org/archives/list/package-announce@lists.fedoraproject.org/message/SQK57GGXJX3AH7KF6S7S3N7JC5QOYUQ7"
    },
    {
      "type": "WEB",
      "url": "https://lists.fedoraproject.org/archives/list/package-announce@lists.fedoraproject.org/message/UUK2JO25PPA6XBREKJRBLRCD22LKIOLO"
    },
    {
      "type": "WEB",
      "url": "https://rustsec.org/advisories/RUSTSEC-2023-0004.html"
    }
  ],
  "affected": [
    {
      "package": {
        "name": "bzip2",
        "ecosystem": "crates.io",
        "purl": "pkg:cargo/bzip2"
      },
      "ranges": [
        {
          "type": "SEMVER",
          "events": [
            {
              "introduced": "0"
            },
            {
              "fixed": "0.4.4"
            }
          ]
        }
      ],
      "database_specific": {
        "source": "https://github.com/github/advisory-database/blob/main/advisories/github-reviewed/2023/01/GHSA-96jv-r488-c2rj/GHSA-96jv-r488-c2rj.json"
      }
    }
  ],
  "schema_version": "1.6.0",
  "severity": [
    {
      "type": "CVSS_V3",
      "score": "CVSS:3.1/AV:N/AC:L/PR:N/UI:N/S:U/C:N/I:N/A:H"
    }
  ]
}