{
  "id": "GHSA-4x25-pvhw-5224",
  "summary": "Algorithms compute incorrect results in blake2",
  "details": "An issue was discovered in the blake2 crate before 0.8.1 for Rust. The BLAKE2b and BLAKE2s algorithms, when used with HMAC, produce incorrect results because the block sizes are half of the required sizes.",
  "aliases": [
    "CVE-2019-16143",
    "RUSTSEC-2019-0019"
  ],
  "modified": "2023-11-08T04:01:16.407154Z",
  "published": "2021-08-25T20:44:20Z",
  "database_specific": {
    "nvd_published_at": "2019-09-09T12:15:00Z",
    "cwe_ids": [
      "CWE-327"
    ],
    "severity": "CRITICAL",
    "github_reviewed": true,
    "github_reviewed_at": "2021-08-19T21:22:54Z"
  },
  "references": [
    {
      "type": "ADVISORY",
      "url": "https://nvd.nist.gov/vuln/detail/CVE-2019-16143"
    },
    {
      "type": "WEB",
      "url": "https://github.com/RustCrypto/MACs/issues/19"
    },
    {
      "type": "PACKAGE",
      "url": "https://github.com/RustCrypto/hashes/tree/master/blake2"
    },
    {
      "type": "WEB",
      "url": "https://rustsec.org/advisories/RUSTSEC-2019-0019.html"
    }
  ],
  "affected": [
    {
      "package": {
        "name": "blake2",
        "ecosystem": "crates.io",
        "purl": "pkg:cargo/blake2"
      },
      "ranges": [
        {
          "type": "SEMVER",
          "events": [
            {
              "introduced": "0"
            },
            {
              "fixed": "0.8.1"
            }
          ]
        }
      ],
      "database_specific": {
        "source": "https://github.com/github/advisory-database/blob/main/advisories/github-reviewed/2021/08/GHSA-4x25-pvhw-5224/GHSA-4x25-pvhw-5224.json"
      }
    }
  ],
  "schema_version": "1.6.0",
  "severity": [
    {
      "type": "CVSS_V3",
      "score": "CVSS:3.1/AV:N/AC:L/PR:N/UI:N/S:U/C:H/I:H/A:H"
    }
  ]
}