{
  "id": "GHSA-2rxc-8f9w-fjq8",
  "summary": "Window may read from uninitialized memory locations in rdiff",
  "details": "An issue was discovered in the rdiff crate through version 0.1.2 for Rust. Window may read from uninitialized memory locations.",
  "aliases": [
    "CVE-2021-45694",
    "GHSA-q579-9wp9-gfp2",
    "RUSTSEC-2021-0094"
  ],
  "modified": "2023-11-08T04:07:22.314410Z",
  "published": "2022-01-06T22:14:13Z",
  "database_specific": {
    "nvd_published_at": "2021-12-27T00:15:00Z",
    "cwe_ids": [
      "CWE-908"
    ],
    "severity": "HIGH",
    "github_reviewed": true,
    "github_reviewed_at": "2022-01-06T14:39:27Z"
  },
  "references": [
    {
      "type": "ADVISORY",
      "url": "https://nvd.nist.gov/vuln/detail/CVE-2021-45694"
    },
    {
      "type": "WEB",
      "url": "https://github.com/dyule/rdiff/issues/3"
    },
    {
      "type": "PACKAGE",
      "url": "https://github.com/dyule/rdiff"
    },
    {
      "type": "WEB",
      "url": "https://raw.githubusercontent.com/rustsec/advisory-db/main/crates/rdiff/RUSTSEC-2021-0094.md"
    },
    {
      "type": "WEB",
      "url": "https://rustsec.org/advisories/RUSTSEC-2021-0094.html"
    }
  ],
  "affected": [
    {
      "package": {
        "name": "rdiff",
        "ecosystem": "crates.io",
        "purl": "pkg:cargo/rdiff"
      },
      "ranges": [
        {
          "type": "SEMVER",
          "events": [
            {
              "introduced": "0"
            },
            {
              "last_affected": "0.1.2"
            }
          ]
        }
      ],
      "database_specific": {
        "source": "https://github.com/github/advisory-database/blob/main/advisories/github-reviewed/2022/01/GHSA-2rxc-8f9w-fjq8/GHSA-2rxc-8f9w-fjq8.json"
      }
    }
  ],
  "schema_version": "1.6.0",
  "severity": [
    {
      "type": "CVSS_V3",
      "score": "CVSS:3.1/AV:N/AC:L/PR:N/UI:N/S:U/C:H/I:N/A:N"
    }
  ]
}