{
  "id": "GHSA-fc4h-xcf3-qj5f",
  "summary": "matrix-sdk 0.6.0 logs access tokens",
  "details": "When sending Matrix requests using an affected version of `matrix-sdk` in an application that writes logs using `tracing-subscriber` (in a way that includes fields of tracing spans such as `tracing_subscriber`s default text output from the `fmt` module), these logs will contain the user's access token.\n",
  "aliases": [
    "RUSTSEC-2022-0062"
  ],
  "modified": "2023-11-08T04:18:56.332015Z",
  "published": "2022-10-25T20:22:19Z",
  "database_specific": {
    "nvd_published_at": null,
    "github_reviewed_at": "2022-10-25T20:22:19Z",
    "severity": "MODERATE",
    "github_reviewed": true,
    "cwe_ids": []
  },
  "references": [
    {
      "type": "WEB",
      "url": "https://github.com/matrix-org/matrix-rust-sdk/issues/1110"
    },
    {
      "type": "PACKAGE",
      "url": "https://github.com/matrix-org/matrix-rust-sdk"
    },
    {
      "type": "WEB",
      "url": "https://rustsec.org/advisories/RUSTSEC-2022-0062.html"
    }
  ],
  "affected": [
    {
      "package": {
        "name": "matrix-sdk",
        "ecosystem": "crates.io",
        "purl": "pkg:cargo/matrix-sdk"
      },
      "ranges": [
        {
          "type": "SEMVER",
          "events": [
            {
              "introduced": "0.6.0"
            },
            {
              "fixed": "0.6.2"
            }
          ]
        }
      ],
      "database_specific": {
        "source": "https://github.com/github/advisory-database/blob/main/advisories/github-reviewed/2022/10/GHSA-fc4h-xcf3-qj5f/GHSA-fc4h-xcf3-qj5f.json"
      }
    }
  ],
  "schema_version": "1.6.0"
}