{
  "id": "GHSA-c827-hfw6-qwvm",
  "summary": "rustix's `rustix::fs::Dir` iterator with the `linux_raw` backend can cause memory explosion",
  "details": "### Summary\n\nWhen using `rustix::fs::Dir` using the `linux_raw` backend, it's possible for the iterator to \"get stuck\" when an IO error is encountered. Combined with a memory over-allocation issue in `rustix::fs::Dir::read_more`, this can cause quick and unbounded memory explosion (gigabytes in a few seconds if used on a hot path) and eventually lead to an OOM crash of the application.\n\n### Details\n\n#### Discovery\n\nThe symptoms were initially discovered in https://github.com/imsnif/bandwhich/issues/284. That post has lots of details of our investigation. See [this post](https://github.com/imsnif/bandwhich/issues/284#issuecomment-1754321993) and the [Discord thread](https://discord.com/channels/273534239310479360/1161137828395237556) for details.\n\n#### Diagnosis\n\nThis issue is caused by the combination of two independent bugs:\n\n1. Stuck iterator\n- The `rustix::fs::Dir` iterator can fail to halt after encountering an IO error, causing the caller to be stuck in an infinite loop.\n2. Memory over-allocation\n- `Dir::read_more` incorrectly grows the read buffer unconditionally each time it is called, regardless of necessity.\n\nSince `<Dir as Iterator>::next` calls `Dir::read`, which in turn calls `Dir::read_more`, this means an IO error encountered during reading a directory can lead to rapid and unbounded growth of memory use.\n\n### PoC\n\n```rust\nfn main() -> Result<(), Box<dyn std::error::Error>> {\n    // create a directory, get a FD to it, then unlink the directory but keep the FD\n    std::fs::create_dir(\"tmp_dir\")?;\n    let dir_fd = rustix::fs::openat(\n        rustix::fs::CWD,\n        rustix::cstr!(\"tmp_dir\"),\n        rustix::fs::OFlags::RDONLY | rustix::fs::OFlags::CLOEXEC,\n        rustix::fs::Mode::empty(),\n    )?;\n    std::fs::remove_dir(\"tmp_dir\")?;\n\n    // iterator gets stuck in infinite loop and memory explodes\n    rustix::fs::Dir::read_from(dir_fd)?\n        // the iterator keeps returning `Some(Err(_))`, but never halts by returning `None`\n        // therefore if the implementation ignores the error (or otherwise continues\n        // after seeing the error instead of breaking), the loop will not halt\n        .filter_map(|dirent_maybe_error| dirent_maybe_error.ok())\n        .for_each(|dirent| {\n            // your happy path\n            println!(\"{dirent:?}\");\n        });\n\n    Ok(())\n}\n```\n\n### Impact\n\nIf a program tries to access a directory with its file descriptor after the file has been unlinked (or any other action that leaves the `Dir` iterator in the stuck state), and the implementation does not break after seeing an error, it can cause a memory explosion.\n\nAs an example, Linux's various virtual file systems (e.g. `/proc`, `/sys`) can contain directories that spontaneously pop in and out of existence. Attempting to iterate over them using `rustix::fs::Dir` directly or indirectly (e.g. with the `procfs` crate) can trigger this fault condition if the implementation decides to continue on errors.\n\nAn attacker knowledgeable about the implementation details of a vulnerable target can therefore try to trigger this fault condition via any one or a combination of several available APIs. If successful, the application host will quickly run out of memory, after which the application will likely be terminated by an OOM killer, leading to denial of service.",
  "aliases": [
    "CVE-2024-43806"
  ],
  "modified": "2024-08-27T14:22:19Z",
  "published": "2023-10-18T18:27:47Z",
  "database_specific": {
    "nvd_published_at": "2024-08-26T19:15:08Z",
    "cwe_ids": [
      "CWE-400"
    ],
    "severity": "MODERATE",
    "github_reviewed": true,
    "github_reviewed_at": "2023-10-18T18:27:47Z"
  },
  "references": [
    {
      "type": "WEB",
      "url": "https://github.com/bytecodealliance/rustix/security/advisories/GHSA-c827-hfw6-qwvm"
    },
    {
      "type": "ADVISORY",
      "url": "https://nvd.nist.gov/vuln/detail/CVE-2024-43806"
    },
    {
      "type": "WEB",
      "url": "https://github.com/imsnif/bandwhich/issues/284"
    },
    {
      "type": "WEB",
      "url": "https://github.com/imsnif/bandwhich/issues/284#issuecomment-1754321993"
    },
    {
      "type": "WEB",
      "url": "https://github.com/bytecodealliance/rustix/commit/31fd98ca723b93cc6101a3e29843ea5cf094e159"
    },
    {
      "type": "WEB",
      "url": "https://github.com/bytecodealliance/rustix/commit/87481a97f4364d12d5d6f30cdd025a0fc509b8ec"
    },
    {
      "type": "WEB",
      "url": "https://github.com/bytecodealliance/rustix/commit/df3c3a192cf144af0da8a57417fb4addbdc611f6"
    },
    {
      "type": "WEB",
      "url": "https://github.com/bytecodealliance/rustix/commit/eecece4a84fc58eafdc809cc2cedd374dee876a5"
    },
    {
      "type": "WEB",
      "url": "https://discord.com/channels/273534239310479360/1161137828395237556"
    },
    {
      "type": "PACKAGE",
      "url": "https://github.com/bytecodealliance/rustix"
    }
  ],
  "affected": [
    {
      "package": {
        "name": "rustix",
        "ecosystem": "crates.io",
        "purl": "pkg:cargo/rustix"
      },
      "ranges": [
        {
          "type": "SEMVER",
          "events": [
            {
              "introduced": "0.35.11"
            },
            {
              "fixed": "0.35.15"
            }
          ]
        }
      ],
      "database_specific": {
        "source": "https://github.com/github/advisory-database/blob/main/advisories/github-reviewed/2023/10/GHSA-c827-hfw6-qwvm/GHSA-c827-hfw6-qwvm.json"
      }
    },
    {
      "package": {
        "name": "rustix",
        "ecosystem": "crates.io",
        "purl": "pkg:cargo/rustix"
      },
      "ranges": [
        {
          "type": "SEMVER",
          "events": [
            {
              "introduced": "0.36.0"
            },
            {
              "fixed": "0.36.16"
            }
          ]
        }
      ],
      "database_specific": {
        "source": "https://github.com/github/advisory-database/blob/main/advisories/github-reviewed/2023/10/GHSA-c827-hfw6-qwvm/GHSA-c827-hfw6-qwvm.json"
      }
    },
    {
      "package": {
        "name": "rustix",
        "ecosystem": "crates.io",
        "purl": "pkg:cargo/rustix"
      },
      "ranges": [
        {
          "type": "SEMVER",
          "events": [
            {
              "introduced": "0.37.0"
            },
            {
              "fixed": "0.37.25"
            }
          ]
        }
      ],
      "database_specific": {
        "source": "https://github.com/github/advisory-database/blob/main/advisories/github-reviewed/2023/10/GHSA-c827-hfw6-qwvm/GHSA-c827-hfw6-qwvm.json"
      }
    },
    {
      "package": {
        "name": "rustix",
        "ecosystem": "crates.io",
        "purl": "pkg:cargo/rustix"
      },
      "ranges": [
        {
          "type": "SEMVER",
          "events": [
            {
              "introduced": "0.38.0"
            },
            {
              "fixed": "0.38.19"
            }
          ]
        }
      ],
      "database_specific": {
        "source": "https://github.com/github/advisory-database/blob/main/advisories/github-reviewed/2023/10/GHSA-c827-hfw6-qwvm/GHSA-c827-hfw6-qwvm.json"
      }
    }
  ],
  "schema_version": "1.6.0",
  "severity": [
    {
      "type": "CVSS_V3",
      "score": "CVSS:3.1/AV:N/AC:L/PR:L/UI:N/S:U/C:N/I:N/A:H"
    }
  ]
}