{
  "id": "GHSA-gh87-6jr3-8q47",
  "summary": "Null pointer deference in cache",
  "details": "An issue was discovered in the cache crate through 2021-01-01 for Rust. A raw pointer is dereferenced.",
  "aliases": [
    "CVE-2021-25903",
    "RUSTSEC-2021-0006"
  ],
  "modified": "2023-11-08T04:05:16.675296Z",
  "published": "2021-08-25T20:52:57Z",
  "database_specific": {
    "nvd_published_at": null,
    "github_reviewed_at": "2021-08-19T18:45:43Z",
    "severity": "HIGH",
    "github_reviewed": true,
    "cwe_ids": [
      "CWE-476"
    ]
  },
  "references": [
    {
      "type": "ADVISORY",
      "url": "https://nvd.nist.gov/vuln/detail/CVE-2021-25903"
    },
    {
      "type": "WEB",
      "url": "https://github.com/krl/cache/issues/2"
    },
    {
      "type": "PACKAGE",
      "url": "https://github.com/krl/cache"
    },
    {
      "type": "WEB",
      "url": "https://rustsec.org/advisories/RUSTSEC-2021-0006.html"
    }
  ],
  "affected": [
    {
      "package": {
        "name": "cache",
        "ecosystem": "crates.io",
        "purl": "pkg:cargo/cache"
      },
      "ranges": [
        {
          "type": "SEMVER",
          "events": [
            {
              "introduced": "0"
            },
            {
              "last_affected": "0.1.0"
            }
          ]
        }
      ],
      "database_specific": {
        "source": "https://github.com/github/advisory-database/blob/main/advisories/github-reviewed/2021/08/GHSA-gh87-6jr3-8q47/GHSA-gh87-6jr3-8q47.json"
      }
    }
  ],
  "schema_version": "1.6.0",
  "severity": [
    {
      "type": "CVSS_V3",
      "score": "CVSS:3.1/AV:N/AC:L/PR:N/UI:N/S:U/C:N/I:N/A:H"
    }
  ]
}