{
  "id": "GHSA-fjr6-hm39-4cf9",
  "summary": "Double free in basic_dsp_matrix",
  "details": "An issue was discovered in the basic_dsp_matrix crate before 0.9.2 for Rust. When a TransformContent panic occurs, a double drop can be performed.",
  "aliases": [
    "CVE-2021-25906",
    "RUSTSEC-2021-0009"
  ],
  "modified": "2023-11-08T04:05:16.857288Z",
  "published": "2021-08-25T20:52:50Z",
  "database_specific": {
    "nvd_published_at": null,
    "github_reviewed_at": "2021-08-19T18:46:23Z",
    "severity": "HIGH",
    "github_reviewed": true,
    "cwe_ids": [
      "CWE-415"
    ]
  },
  "references": [
    {
      "type": "ADVISORY",
      "url": "https://nvd.nist.gov/vuln/detail/CVE-2021-25906"
    },
    {
      "type": "WEB",
      "url": "https://github.com/liebharc/basic_dsp/issues/47"
    },
    {
      "type": "PACKAGE",
      "url": "https://github.com/liebharc/basic_dsp"
    },
    {
      "type": "WEB",
      "url": "https://rustsec.org/advisories/RUSTSEC-2021-0009.html"
    }
  ],
  "affected": [
    {
      "package": {
        "name": "basic_dsp_matrix",
        "ecosystem": "crates.io",
        "purl": "pkg:cargo/basic_dsp_matrix"
      },
      "ranges": [
        {
          "type": "SEMVER",
          "events": [
            {
              "introduced": "0"
            },
            {
              "fixed": "0.9.2"
            }
          ]
        }
      ],
      "database_specific": {
        "source": "https://github.com/github/advisory-database/blob/main/advisories/github-reviewed/2021/08/GHSA-fjr6-hm39-4cf9/GHSA-fjr6-hm39-4cf9.json"
      }
    }
  ],
  "schema_version": "1.6.0",
  "severity": [
    {
      "type": "CVSS_V3",
      "score": "CVSS:3.1/AV:N/AC:L/PR:N/UI:N/S:U/C:N/I:N/A:H"
    }
  ]
}