{
  "id": "GHSA-3358-4f7f-p4j4",
  "summary": "Use after free in generic-array",
  "details": "An issue was discovered in the generic-array crate before 0.13.3 for Rust. It violates soundness by using the arr! macro to extend lifetimes.",
  "aliases": [
    "CVE-2020-36465",
    "RUSTSEC-2020-0146"
  ],
  "modified": "2023-11-08T04:03:46.503418Z",
  "published": "2021-08-25T20:56:12Z",
  "database_specific": {
    "nvd_published_at": "2021-08-08T06:15:00Z",
    "github_reviewed_at": "2021-08-18T21:16:25Z",
    "severity": "HIGH",
    "github_reviewed": true,
    "cwe_ids": [
      "CWE-416"
    ]
  },
  "references": [
    {
      "type": "ADVISORY",
      "url": "https://nvd.nist.gov/vuln/detail/CVE-2020-36465"
    },
    {
      "type": "WEB",
      "url": "https://github.com/fizyk20/generic-array/issues/98"
    },
    {
      "type": "PACKAGE",
      "url": "https://github.com/fizyk20/generic-array"
    },
    {
      "type": "WEB",
      "url": "https://rustsec.org/advisories/RUSTSEC-2020-0146.html"
    }
  ],
  "affected": [
    {
      "package": {
        "name": "generic-array",
        "ecosystem": "crates.io",
        "purl": "pkg:cargo/generic-array"
      },
      "ranges": [
        {
          "type": "SEMVER",
          "events": [
            {
              "introduced": "0.13.0"
            },
            {
              "fixed": "0.13.3"
            }
          ]
        }
      ],
      "database_specific": {
        "source": "https://github.com/github/advisory-database/blob/main/advisories/github-reviewed/2021/08/GHSA-3358-4f7f-p4j4/GHSA-3358-4f7f-p4j4.json"
      }
    },
    {
      "package": {
        "name": "generic-array",
        "ecosystem": "crates.io",
        "purl": "pkg:cargo/generic-array"
      },
      "ranges": [
        {
          "type": "SEMVER",
          "events": [
            {
              "introduced": "0.12.0"
            },
            {
              "fixed": "0.12.4"
            }
          ]
        }
      ],
      "database_specific": {
        "source": "https://github.com/github/advisory-database/blob/main/advisories/github-reviewed/2021/08/GHSA-3358-4f7f-p4j4/GHSA-3358-4f7f-p4j4.json"
      }
    },
    {
      "package": {
        "name": "generic-array",
        "ecosystem": "crates.io",
        "purl": "pkg:cargo/generic-array"
      },
      "ranges": [
        {
          "type": "SEMVER",
          "events": [
            {
              "introduced": "0.11.0"
            },
            {
              "fixed": "0.11.2"
            }
          ]
        }
      ],
      "database_specific": {
        "source": "https://github.com/github/advisory-database/blob/main/advisories/github-reviewed/2021/08/GHSA-3358-4f7f-p4j4/GHSA-3358-4f7f-p4j4.json"
      }
    },
    {
      "package": {
        "name": "generic-array",
        "ecosystem": "crates.io",
        "purl": "pkg:cargo/generic-array"
      },
      "ranges": [
        {
          "type": "SEMVER",
          "events": [
            {
              "introduced": "0.10.0"
            },
            {
              "fixed": "0.10.1"
            }
          ]
        }
      ],
      "database_specific": {
        "source": "https://github.com/github/advisory-database/blob/main/advisories/github-reviewed/2021/08/GHSA-3358-4f7f-p4j4/GHSA-3358-4f7f-p4j4.json"
      }
    },
    {
      "package": {
        "name": "generic-array",
        "ecosystem": "crates.io",
        "purl": "pkg:cargo/generic-array"
      },
      "ranges": [
        {
          "type": "SEMVER",
          "events": [
            {
              "introduced": "0.8.0"
            },
            {
              "fixed": "0.9.1"
            }
          ]
        }
      ],
      "database_specific": {
        "source": "https://github.com/github/advisory-database/blob/main/advisories/github-reviewed/2021/08/GHSA-3358-4f7f-p4j4/GHSA-3358-4f7f-p4j4.json"
      }
    }
  ],
  "schema_version": "1.6.0",
  "severity": [
    {
      "type": "CVSS_V3",
      "score": "CVSS:3.1/AV:N/AC:L/PR:N/UI:N/S:U/C:N/I:N/A:H"
    }
  ]
}