{
  "id": "GHSA-c2hf-vcmr-qjrf",
  "summary": "Apache Arrow Rust Object Store: AWS WebIdentityToken exposure in log files",
  "details": "Exposure of temporary credentials in logs\u00a0in Apache Arrow Rust Object Store (`object_store` crate), version 0.10.1 and earlier on all platforms using AWS WebIdentityTokens.\u00a0\n\nOn certain error conditions, the logs may contain the OIDC token passed to  AssumeRoleWithWebIdentity https://docs.aws.amazon.com/STS/latest/APIReference/API_AssumeRoleWithWebIdentity.html . This allows someone with access to the logs to impersonate that identity, including performing their own calls to AssumeRoleWithWebIdentity, until the OIDC token expires. Typically OIDC tokens are valid for up to an hour, although this will vary depending on the issuer.\n\nUsers are recommended to use a different AWS authentication mechanism, disable logging or upgrade to version 0.10.2, which fixes this issue.\n\nDetails:\n\nWhen using AWS WebIdentityTokens with the object_store crate, in the event of a failure and automatic retry, the underlying reqwest error, including the full URL with the credentials, potentially in the parameters, is written to the logs.\u00a0\n\nThanks to Paul\u00a0Hatcherian for reporting this vulnerability",
  "aliases": [
    "CVE-2024-41178",
    "RUSTSEC-2024-0358"
  ],
  "modified": "2024-07-24T15:28:55.143331Z",
  "published": "2024-07-23T18:31:07Z",
  "related": [
    "CGA-459m-ww6x-8hw2"
  ],
  "database_specific": {
    "nvd_published_at": "2024-07-23T17:15:12Z",
    "cwe_ids": [
      "CWE-532"
    ],
    "severity": "MODERATE",
    "github_reviewed": true,
    "github_reviewed_at": "2024-07-24T14:59:02Z"
  },
  "references": [
    {
      "type": "ADVISORY",
      "url": "https://nvd.nist.gov/vuln/detail/CVE-2024-41178"
    },
    {
      "type": "WEB",
      "url": "https://github.com/apache/arrow-rs/pull/6074"
    },
    {
      "type": "WEB",
      "url": "https://github.com/apache/arrow-rs/commit/4978e32654235f569062f2cad6c7361e410f1254"
    },
    {
      "type": "PACKAGE",
      "url": "https://github.com/apache/arrow-rs"
    },
    {
      "type": "WEB",
      "url": "https://lists.apache.org/thread/3t0povdppnt2czv6crlsqhvyko93kcrg"
    },
    {
      "type": "WEB",
      "url": "https://rustsec.org/advisories/RUSTSEC-2024-0358.html"
    },
    {
      "type": "WEB",
      "url": "http://www.openwall.com/lists/oss-security/2024/07/23/3"
    }
  ],
  "affected": [
    {
      "package": {
        "name": "object_store",
        "ecosystem": "crates.io",
        "purl": "pkg:cargo/object_store"
      },
      "ranges": [
        {
          "type": "SEMVER",
          "events": [
            {
              "introduced": "0.5.0"
            },
            {
              "fixed": "0.10.2"
            }
          ]
        }
      ],
      "database_specific": {
        "source": "https://github.com/github/advisory-database/blob/main/advisories/github-reviewed/2024/07/GHSA-c2hf-vcmr-qjrf/GHSA-c2hf-vcmr-qjrf.json"
      }
    }
  ],
  "schema_version": "1.6.0",
  "severity": [
    {
      "type": "CVSS_V3",
      "score": "CVSS:3.1/AV:L/AC:L/PR:L/UI:N/S:C/C:L/I:N/A:N"
    },
    {
      "type": "CVSS_V4",
      "score": "CVSS:4.0/AV:L/AC:L/AT:N/PR:L/UI:N/VC:L/VI:N/VA:N/SC:L/SI:L/SA:N"
    }
  ]
}