{
  "id": "GHSA-hw4v-5x4h-c3xm",
  "summary": "Transaction validity oversight in pallet-ethereum",
  "details": "### Impact\n\nA bug in `pallet-ethereum` can cause invalid transactions to be included in the Ethereum block state in `pallet-ethereum` due to not validating the input data size. Any invalid transactions included this way have no possibility to alter the internal Ethereum or Substrate state. The transaction will appear to have be included, but is of no effect as it is rejected by the EVM engine. The impact is further limited by Substrate extrinsic size constraints.\n\n### Patches\n\nPatches are applied in PR #465.\n\n### Workarounds\n\nNone.\n\n### References\n\nPatch PR: https://github.com/paritytech/frontier/pull/465\n\n### For more information\n\nIf you have any questions or comments about this advisory:\n* Open an issue in the [Frontier repo](https://github.com/paritytech/frontier)\n",
  "aliases": [
    "CVE-2021-39193"
  ],
  "modified": "2023-11-08T04:06:33.269608Z",
  "published": "2021-09-01T18:22:48Z",
  "database_specific": {
    "nvd_published_at": "2021-09-03T18:15:00Z",
    "cwe_ids": [
      "CWE-1284",
      "CWE-20"
    ],
    "severity": "MODERATE",
    "github_reviewed": true,
    "github_reviewed_at": "2021-09-01T18:16:10Z"
  },
  "references": [
    {
      "type": "WEB",
      "url": "https://github.com/paritytech/frontier/security/advisories/GHSA-hw4v-5x4h-c3xm"
    },
    {
      "type": "ADVISORY",
      "url": "https://nvd.nist.gov/vuln/detail/CVE-2021-39193"
    },
    {
      "type": "WEB",
      "url": "https://github.com/paritytech/frontier/pull/465"
    },
    {
      "type": "WEB",
      "url": "https://github.com/paritytech/frontier/pull/465/commits/8a2b890a2fb477d5fedd0e4335b00623832849ae"
    },
    {
      "type": "WEB",
      "url": "https://github.com/paritytech/frontier/commit/0b962f218f0cdd796dadfe26c3f09e68f7861b26"
    },
    {
      "type": "WEB",
      "url": "https://github.com/paritytech/frontier/commit/dd112e"
    },
    {
      "type": "PACKAGE",
      "url": "https://github.com/paritytech/frontier"
    }
  ],
  "affected": [
    {
      "package": {
        "name": "frontier",
        "ecosystem": "crates.io",
        "purl": "pkg:cargo/frontier"
      },
      "ranges": [
        {
          "type": "SEMVER",
          "events": [
            {
              "introduced": "0"
            },
            {
              "last_affected": "0.1.0"
            }
          ]
        }
      ],
      "database_specific": {
        "source": "https://github.com/github/advisory-database/blob/main/advisories/github-reviewed/2021/09/GHSA-hw4v-5x4h-c3xm/GHSA-hw4v-5x4h-c3xm.json"
      }
    }
  ],
  "schema_version": "1.6.0",
  "severity": [
    {
      "type": "CVSS_V3",
      "score": "CVSS:3.1/AV:N/AC:L/PR:N/UI:N/S:U/C:N/I:L/A:N"
    }
  ]
}