{
  "id": "GHSA-8xff-473h-f863",
  "summary": "Uncaught Exception Handling Parsing Errors on Line Terminators",
  "details": "The span rendering would panic when handling failed parsing of queries where the error occurred on a line terminator character.\n\n### Impact\n\nA client that is authorized to run queries in a SurrealDB server is able to execute a malformed query which will fail to parse on a line terminator character and cause a panic in the span rendering code. This will crash the server, leading to denial of service.\n\n### Patches\n\n- Version 1.2.1 and later are not affected by this issue.\n\n### Workarounds\n\nConcerned users unable to update may want to limit the ability of untrusted users to run arbitrary SurrealQL queries in the affected versions of SurrealDB. To limit the impact of the denial of service, SurrealDB administrators may also want to ensure that the SurrealDB process is running so that it can be automatically re-started after a crash.\n\n### References\n\n- #3527\n- https://github.com/StarlaneStudios/Surrealist/issues/177",
  "modified": "2024-02-21T00:00:54Z",
  "published": "2024-02-21T00:00:54Z",
  "database_specific": {
    "nvd_published_at": null,
    "cwe_ids": [
      "CWE-248"
    ],
    "severity": "MODERATE",
    "github_reviewed": true,
    "github_reviewed_at": "2024-02-21T00:00:54Z"
  },
  "references": [
    {
      "type": "WEB",
      "url": "https://github.com/surrealdb/surrealdb/security/advisories/GHSA-8xff-473h-f863"
    },
    {
      "type": "WEB",
      "url": "https://github.com/StarlaneStudios/Surrealist/issues/177"
    },
    {
      "type": "PACKAGE",
      "url": "https://github.com/surrealdb/surrealdb"
    }
  ],
  "affected": [
    {
      "package": {
        "name": "surrealdb",
        "ecosystem": "crates.io",
        "purl": "pkg:cargo/surrealdb"
      },
      "ranges": [
        {
          "type": "SEMVER",
          "events": [
            {
              "introduced": "0"
            },
            {
              "fixed": "1.2.1"
            }
          ]
        }
      ],
      "database_specific": {
        "last_known_affected_version_range": "<= 1.2.0",
        "source": "https://github.com/github/advisory-database/blob/main/advisories/github-reviewed/2024/02/GHSA-8xff-473h-f863/GHSA-8xff-473h-f863.json"
      }
    }
  ],
  "schema_version": "1.6.0",
  "severity": [
    {
      "type": "CVSS_V3",
      "score": "CVSS:3.1/AV:N/AC:L/PR:L/UI:N/S:U/C:N/I:N/A:H"
    }
  ]
}