{
  "id": "GHSA-862g-9h5m-m3qv",
  "summary": "coreos-installer < 0.10.0 writes world-readable Ignition config to installed system",
  "details": "### Impact\nOn systems installed with coreos-installer before 0.10.0, the user-provided Ignition config was written to `/boot/ignition/config.ign` with world-readable permissions, granting unprivileged users access to any secrets included in the config.\n\nDefault configurations of Fedora CoreOS and RHEL CoreOS do not include any unprivileged user accounts.  In addition, instances launched from a cloud image, and systems provisioned with the `ignition.config.url` kernel argument, do not use the `config.ign` file and are unaffected.\n\n### Patches\ncoreos-installer 0.10.0 and later [writes](https://github.com/coreos/coreos-installer/pull/571) the Ignition config with restricted permissions.\n\n### Workarounds\n\nOn Fedora CoreOS systems installed from version 34.20210711.3.0 (stable), 34.20210711.2.0 (testing), 34.20210711.1.1 (next) and later, the `/boot/ignition` directory and its contents are removed after provisioning is complete. All Fedora CoreOS systems that have updated to these versions or later have automatically removed the `/boot/ignition` directory and no action is required.\n\nOn other systems, `/boot/ignition/config.ign` can be removed manually, as it is not used after provisioning is complete:\n\n```\nsudo mount -o remount,rw /boot\nsudo rm -rf /boot/ignition\n```\n\n### References\nFor more information, see https://github.com/coreos/fedora-coreos-tracker/issues/889.\n\n### For more information\nIf you have any questions or comments about this advisory, [open an issue in coreos-installer](https://github.com/coreos/coreos-installer/issues/new/choose) or email the CoreOS [development mailing list](https://lists.fedoraproject.org/archives/list/coreos@lists.fedoraproject.org/).",
  "aliases": [
    "CVE-2021-3917"
  ],
  "modified": "2023-11-08T04:06:32.214668Z",
  "published": "2021-11-08T18:01:13Z",
  "database_specific": {
    "nvd_published_at": "2022-08-23T20:15:00Z",
    "cwe_ids": [
      "CWE-276"
    ],
    "severity": "MODERATE",
    "github_reviewed": true,
    "github_reviewed_at": "2021-11-04T17:11:09Z"
  },
  "references": [
    {
      "type": "WEB",
      "url": "https://github.com/coreos/coreos-installer/security/advisories/GHSA-862g-9h5m-m3qv"
    },
    {
      "type": "ADVISORY",
      "url": "https://nvd.nist.gov/vuln/detail/CVE-2021-3917"
    },
    {
      "type": "WEB",
      "url": "https://github.com/coreos/fedora-coreos-tracker/issues/889"
    },
    {
      "type": "WEB",
      "url": "https://github.com/coreos/coreos-installer/commit/2a36405339c87b16ed6c76e91ad5b76638fbdb0c"
    },
    {
      "type": "WEB",
      "url": "https://access.redhat.com/security/cve/CVE-2021-3917"
    },
    {
      "type": "WEB",
      "url": "https://bugzilla.redhat.com/show_bug.cgi?id=2018478"
    },
    {
      "type": "WEB",
      "url": "https://github.com/coreos/coreos-installer"
    },
    {
      "type": "WEB",
      "url": "https://github.com/coreos/coreos-installer/releases/tag/v0.10.0"
    }
  ],
  "affected": [
    {
      "package": {
        "name": "coreos-installer",
        "ecosystem": "crates.io",
        "purl": "pkg:cargo/coreos-installer"
      },
      "ranges": [
        {
          "type": "SEMVER",
          "events": [
            {
              "introduced": "0"
            },
            {
              "fixed": "0.10.0"
            }
          ]
        }
      ],
      "database_specific": {
        "source": "https://github.com/github/advisory-database/blob/main/advisories/github-reviewed/2021/11/GHSA-862g-9h5m-m3qv/GHSA-862g-9h5m-m3qv.json"
      }
    }
  ],
  "schema_version": "1.6.0",
  "severity": [
    {
      "type": "CVSS_V3",
      "score": "CVSS:3.1/AV:L/AC:L/PR:L/UI:N/S:U/C:H/I:N/A:N"
    }
  ]
}