{
  "id": "GHSA-23rx-c3g5-hv9w",
  "summary": "Deno permission escalation vulnerability via open of privileged files with missing `--deny` flag",
  "details": "The Deno sandbox may be unexpectedly weakened by allowing file read/write access to privileged files in various locations on Unix and Windows platforms. For example, reading `/proc/self/environ` may provide access equivalent to `--allow-env`, and writing `/proc/self/mem` may provide access equivalent to `--allow-all`.\n\nUsers who grant read and write access to the entire filesystem may not realize that these access to these files may have additional, unintended consequences. The documentation did not reflect that this practice should be undertaken to increase the strength of the security sandbox. \n\n### Impact\n\nUsers who run code with `--allow-read` or `--allow-write` may unexpectedly end up granting additional permissions via file-system operations.\n\n### Patches\n\nDeno 1.43 and above require explicit `--allow-all` access to read or write `/etc`, `/dev` on unix platform (as well as `/proc` and `/sys` on linux platforms), and any path starting with `\\\\` on Windows.\n\n### Workarounds\n\nThe security sandbox in previous versions of Deno allows for denial of access to these files, but it requires an explicit addition of deny flags: `--deny-read=/dev --deny-read=/sys --deny-read=/proc --deny-read=/etc --deny-write=/dev --deny-write=/sys --deny-write=/proc --deny-write=/etc`. Note that symlinks in allowed locations may defeat this protection in earlier versions of Deno.\n\n### Reporters\n\nThis vulnerability was reported by a number of analysts. Thanks to [oliver@secfault-security.com](mailto:oliver@secfault-security.com), [finn@secfault-security.com](mailto:finn@secfault-security.com), @leesh3288, and @cristianstaicu for their reports and analysis.\n",
  "aliases": [
    "CVE-2024-34346"
  ],
  "modified": "2024-05-08T15:12:03.921412Z",
  "published": "2024-05-08T14:33:16Z",
  "database_specific": {
    "nvd_published_at": "2024-05-07T21:15:09Z",
    "cwe_ids": [
      "CWE-863"
    ],
    "severity": "HIGH",
    "github_reviewed": true,
    "github_reviewed_at": "2024-05-08T14:33:16Z"
  },
  "references": [
    {
      "type": "WEB",
      "url": "https://github.com/denoland/deno/security/advisories/GHSA-23rx-c3g5-hv9w"
    },
    {
      "type": "ADVISORY",
      "url": "https://nvd.nist.gov/vuln/detail/CVE-2024-34346"
    },
    {
      "type": "PACKAGE",
      "url": "https://github.com/denoland/deno"
    }
  ],
  "affected": [
    {
      "package": {
        "name": "deno",
        "ecosystem": "crates.io",
        "purl": "pkg:cargo/deno"
      },
      "ranges": [
        {
          "type": "SEMVER",
          "events": [
            {
              "introduced": "0"
            },
            {
              "fixed": "1.43.1"
            }
          ]
        }
      ],
      "database_specific": {
        "source": "https://github.com/github/advisory-database/blob/main/advisories/github-reviewed/2024/05/GHSA-23rx-c3g5-hv9w/GHSA-23rx-c3g5-hv9w.json"
      }
    }
  ],
  "schema_version": "1.6.0",
  "severity": [
    {
      "type": "CVSS_V3",
      "score": "CVSS:3.1/AV:A/AC:L/PR:H/UI:N/S:C/C:H/I:H/A:H"
    }
  ]
}