{
  "id": "GHSA-gf93-h79q-6jjv",
  "summary": "Incorrect implementation of the Streebog hash functions in streebog",
  "details": "Internal update-sigma function was implemented incorrectly and depending on debug-assertions it could've caused an incorrect result or panic for certain inputs.",
  "aliases": [
    "CVE-2019-25006",
    "CVE-2019-25007",
    "GHSA-39wr-f4ff-xm6p",
    "RUSTSEC-2019-0030"
  ],
  "modified": "2023-11-08T04:01:32.232292Z",
  "published": "2021-08-25T20:45:41Z",
  "database_specific": {
    "nvd_published_at": "2020-12-31T10:15:14Z",
    "cwe_ids": [
      "CWE-327"
    ],
    "severity": "HIGH",
    "github_reviewed": true,
    "github_reviewed_at": "2021-08-19T21:20:49Z"
  },
  "references": [
    {
      "type": "ADVISORY",
      "url": "https://nvd.nist.gov/vuln/detail/CVE-2019-25006"
    },
    {
      "type": "WEB",
      "url": "https://github.com/RustCrypto/hashes/pull/91"
    },
    {
      "type": "PACKAGE",
      "url": "https://github.com/RustCrypto/hashes/tree/master/streebog"
    },
    {
      "type": "WEB",
      "url": "https://rustsec.org/advisories/RUSTSEC-2019-0030.html"
    }
  ],
  "affected": [
    {
      "package": {
        "name": "streebog",
        "ecosystem": "crates.io",
        "purl": "pkg:cargo/streebog"
      },
      "ranges": [
        {
          "type": "SEMVER",
          "events": [
            {
              "introduced": "0"
            },
            {
              "fixed": "0.8.0"
            }
          ]
        }
      ],
      "database_specific": {
        "source": "https://github.com/github/advisory-database/blob/main/advisories/github-reviewed/2021/08/GHSA-gf93-h79q-6jjv/GHSA-gf93-h79q-6jjv.json"
      }
    }
  ],
  "schema_version": "1.6.0",
  "severity": [
    {
      "type": "CVSS_V3",
      "score": "CVSS:3.1/AV:N/AC:L/PR:N/UI:N/S:U/C:N/I:N/A:H"
    }
  ]
}