{
  "id": "GHSA-6mv9-qcx2-3hh3",
  "summary": "Memory exhaustion in routinator",
  "details": "NLnet Labs Routinator versions 0.9.0 up to and including 0.10.1, support the gzip transfer encoding when querying RRDP repositories. This encoding can be used by an RRDP repository to cause an out-of-memory crash in these versions of Routinator. RRDP uses XML which allows arbitrary amounts of white space in the encoded data. The gzip scheme compresses such white space extremely well, leading to very small compressed files that become huge when being decompressed for further processing, big enough that Routinator runs out of memory when parsing input data waiting for the next XML element.",
  "aliases": [
    "CVE-2021-43174"
  ],
  "modified": "2023-11-08T04:07:09.172398Z",
  "published": "2021-11-11T00:55:08Z",
  "database_specific": {
    "nvd_published_at": "2021-11-09T17:15:00Z",
    "github_reviewed_at": "2021-11-10T19:04:55Z",
    "severity": "HIGH",
    "github_reviewed": true,
    "cwe_ids": [
      "CWE-787"
    ]
  },
  "references": [
    {
      "type": "ADVISORY",
      "url": "https://nvd.nist.gov/vuln/detail/CVE-2021-43174"
    },
    {
      "type": "PACKAGE",
      "url": "https://github.com/NLnetLabs/routinator"
    },
    {
      "type": "WEB",
      "url": "https://www.debian.org/security/2022/dsa-5041"
    },
    {
      "type": "WEB",
      "url": "https://www.nlnetlabs.nl/downloads/routinator/CVE-2021-43172_CVE-2021-43173_CVE-2021-43174.txt"
    }
  ],
  "affected": [
    {
      "package": {
        "name": "routinator",
        "ecosystem": "crates.io",
        "purl": "pkg:cargo/routinator"
      },
      "ranges": [
        {
          "type": "SEMVER",
          "events": [
            {
              "introduced": "0.9.0"
            },
            {
              "fixed": "0.10.2"
            }
          ]
        }
      ],
      "database_specific": {
        "source": "https://github.com/github/advisory-database/blob/main/advisories/github-reviewed/2021/11/GHSA-6mv9-qcx2-3hh3/GHSA-6mv9-qcx2-3hh3.json"
      }
    }
  ],
  "schema_version": "1.6.0",
  "severity": [
    {
      "type": "CVSS_V3",
      "score": "CVSS:3.1/AV:N/AC:L/PR:N/UI:N/S:U/C:N/I:N/A:H"
    }
  ]
}