{
  "id": "GHSA-8gf5-q9p9-wvmc",
  "summary": "Data race in atomic-option",
  "details": "An issue was discovered in the atomic-option crate through 2020-10-31 for Rust. Because AtomicOption<T> implements Sync unconditionally, a data race can occur.",
  "aliases": [
    "CVE-2020-36219",
    "RUSTSEC-2020-0113"
  ],
  "modified": "2023-11-08T04:03:42.214536Z",
  "published": "2021-08-25T20:51:42Z",
  "database_specific": {
    "nvd_published_at": "2021-01-26T18:15:00Z",
    "github_reviewed_at": "2021-08-19T18:48:32Z",
    "severity": "MODERATE",
    "github_reviewed": true,
    "cwe_ids": [
      "CWE-662"
    ]
  },
  "references": [
    {
      "type": "ADVISORY",
      "url": "https://nvd.nist.gov/vuln/detail/CVE-2020-36219"
    },
    {
      "type": "WEB",
      "url": "https://github.com/reem/rust-atomic-option/issues/4"
    },
    {
      "type": "PACKAGE",
      "url": "https://github.com/reem/rust-atomic-option"
    },
    {
      "type": "WEB",
      "url": "https://rustsec.org/advisories/RUSTSEC-2020-0113.html"
    }
  ],
  "affected": [
    {
      "package": {
        "name": "atomic-option",
        "ecosystem": "crates.io",
        "purl": "pkg:cargo/atomic-option"
      },
      "ranges": [
        {
          "type": "SEMVER",
          "events": [
            {
              "introduced": "0"
            },
            {
              "last_affected": "0.1.2"
            }
          ]
        }
      ],
      "database_specific": {
        "source": "https://github.com/github/advisory-database/blob/main/advisories/github-reviewed/2021/08/GHSA-8gf5-q9p9-wvmc/GHSA-8gf5-q9p9-wvmc.json"
      }
    }
  ],
  "schema_version": "1.6.0",
  "severity": [
    {
      "type": "CVSS_V3",
      "score": "CVSS:3.1/AV:N/AC:H/PR:N/UI:N/S:U/C:N/I:N/A:H"
    }
  ]
}