{
  "id": "GHSA-8m49-2xj8-67v9",
  "summary": "Data Loss/Denial of Service in SWHKD",
  "details": "SWHKD 1.1.5 unsafely uses the /tmp/swhks.pid pathname. There can be data loss or a denial of service. A patch is available on the `1.1.0` branch of the repository.",
  "aliases": [
    "CVE-2022-27816"
  ],
  "modified": "2023-11-08T04:09:00.749864Z",
  "published": "2022-03-31T00:00:24Z",
  "database_specific": {
    "nvd_published_at": "2022-03-30T02:15:00Z",
    "github_reviewed_at": "2022-04-01T15:15:32Z",
    "severity": "HIGH",
    "github_reviewed": true,
    "cwe_ids": [
      "CWE-59"
    ]
  },
  "references": [
    {
      "type": "ADVISORY",
      "url": "https://nvd.nist.gov/vuln/detail/CVE-2022-27816"
    },
    {
      "type": "WEB",
      "url": "https://github.com/waycrate/swhkd/commit/0b620a09605afb815c6d8d8953bbb7a10a8c0575"
    },
    {
      "type": "PACKAGE",
      "url": "https://github.com/waycrate/swhkd"
    },
    {
      "type": "WEB",
      "url": "https://github.com/waycrate/swhkd/releases/tag/1.2.0"
    },
    {
      "type": "WEB",
      "url": "http://www.openwall.com/lists/oss-security/2022/04/14/1"
    }
  ],
  "affected": [
    {
      "package": {
        "name": "Simple-Wayland-HotKey-Daemon",
        "ecosystem": "crates.io",
        "purl": "pkg:cargo/Simple-Wayland-HotKey-Daemon"
      },
      "ranges": [
        {
          "type": "SEMVER",
          "events": [
            {
              "introduced": "0"
            },
            {
              "fixed": "1.2.0"
            }
          ]
        }
      ],
      "database_specific": {
        "source": "https://github.com/github/advisory-database/blob/main/advisories/github-reviewed/2022/03/GHSA-8m49-2xj8-67v9/GHSA-8m49-2xj8-67v9.json"
      }
    }
  ],
  "schema_version": "1.6.0",
  "severity": [
    {
      "type": "CVSS_V3",
      "score": "CVSS:3.1/AV:L/AC:L/PR:L/UI:N/S:U/C:N/I:H/A:H"
    }
  ]
}