{
  "id": "GHSA-6vmq-jh76-hq43",
  "summary": "Uninitialized memory access in outer_cgi",
  "details": "An issue was discovered in the outer_cgi crate before 0.2.1 for Rust. A user-provided Read instance receives an uninitialized memory buffer from KeyValueReader.",
  "aliases": [
    "CVE-2021-30454",
    "RUSTSEC-2021-0051"
  ],
  "modified": "2023-11-08T04:05:46.033472Z",
  "published": "2021-08-25T20:55:25Z",
  "database_specific": {
    "nvd_published_at": null,
    "github_reviewed_at": "2021-08-19T17:03:35Z",
    "severity": "CRITICAL",
    "github_reviewed": true,
    "cwe_ids": [
      "CWE-119"
    ]
  },
  "references": [
    {
      "type": "ADVISORY",
      "url": "https://nvd.nist.gov/vuln/detail/CVE-2021-30454"
    },
    {
      "type": "WEB",
      "url": "https://github.com/SolraBizna/outer_cgi/issues/1"
    },
    {
      "type": "WEB",
      "url": "https://github.com/SolraBizna/outer_cgi/commit/dd59b3066e616a08e756f72de8dc3ab11b7036c4"
    },
    {
      "type": "PACKAGE",
      "url": "https://github.com/SolraBizna/outer_cgi"
    },
    {
      "type": "WEB",
      "url": "https://rustsec.org/advisories/RUSTSEC-2021-0051.html"
    }
  ],
  "affected": [
    {
      "package": {
        "name": "outer_cgi",
        "ecosystem": "crates.io",
        "purl": "pkg:cargo/outer_cgi"
      },
      "ranges": [
        {
          "type": "SEMVER",
          "events": [
            {
              "introduced": "0"
            },
            {
              "fixed": "0.2.1"
            }
          ]
        }
      ],
      "database_specific": {
        "source": "https://github.com/github/advisory-database/blob/main/advisories/github-reviewed/2021/08/GHSA-6vmq-jh76-hq43/GHSA-6vmq-jh76-hq43.json"
      }
    }
  ],
  "schema_version": "1.6.0",
  "severity": [
    {
      "type": "CVSS_V3",
      "score": "CVSS:3.1/AV:N/AC:L/PR:N/UI:N/S:U/C:H/I:H/A:H"
    }
  ]
}