{
  "id": "GHSA-c8hq-x4mm-p6q6",
  "summary": "Memory handling issues in xcb",
  "details": "An issue was discovered in the xcb crate through 2020-12-10 for Rust. base::Error does not have soundness. Because of the public ptr field, a use-after-free or double-free can occur.",
  "aliases": [
    "CVE-2020-36205",
    "RUSTSEC-2020-0097"
  ],
  "modified": "2023-11-08T04:03:41.417539Z",
  "published": "2021-08-25T20:50:54Z",
  "database_specific": {
    "nvd_published_at": "2021-01-26T18:15:00Z",
    "github_reviewed_at": "2021-08-19T18:50:43Z",
    "severity": "MODERATE",
    "github_reviewed": true,
    "cwe_ids": [
      "CWE-415",
      "CWE-416"
    ]
  },
  "references": [
    {
      "type": "ADVISORY",
      "url": "https://nvd.nist.gov/vuln/detail/CVE-2020-36205"
    },
    {
      "type": "WEB",
      "url": "https://github.com/rtbo/rust-xcb/issues/93"
    },
    {
      "type": "WEB",
      "url": "https://github.com/rust-x-bindings/rust-xcb/issues/93"
    },
    {
      "type": "PACKAGE",
      "url": "https://github.com/rtbo/rust-xcb"
    },
    {
      "type": "WEB",
      "url": "https://rustsec.org/advisories/RUSTSEC-2020-0097.html"
    }
  ],
  "affected": [
    {
      "package": {
        "name": "xcb",
        "ecosystem": "crates.io",
        "purl": "pkg:cargo/xcb"
      },
      "ranges": [
        {
          "type": "SEMVER",
          "events": [
            {
              "introduced": "0"
            },
            {
              "fixed": "1.0.0"
            }
          ]
        }
      ],
      "database_specific": {
        "source": "https://github.com/github/advisory-database/blob/main/advisories/github-reviewed/2021/08/GHSA-c8hq-x4mm-p6q6/GHSA-c8hq-x4mm-p6q6.json"
      }
    }
  ],
  "schema_version": "1.6.0",
  "severity": [
    {
      "type": "CVSS_V3",
      "score": "CVSS:3.1/AV:L/AC:L/PR:L/UI:N/S:U/C:N/I:N/A:H"
    }
  ]
}