{
  "id": "GHSA-gppw-3h6h-v6q2",
  "summary": "Data race in internment",
  "details": "An issue was discovered in the internment crate before 0.4.2 for Rust. There is a data race that can cause memory corruption because of the unconditional implementation of Sync for Intern<T>.",
  "aliases": [
    "CVE-2021-28037",
    "RUSTSEC-2021-0036"
  ],
  "modified": "2023-11-08T04:05:28.032734Z",
  "published": "2021-08-25T20:52:08Z",
  "database_specific": {
    "nvd_published_at": null,
    "github_reviewed_at": "2021-08-19T17:26:00Z",
    "severity": "CRITICAL",
    "github_reviewed": true,
    "cwe_ids": [
      "CWE-362"
    ]
  },
  "references": [
    {
      "type": "ADVISORY",
      "url": "https://nvd.nist.gov/vuln/detail/CVE-2021-28037"
    },
    {
      "type": "WEB",
      "url": "https://github.com/droundy/internment/issues/20"
    },
    {
      "type": "PACKAGE",
      "url": "https://github.com/droundy/internment"
    },
    {
      "type": "WEB",
      "url": "https://rustsec.org/advisories/RUSTSEC-2021-0036.html"
    }
  ],
  "affected": [
    {
      "package": {
        "name": "internment",
        "ecosystem": "crates.io",
        "purl": "pkg:cargo/internment"
      },
      "ranges": [
        {
          "type": "SEMVER",
          "events": [
            {
              "introduced": "0"
            },
            {
              "fixed": "0.4.2"
            }
          ]
        }
      ],
      "database_specific": {
        "source": "https://github.com/github/advisory-database/blob/main/advisories/github-reviewed/2021/08/GHSA-gppw-3h6h-v6q2/GHSA-gppw-3h6h-v6q2.json"
      }
    }
  ],
  "schema_version": "1.6.0",
  "severity": [
    {
      "type": "CVSS_V3",
      "score": "CVSS:3.1/AV:N/AC:L/PR:N/UI:N/S:U/C:H/I:H/A:H"
    }
  ]
}