{
  "id": "GHSA-8hfj-xrj2-pm22",
  "summary": "Certificate check bypass in openssl-src",
  "details": "The X509_V_FLAG_X509_STRICT flag enables additional security checks of the certificates present in a certificate chain. It is not set by default. Starting from OpenSSL version 1.1.1h a check to disallow certificates in the chain that have explicitly encoded elliptic curve parameters was added as an additional strict check. An error in the implementation of this check meant that the result of a previous check to confirm that certificates in the chain are valid CA certificates was overwritten. This effectively bypasses the check that non-CA certificates must not be able to issue other certificates. If a \"purpose\" has been configured then there is a subsequent opportunity for checks that the certificate is a valid CA. All of the named \"purpose\" values implemented in libcrypto perform this check. Therefore, where a purpose is set the certificate chain will still be rejected even when the strict flag has been used. A purpose is set by default in libssl client and server certificate verification routines, but it can be overridden or removed by an application. In order to be affected, an application must explicitly set the X509_V_FLAG_X509_STRICT verification flag and either not set a purpose for the certificate verification or, in the case of TLS client or server applications, override the default purpose. OpenSSL versions 1.1.1h and newer are affected by this issue. Users of these versions should upgrade to OpenSSL 1.1.1k. OpenSSL 1.0.2 is not impacted by this issue. Fixed in OpenSSL 1.1.1k (Affected 1.1.1h-1.1.1j).",
  "aliases": [
    "BIT-node-2021-3450",
    "CVE-2021-3450",
    "RUSTSEC-2021-0056"
  ],
  "modified": "2023-12-06T01:01:17.477139Z",
  "published": "2021-08-25T20:54:00Z",
  "database_specific": {
    "nvd_published_at": "2021-03-25T15:15:00Z",
    "cwe_ids": [
      "CWE-295"
    ],
    "severity": "HIGH",
    "github_reviewed": true,
    "github_reviewed_at": "2021-08-19T17:22:00Z"
  },
  "references": [
    {
      "type": "ADVISORY",
      "url": "https://nvd.nist.gov/vuln/detail/CVE-2021-3450"
    },
    {
      "type": "WEB",
      "url": "https://www.tenable.com/security/tns-2021-09"
    },
    {
      "type": "WEB",
      "url": "https://www.tenable.com/security/tns-2021-08"
    },
    {
      "type": "WEB",
      "url": "https://www.tenable.com/security/tns-2021-05"
    },
    {
      "type": "WEB",
      "url": "https://www.oracle.com/security-alerts/cpuoct2021.html"
    },
    {
      "type": "WEB",
      "url": "https://www.oracle.com/security-alerts/cpujul2022.html"
    },
    {
      "type": "WEB",
      "url": "https://www.oracle.com/security-alerts/cpuapr2022.html"
    },
    {
      "type": "WEB",
      "url": "https://www.oracle.com/security-alerts/cpuApr2021.html"
    },
    {
      "type": "WEB",
      "url": "https://www.oracle.com//security-alerts/cpujul2021.html"
    },
    {
      "type": "WEB",
      "url": "https://www.openssl.org/news/secadv/20210325.txt"
    },
    {
      "type": "WEB",
      "url": "https://tools.cisco.com/security/center/content/CiscoSecurityAdvisory/cisco-sa-openssl-2021-GHY28dJd"
    },
    {
      "type": "WEB",
      "url": "https://security.netapp.com/advisory/ntap-20210326-0006"
    },
    {
      "type": "WEB",
      "url": "https://security.gentoo.org/glsa/202103-03"
    },
    {
      "type": "WEB",
      "url": "https://security.FreeBSD.org/advisories/FreeBSD-SA-21:07.openssl.asc"
    },
    {
      "type": "WEB",
      "url": "https://rustsec.org/advisories/RUSTSEC-2021-0056.html"
    },
    {
      "type": "WEB",
      "url": "https://psirt.global.sonicwall.com/vuln-detail/SNWLID-2021-0013"
    },
    {
      "type": "WEB",
      "url": "https://mta.openssl.org/pipermail/openssl-announce/2021-March/000198.html"
    },
    {
      "type": "WEB",
      "url": "https://lists.fedoraproject.org/archives/list/package-announce@lists.fedoraproject.org/message/CCBFLLVQVILIVGZMBJL3IXZGKWQISYNP"
    },
    {
      "type": "WEB",
      "url": "https://kc.mcafee.com/corporate/index?page=content&id=SB10356"
    },
    {
      "type": "WEB",
      "url": "https://kb.pulsesecure.net/articles/Pulse_Security_Advisories/SA44845"
    },
    {
      "type": "PACKAGE",
      "url": "https://github.com/alexcrichton/openssl-src-rs"
    },
    {
      "type": "WEB",
      "url": "https://git.openssl.org/gitweb/?p=openssl.git;a=commitdiff;h=2a40b7bc7b94dd7de897a74571e7024f0cf0d63b"
    },
    {
      "type": "WEB",
      "url": "https://cert-portal.siemens.com/productcert/pdf/ssa-389290.pdf"
    },
    {
      "type": "WEB",
      "url": "http://www.openwall.com/lists/oss-security/2021/03/27/1"
    },
    {
      "type": "WEB",
      "url": "http://www.openwall.com/lists/oss-security/2021/03/27/2"
    },
    {
      "type": "WEB",
      "url": "http://www.openwall.com/lists/oss-security/2021/03/28/3"
    },
    {
      "type": "WEB",
      "url": "http://www.openwall.com/lists/oss-security/2021/03/28/4"
    }
  ],
  "affected": [
    {
      "package": {
        "name": "openssl-src",
        "ecosystem": "crates.io",
        "purl": "pkg:cargo/openssl-src"
      },
      "ranges": [
        {
          "type": "SEMVER",
          "events": [
            {
              "introduced": "111.11.0"
            },
            {
              "fixed": "111.15.0"
            }
          ]
        }
      ],
      "database_specific": {
        "source": "https://github.com/github/advisory-database/blob/main/advisories/github-reviewed/2021/08/GHSA-8hfj-xrj2-pm22/GHSA-8hfj-xrj2-pm22.json"
      }
    }
  ],
  "schema_version": "1.6.0",
  "severity": [
    {
      "type": "CVSS_V3",
      "score": "CVSS:3.1/AV:N/AC:H/PR:N/UI:N/S:U/C:H/I:H/A:N"
    }
  ]
}