{
  "id": "GHSA-83mx-573x-5rw9",
  "summary": "openssl-src NULL pointer Dereference in signature_algorithms processing",
  "details": "An OpenSSL TLS server may crash if sent a maliciously crafted renegotiation ClientHello message from a client. If a TLSv1.2 renegotiation ClientHello omits the signature_algorithms extension (where it was present in the initial ClientHello), but includes a signature_algorithms_cert extension then a NULL pointer dereference will result, leading to a crash and a denial of service attack. A server is only vulnerable if it has TLSv1.2 and renegotiation enabled (which is the default configuration). OpenSSL TLS clients are not impacted by this issue. All OpenSSL 1.1.1 versions are affected by this issue. Users of these versions should upgrade to OpenSSL 1.1.1k. OpenSSL 1.0.2 is not impacted by this issue. Fixed in OpenSSL 1.1.1k (Affected 1.1.1-1.1.1j).",
  "aliases": [
    "BIT-node-2021-3449",
    "CVE-2021-3449",
    "RUSTSEC-2021-0055"
  ],
  "modified": "2023-12-06T01:01:17.417863Z",
  "published": "2021-08-25T20:54:02Z",
  "database_specific": {
    "nvd_published_at": "2021-03-25T15:15:00Z",
    "cwe_ids": [
      "CWE-476"
    ],
    "severity": "MODERATE",
    "github_reviewed": true,
    "github_reviewed_at": "2021-08-19T17:21:40Z"
  },
  "references": [
    {
      "type": "ADVISORY",
      "url": "https://nvd.nist.gov/vuln/detail/CVE-2021-3449"
    },
    {
      "type": "WEB",
      "url": "https://www.tenable.com/security/tns-2021-10"
    },
    {
      "type": "WEB",
      "url": "https://www.tenable.com/security/tns-2021-09"
    },
    {
      "type": "WEB",
      "url": "https://www.tenable.com/security/tns-2021-06"
    },
    {
      "type": "WEB",
      "url": "https://www.tenable.com/security/tns-2021-05"
    },
    {
      "type": "WEB",
      "url": "https://www.oracle.com/security-alerts/cpuoct2021.html"
    },
    {
      "type": "WEB",
      "url": "https://www.oracle.com/security-alerts/cpujul2022.html"
    },
    {
      "type": "WEB",
      "url": "https://www.oracle.com/security-alerts/cpuapr2022.html"
    },
    {
      "type": "WEB",
      "url": "https://www.oracle.com/security-alerts/cpuApr2021.html"
    },
    {
      "type": "WEB",
      "url": "https://www.oracle.com//security-alerts/cpujul2021.html"
    },
    {
      "type": "WEB",
      "url": "https://www.openssl.org/news/secadv/20210325.txt"
    },
    {
      "type": "WEB",
      "url": "https://www.debian.org/security/2021/dsa-4875"
    },
    {
      "type": "WEB",
      "url": "https://tools.cisco.com/security/center/content/CiscoSecurityAdvisory/cisco-sa-openssl-2021-GHY28dJd"
    },
    {
      "type": "WEB",
      "url": "https://security.netapp.com/advisory/ntap-20210513-0002"
    },
    {
      "type": "WEB",
      "url": "https://security.netapp.com/advisory/ntap-20210326-0006"
    },
    {
      "type": "WEB",
      "url": "https://security.gentoo.org/glsa/202103-03"
    },
    {
      "type": "WEB",
      "url": "https://security.FreeBSD.org/advisories/FreeBSD-SA-21:07.openssl.asc"
    },
    {
      "type": "WEB",
      "url": "https://rustsec.org/advisories/RUSTSEC-2021-0055.html"
    },
    {
      "type": "WEB",
      "url": "https://rustsec.org/advisories/RUSTSEC-2021-0055"
    },
    {
      "type": "WEB",
      "url": "https://psirt.global.sonicwall.com/vuln-detail/SNWLID-2021-0013"
    },
    {
      "type": "WEB",
      "url": "https://lists.fedoraproject.org/archives/list/package-announce@lists.fedoraproject.org/message/CCBFLLVQVILIVGZMBJL3IXZGKWQISYNP"
    },
    {
      "type": "WEB",
      "url": "https://lists.debian.org/debian-lts-announce/2021/08/msg00029.html"
    },
    {
      "type": "WEB",
      "url": "https://kc.mcafee.com/corporate/index?page=content&id=SB10356"
    },
    {
      "type": "WEB",
      "url": "https://kb.pulsesecure.net/articles/Pulse_Security_Advisories/SA44845"
    },
    {
      "type": "PACKAGE",
      "url": "https://github.com/alexcrichton/openssl-src-rs"
    },
    {
      "type": "WEB",
      "url": "https://git.openssl.org/gitweb/?p=openssl.git;a=commitdiff;h=fb9fa6b51defd48157eeb207f52181f735d96148"
    },
    {
      "type": "WEB",
      "url": "https://cert-portal.siemens.com/productcert/pdf/ssa-772220.pdf"
    },
    {
      "type": "WEB",
      "url": "https://cert-portal.siemens.com/productcert/pdf/ssa-389290.pdf"
    },
    {
      "type": "WEB",
      "url": "http://www.openwall.com/lists/oss-security/2021/03/27/1"
    },
    {
      "type": "WEB",
      "url": "http://www.openwall.com/lists/oss-security/2021/03/27/2"
    },
    {
      "type": "WEB",
      "url": "http://www.openwall.com/lists/oss-security/2021/03/28/3"
    },
    {
      "type": "WEB",
      "url": "http://www.openwall.com/lists/oss-security/2021/03/28/4"
    }
  ],
  "affected": [
    {
      "package": {
        "name": "openssl-src",
        "ecosystem": "crates.io",
        "purl": "pkg:cargo/openssl-src"
      },
      "ranges": [
        {
          "type": "SEMVER",
          "events": [
            {
              "introduced": "0"
            },
            {
              "fixed": "111.15.0"
            }
          ]
        }
      ],
      "database_specific": {
        "source": "https://github.com/github/advisory-database/blob/main/advisories/github-reviewed/2021/08/GHSA-83mx-573x-5rw9/GHSA-83mx-573x-5rw9.json"
      }
    }
  ],
  "schema_version": "1.6.0",
  "severity": [
    {
      "type": "CVSS_V3",
      "score": "CVSS:3.1/AV:N/AC:H/PR:N/UI:N/S:U/C:N/I:N/A:H"
    }
  ]
}