{
  "id": "GHSA-g323-fr93-4j3c",
  "summary": "Resource leakage when decoding certificates and keys",
  "details": "The OPENSSL_LH_flush() function, which empties a hash table, contains a bug that breaks reuse of the memory occuppied by the removed hash table entries. This function is used when decoding certificates or keys. If a long lived process periodically decodes certificates or keys its memory usage will expand without bounds and the process might be terminated by the operating system causing a denial of service. Also traversing the empty hash table entries will take increasingly more time. Typically such long lived processes might be TLS clients or TLS servers configured to accept client certificate authentication. The function was added in the OpenSSL 3.0 version thus older releases are not affected by the issue. Fixed in OpenSSL 3.0.3 (Affected 3.0.0,3.0.1,3.0.2).",
  "aliases": [
    "CVE-2022-1473",
    "RUSTSEC-2022-0025"
  ],
  "modified": "2023-11-08T04:07:49.486512Z",
  "published": "2022-05-04T00:00:22Z",
  "related": [
    "CGA-5jgq-xwf8-9j9j"
  ],
  "database_specific": {
    "nvd_published_at": "2022-05-03T16:15:00Z",
    "cwe_ids": [
      "CWE-404",
      "CWE-459"
    ],
    "severity": "HIGH",
    "github_reviewed": true,
    "github_reviewed_at": "2022-06-17T00:05:28Z"
  },
  "references": [
    {
      "type": "ADVISORY",
      "url": "https://nvd.nist.gov/vuln/detail/CVE-2022-1473"
    },
    {
      "type": "WEB",
      "url": "https://github.com/github/advisory-database/issues/405"
    },
    {
      "type": "WEB",
      "url": "https://cert-portal.siemens.com/productcert/pdf/ssa-953464.pdf"
    },
    {
      "type": "WEB",
      "url": "https://git.openssl.org/gitweb/?p=openssl.git;a=commitdiff;h=64c85430f95200b6b51fe9475bd5203f7c19daf1"
    },
    {
      "type": "WEB",
      "url": "https://rustsec.org/advisories/RUSTSEC-2022-0025.html"
    },
    {
      "type": "WEB",
      "url": "https://security.gentoo.org/glsa/202210-02"
    },
    {
      "type": "WEB",
      "url": "https://security.netapp.com/advisory/ntap-20220602-0009"
    },
    {
      "type": "WEB",
      "url": "https://www.openssl.org/news/secadv/20220503.txt"
    }
  ],
  "affected": [
    {
      "package": {
        "name": "openssl-src",
        "ecosystem": "crates.io",
        "purl": "pkg:cargo/openssl-src"
      },
      "ranges": [
        {
          "type": "SEMVER",
          "events": [
            {
              "introduced": "300.0.0"
            },
            {
              "fixed": "300.0.6"
            }
          ]
        }
      ],
      "database_specific": {
        "source": "https://github.com/github/advisory-database/blob/main/advisories/github-reviewed/2022/05/GHSA-g323-fr93-4j3c/GHSA-g323-fr93-4j3c.json"
      }
    }
  ],
  "schema_version": "1.6.0",
  "severity": [
    {
      "type": "CVSS_V3",
      "score": "CVSS:3.1/AV:N/AC:L/PR:N/UI:N/S:U/C:N/I:N/A:H"
    }
  ]
}