{
  "id": "GHSA-2r3c-m6v7-9354",
  "summary": "sudo-rs Session File Relative Path Traversal vulnerability",
  "details": "### Background\n\nSudo-rs allows users to not have to enter authentication at every sudo attempt, but instead only requiring authentication every once in a while in every terminal or process group. Only once a configurable timeout has passed will the user have to re-authenticate themselves. Supporting this functionality is a set of session files (timestamps) for each user, stored in `/var/run/sudo-rs/ts`. These files are named according to the username from which the sudo attempt is made (the origin user).\n\n### Impact\n\nAn issue was discovered where usernames containing the `.` and `/` characters could result in the corruption of specific files on the filesystem. As usernames are generally not limited by the characters they can contain, a username appearing to be a relative path can be constructed. For example we could add a user to the system containing the username `../../../../bin/cp`. When logged in as a user with that name, that user could run `sudo -K` to clear their session record file. The session code then constructs the path to the session file by concatenating the username to the session file storage directory, resulting in a resolved path of `/bin/cp`. The code then clears that file, resulting in the `cp` binary effectively being removed from the system.\n\nAn attacker needs to be able to login as a user with a constructed username. Given that such a username is unlikely to exist on an existing system, they will also need to be able to create the users with the constructed usernames.\n\n### Patches\nThe bug is fixed in version 0.2.1 of sudo-rs. Sudo-rs now uses the uid for the user instead of their username for determining the filename. Note that an upgrade to this version will result in existing session files being ignored and users will be forced to re-authenticate. It also fully eliminates any possibility of path traversal, given that uids are always integer values.\n\n### Workarounds\nThe `sudo -K` and `sudo -k` commands can run, even if a user has no sudo access. Make sure that your system does not contain any users with a specially crafted username. While this is the case and while untrusted users do not have the ability to create arbitrary users on your system you should not be able to exploit this issue.",
  "aliases": [
    "CVE-2023-42456",
    "RUSTSEC-2023-0069"
  ],
  "modified": "2023-11-08T04:13:28.783086Z",
  "published": "2023-09-21T17:07:15Z",
  "database_specific": {
    "nvd_published_at": "2023-09-21T16:15:09Z",
    "cwe_ids": [
      "CWE-22",
      "CWE-23"
    ],
    "severity": "LOW",
    "github_reviewed": true,
    "github_reviewed_at": "2023-09-21T17:07:15Z"
  },
  "references": [
    {
      "type": "WEB",
      "url": "https://github.com/memorysafety/sudo-rs/security/advisories/GHSA-2r3c-m6v7-9354"
    },
    {
      "type": "ADVISORY",
      "url": "https://nvd.nist.gov/vuln/detail/CVE-2023-42456"
    },
    {
      "type": "WEB",
      "url": "https://github.com/memorysafety/sudo-rs/commit/bfdbda22968e3de43fa8246cab1681cfd5d5493d"
    },
    {
      "type": "WEB",
      "url": "https://ferrous-systems.com/blog/sudo-rs-audit"
    },
    {
      "type": "ADVISORY",
      "url": "https://github.com/advisories/GHSA-2r3c-m6v7-9354"
    },
    {
      "type": "PACKAGE",
      "url": "https://github.com/memorysafety/sudo-rs"
    },
    {
      "type": "WEB",
      "url": "https://rustsec.org/advisories/RUSTSEC-2023-0069.html"
    },
    {
      "type": "WEB",
      "url": "http://www.openwall.com/lists/oss-security/2023/11/02/1"
    }
  ],
  "affected": [
    {
      "package": {
        "name": "sudo-rs",
        "ecosystem": "crates.io",
        "purl": "pkg:cargo/sudo-rs"
      },
      "ranges": [
        {
          "type": "SEMVER",
          "events": [
            {
              "introduced": "0"
            },
            {
              "fixed": "0.2.1"
            }
          ]
        }
      ],
      "database_specific": {
        "last_known_affected_version_range": "<= 0.2.0",
        "source": "https://github.com/github/advisory-database/blob/main/advisories/github-reviewed/2023/09/GHSA-2r3c-m6v7-9354/GHSA-2r3c-m6v7-9354.json"
      }
    }
  ],
  "schema_version": "1.6.0",
  "severity": [
    {
      "type": "CVSS_V3",
      "score": "CVSS:3.1/AV:L/AC:L/PR:H/UI:R/S:U/C:N/I:L/A:L"
    }
  ]
}