{
  "id": "GHSA-85j6-f8j6-q26x",
  "summary": "Unaligned references in Obstack",
  "details": "Obstack generates unaligned references for types that require a large alignment.",
  "aliases": [
    "CVE-2020-35894",
    "RUSTSEC-2020-0040"
  ],
  "modified": "2023-11-08T04:03:37.930206Z",
  "published": "2021-08-25T20:48:12Z",
  "database_specific": {
    "nvd_published_at": null,
    "cwe_ids": [
      "CWE-706"
    ],
    "severity": "HIGH",
    "github_reviewed": true,
    "github_reviewed_at": "2021-08-19T21:06:51Z"
  },
  "references": [
    {
      "type": "ADVISORY",
      "url": "https://nvd.nist.gov/vuln/detail/CVE-2020-35894"
    },
    {
      "type": "WEB",
      "url": "https://github.com/petertodd/rust-obstack/issues/4"
    },
    {
      "type": "PACKAGE",
      "url": "https://github.com/petertodd/rust-obstack"
    },
    {
      "type": "WEB",
      "url": "https://rustsec.org/advisories/RUSTSEC-2020-0040.html"
    }
  ],
  "affected": [
    {
      "package": {
        "name": "obstack",
        "ecosystem": "crates.io",
        "purl": "pkg:cargo/obstack"
      },
      "ranges": [
        {
          "type": "SEMVER",
          "events": [
            {
              "introduced": "0"
            },
            {
              "fixed": "0.1.4"
            }
          ]
        }
      ],
      "database_specific": {
        "source": "https://github.com/github/advisory-database/blob/main/advisories/github-reviewed/2021/08/GHSA-85j6-f8j6-q26x/GHSA-85j6-f8j6-q26x.json"
      }
    }
  ],
  "schema_version": "1.6.0",
  "severity": [
    {
      "type": "CVSS_V3",
      "score": "CVSS:3.1/AV:N/AC:L/PR:N/UI:N/S:U/C:N/I:H/A:N"
    }
  ]
}