{
  "id": "GHSA-438g-fx34-4h9m",
  "summary": "Out of bounds read in simple-slab",
  "details": "An issue was discovered in the simple-slab crate before 0.3.3 for Rust. index() allows an out-of-bounds read.",
  "aliases": [
    "CVE-2020-35892",
    "CVE-2020-35893",
    "GHSA-hqc8-j86x-2764",
    "RUSTSEC-2020-0039"
  ],
  "modified": "2023-11-08T04:03:37.869412Z",
  "published": "2021-08-25T20:48:38Z",
  "database_specific": {
    "nvd_published_at": "2020-12-31T10:15:00Z",
    "github_reviewed_at": "2021-08-19T21:06:40Z",
    "severity": "CRITICAL",
    "github_reviewed": true,
    "cwe_ids": [
      "CWE-125"
    ]
  },
  "references": [
    {
      "type": "ADVISORY",
      "url": "https://nvd.nist.gov/vuln/detail/CVE-2020-35892"
    },
    {
      "type": "WEB",
      "url": "https://github.com/nathansizemore/simple-slab/issues/2"
    },
    {
      "type": "PACKAGE",
      "url": "https://github.com/nathansizemore/simple-slab"
    },
    {
      "type": "WEB",
      "url": "https://rustsec.org/advisories/RUSTSEC-2020-0039.html"
    }
  ],
  "affected": [
    {
      "package": {
        "name": "simple-slab",
        "ecosystem": "crates.io",
        "purl": "pkg:cargo/simple-slab"
      },
      "ranges": [
        {
          "type": "SEMVER",
          "events": [
            {
              "introduced": "0"
            },
            {
              "fixed": "0.3.3"
            }
          ]
        }
      ],
      "database_specific": {
        "source": "https://github.com/github/advisory-database/blob/main/advisories/github-reviewed/2021/08/GHSA-438g-fx34-4h9m/GHSA-438g-fx34-4h9m.json"
      }
    }
  ],
  "schema_version": "1.6.0",
  "severity": [
    {
      "type": "CVSS_V3",
      "score": "CVSS:3.1/AV:N/AC:L/PR:N/UI:N/S:U/C:H/I:N/A:H"
    }
  ]
}