{
  "id": "GHSA-327x-39hh-65wf",
  "summary": "Out of bounds write in arenavec",
  "details": "An issue was discovered in the arenavec crate through 0.1.1. A drop of uninitialized memory can sometimes occur upon a panic in T::default()",
  "aliases": [
    "CVE-2021-29930",
    "CVE-2021-29931",
    "GHSA-955p-rc5h-hg6h",
    "RUSTSEC-2021-0040"
  ],
  "modified": "2023-11-08T04:05:43.636978Z",
  "published": "2021-08-25T20:55:09Z",
  "database_specific": {
    "nvd_published_at": null,
    "cwe_ids": [
      "CWE-787"
    ],
    "severity": "HIGH",
    "github_reviewed": true,
    "github_reviewed_at": "2021-08-19T17:04:41Z"
  },
  "references": [
    {
      "type": "ADVISORY",
      "url": "https://nvd.nist.gov/vuln/detail/CVE-2021-29930"
    },
    {
      "type": "WEB",
      "url": "https://github.com/ibabushkin/arenavec/issues/1"
    },
    {
      "type": "PACKAGE",
      "url": "https://github.com/ibabushkin/arenavec"
    },
    {
      "type": "WEB",
      "url": "https://rustsec.org/advisories/RUSTSEC-2021-0040.html"
    }
  ],
  "affected": [
    {
      "package": {
        "name": "arenavec",
        "ecosystem": "crates.io",
        "purl": "pkg:cargo/arenavec"
      },
      "ranges": [
        {
          "type": "SEMVER",
          "events": [
            {
              "introduced": "0"
            },
            {
              "last_affected": "0.1.1"
            }
          ]
        }
      ],
      "database_specific": {
        "source": "https://github.com/github/advisory-database/blob/main/advisories/github-reviewed/2021/08/GHSA-327x-39hh-65wf/GHSA-327x-39hh-65wf.json"
      }
    }
  ],
  "schema_version": "1.6.0",
  "severity": [
    {
      "type": "CVSS_V3",
      "score": "CVSS:3.1/AV:N/AC:L/PR:N/UI:N/S:U/C:N/I:N/A:H"
    }
  ]
}