{
  "id": "GHSA-8q5c-93vg-c747",
  "summary": "WITHDRAWN",
  "details": "WITHDRAWN",
  "modified": "2021-08-19T19:03:37Z",
  "published": "2021-08-25T21:00:30Z",
  "withdrawn": "2021-08-19T19:03:37Z",
  "database_specific": {
    "nvd_published_at": null,
    "github_reviewed_at": "2021-08-05T22:05:47Z",
    "severity": "MODERATE",
    "github_reviewed": true,
    "cwe_ids": [
      "CWE-362"
    ]
  },
  "references": [
    {
      "type": "WEB",
      "url": "https://github.com/ratel-rust/toolshed/issues/12"
    },
    {
      "type": "PACKAGE",
      "url": "https://github.com/ratel-rust/toolshed"
    },
    {
      "type": "WEB",
      "url": "https://rustsec.org/advisories/RUSTSEC-2020-0136.html"
    }
  ],
  "affected": [
    {
      "package": {
        "name": "toolshed",
        "ecosystem": "crates.io",
        "purl": "pkg:cargo/toolshed"
      },
      "ranges": [
        {
          "type": "SEMVER",
          "events": [
            {
              "introduced": "0"
            },
            {
              "last_affected": "0.8.1"
            }
          ]
        }
      ],
      "database_specific": {
        "source": "https://github.com/github/advisory-database/blob/main/advisories/github-reviewed/2021/08/GHSA-8q5c-93vg-c747/GHSA-8q5c-93vg-c747.json"
      }
    }
  ],
  "schema_version": "1.6.0"
}