{
  "id": "GHSA-gwfj-pw2x-h6c2",
  "summary": "Out of bounds read in simd-json",
  "details": "The affected version of this crate did not guard against accessing memory beyond the range of its input data. A pointer cast to read the data into a 256-bit register could lead to a segmentation fault when the end plus the 32 bytes (256 bit) read would overlap into the next page during string parsing. This allows an attacker to eventually crash a service. The flaw was corrected by using a padding buffer for the last read from the input. So that we are we never read over the boundary of the input data.",
  "aliases": [
    "CVE-2019-15550",
    "RUSTSEC-2019-0008"
  ],
  "modified": "2023-11-08T04:01:14.101340Z",
  "published": "2021-08-25T20:43:56Z",
  "database_specific": {
    "nvd_published_at": null,
    "cwe_ids": [
      "CWE-125"
    ],
    "severity": "HIGH",
    "github_reviewed": true,
    "github_reviewed_at": "2021-08-19T21:23:48Z"
  },
  "references": [
    {
      "type": "ADVISORY",
      "url": "https://nvd.nist.gov/vuln/detail/CVE-2019-15550"
    },
    {
      "type": "WEB",
      "url": "https://github.com/Licenser/simdjson-rs/pull/27"
    },
    {
      "type": "PACKAGE",
      "url": "https://github.com/Licenser/simdjson-rs"
    },
    {
      "type": "WEB",
      "url": "https://rustsec.org/advisories/RUSTSEC-2019-0008.html"
    }
  ],
  "affected": [
    {
      "package": {
        "name": "simd-json",
        "ecosystem": "crates.io",
        "purl": "pkg:cargo/simd-json"
      },
      "ranges": [
        {
          "type": "SEMVER",
          "events": [
            {
              "introduced": "0.1.13"
            },
            {
              "fixed": "0.1.15"
            }
          ]
        }
      ],
      "database_specific": {
        "source": "https://github.com/github/advisory-database/blob/main/advisories/github-reviewed/2021/08/GHSA-gwfj-pw2x-h6c2/GHSA-gwfj-pw2x-h6c2.json"
      }
    }
  ],
  "schema_version": "1.6.0",
  "severity": [
    {
      "type": "CVSS_V3",
      "score": "CVSS:3.1/AV:N/AC:L/PR:N/UI:N/S:U/C:N/I:N/A:H"
    }
  ]
}