{
  "id": "GHSA-c38w-74pg-36hr",
  "summary": "Marvin Attack: potential key recovery through timing sidechannels",
  "details": "### Impact\nDue to a non-constant-time implementation, information about the private key is leaked through timing information which is observable over the network. An attacker may be able to use that information to recover the key.\n\n### Patches\nNo patch is yet available, however work is underway to migrate to a fully constant-time implementation.\n\n### Workarounds\nThe only currently available workaround is to avoid using the `rsa` crate in settings where attackers are able to observe timing information, e.g. local use on a non-compromised computer is fine.\n\n### References\nThis vulnerability was discovered as part of the \"Marvin Attack\", which revealed several implementations of RSA including OpenSSL had not properly mitigated timing sidechannel attacks.\n\n- https://rustsec.org/advisories/RUSTSEC-2023-0071.html\n- https://people.redhat.com/~hkario/marvin/\n- https://github.com/RustCrypto/RSA/issues/19",
  "aliases": [
    "CVE-2023-49092",
    "GHSA-4grx-2x9w-596c",
    "RUSTSEC-2023-0071"
  ],
  "modified": "2023-12-15T15:11:24.159127Z",
  "published": "2023-11-28T23:28:27Z",
  "database_specific": {
    "nvd_published_at": "2023-11-28T21:15:08Z",
    "cwe_ids": [
      "CWE-203",
      "CWE-385"
    ],
    "severity": "MODERATE",
    "github_reviewed": true,
    "github_reviewed_at": "2023-11-28T23:28:27Z"
  },
  "references": [
    {
      "type": "WEB",
      "url": "https://github.com/RustCrypto/RSA/security/advisories/GHSA-c38w-74pg-36hr"
    },
    {
      "type": "ADVISORY",
      "url": "https://nvd.nist.gov/vuln/detail/CVE-2023-49092"
    },
    {
      "type": "WEB",
      "url": "https://github.com/RustCrypto/RSA/issues/19#issuecomment-1822995643"
    },
    {
      "type": "PACKAGE",
      "url": "https://github.com/RustCrypto/RSA"
    },
    {
      "type": "WEB",
      "url": "https://rustsec.org/advisories/RUSTSEC-2023-0071.html"
    }
  ],
  "affected": [
    {
      "package": {
        "name": "rsa",
        "ecosystem": "crates.io",
        "purl": "pkg:cargo/rsa"
      },
      "ranges": [
        {
          "type": "SEMVER",
          "events": [
            {
              "introduced": "0"
            },
            {
              "last_affected": "0.9.6"
            }
          ]
        }
      ],
      "database_specific": {
        "source": "https://github.com/github/advisory-database/blob/main/advisories/github-reviewed/2023/11/GHSA-c38w-74pg-36hr/GHSA-c38w-74pg-36hr.json"
      }
    }
  ],
  "schema_version": "1.6.0",
  "severity": [
    {
      "type": "CVSS_V3",
      "score": "CVSS:3.1/AV:N/AC:H/PR:N/UI:N/S:U/C:H/I:N/A:N"
    }
  ]
}