{
  "id": "GHSA-78wx-jg4j-5j6g",
  "summary": "quiche vulnerable to unlimited resource allocation by QUIC CRYPTO frames flooding",
  "details": "### Impact\n\nCloudflare Quiche (through version 0.19.1/0.20.0) was affected by an unlimited resource allocation vulnerability causing rapid increase of memory usage of the system running quiche server or client.\n\nA remote attacker could take advantage of this vulnerability by repeatedly sending an unlimited number of 1-RTT CRYPTO frames after previously completing the QUIC handshake.\nExploitation was possible for the duration of the connection which could be extended by the attacker.\n\n### Patches\n\nQuiche 0.19.2 and 0.20.1 are the earliest versions containing the fix for this issue.",
  "aliases": [
    "CVE-2024-1765"
  ],
  "modified": "2024-03-13T16:11:39.617002Z",
  "published": "2024-03-13T15:39:40Z",
  "database_specific": {
    "nvd_published_at": "2024-03-12T18:15:07Z",
    "cwe_ids": [
      "CWE-400"
    ],
    "severity": "MODERATE",
    "github_reviewed": true,
    "github_reviewed_at": "2024-03-13T15:39:40Z"
  },
  "references": [
    {
      "type": "WEB",
      "url": "https://github.com/cloudflare/quiche/security/advisories/GHSA-78wx-jg4j-5j6g"
    },
    {
      "type": "ADVISORY",
      "url": "https://nvd.nist.gov/vuln/detail/CVE-2024-1765"
    },
    {
      "type": "WEB",
      "url": "https://github.com/cloudflare/quiche/commit/1017466c143fc93a82b286a1ba35e53334cdf8e2"
    },
    {
      "type": "WEB",
      "url": "https://github.com/cloudflare/quiche/commit/11dbf5461ab657bbc02e466d719070124b27ef3c"
    },
    {
      "type": "PACKAGE",
      "url": "https://github.com/cloudflare/quiche"
    },
    {
      "type": "WEB",
      "url": "https://github.com/cloudflare/quiche/releases/tag/0.19.2"
    },
    {
      "type": "WEB",
      "url": "https://github.com/cloudflare/quiche/releases/tag/0.20.1"
    }
  ],
  "affected": [
    {
      "package": {
        "name": "quiche",
        "ecosystem": "crates.io",
        "purl": "pkg:cargo/quiche"
      },
      "ranges": [
        {
          "type": "SEMVER",
          "events": [
            {
              "introduced": "0"
            },
            {
              "fixed": "0.19.2"
            }
          ]
        }
      ],
      "database_specific": {
        "source": "https://github.com/github/advisory-database/blob/main/advisories/github-reviewed/2024/03/GHSA-78wx-jg4j-5j6g/GHSA-78wx-jg4j-5j6g.json"
      }
    },
    {
      "package": {
        "name": "quiche",
        "ecosystem": "crates.io",
        "purl": "pkg:cargo/quiche"
      },
      "ranges": [
        {
          "type": "SEMVER",
          "events": [
            {
              "introduced": "0.20.0"
            },
            {
              "fixed": "0.20.1"
            }
          ]
        }
      ],
      "database_specific": {
        "source": "https://github.com/github/advisory-database/blob/main/advisories/github-reviewed/2024/03/GHSA-78wx-jg4j-5j6g/GHSA-78wx-jg4j-5j6g.json"
      }
    }
  ],
  "schema_version": "1.6.0",
  "severity": [
    {
      "type": "CVSS_V3",
      "score": "CVSS:3.1/AV:N/AC:H/PR:N/UI:N/S:U/C:N/I:N/A:H"
    }
  ]
}