{
  "id": "GHSA-hf79-8hjp-rrvq",
  "summary": "Use After Free in lucet",
  "details": "### Impact\nThere is a bug in the main branch of Lucet's `lucet-runtime` that allows a use-after-free in an `Instance` object that could result in memory corruption, data race, or other related issues.  This bug was introduced early in the development of Lucet and is present in all releases.  As a result of this bug, and dependent on the memory backing for the `Instance` objects, it is possible to trigger a use-after-free when the `Instance` is dropped.\n\n### Patches\nUsers should upgrade to the `main` branch of the Lucet repository. Lucet does not provide versioned releases on crates.io.\n\n### Workarounds\nThere is no way to remediate this vulnerability without upgrading.\n\n### Description\nLucet uses a \"pool\" allocator for new WebAssembly instances that are created. This pool allocator manages everything from the linear memory of the wasm instance, the runtime stack for async switching, as well as the memory behind the Instance itself. `Instances` are referred to via an `InstanceHandle` type which will, on drop, release the memory backing the Instance back to the pool.\n\nWhen an Instance is dropped, the fields of the `Instance` are destructed top-to-bottom, however when the `alloc: Alloc` field is destructed, the memory backing the `Instance` is released back to the pool before the destructors of the remaining fields are run. If another thread allocates the same memory from the pool while these destructors are still running, a race condition occurs that can lead to use-after-free errors.\n\nThe bug was corrected by changing how the `InstanceHandle` destructor operates to ensure that the memory backing an Instance is only returned to the pool once the `Instance` has been completely destroyed.\n\nThis security advisory has been assigned CVE-2021-43790.\n\n### For more information\nIf you have any questions or comments about this advisory:\n* Open an issue in [lucet repository](https://github.com/bytecodealliance/lucet)\n* Email [the lucet team](mailto:lucet@fastly.com)\n* See the [Bytecode Alliance security policy](https://bytecodealliance.org/security)\n",
  "aliases": [
    "CVE-2021-43790"
  ],
  "modified": "2023-11-08T04:07:12.310775Z",
  "published": "2021-11-30T22:20:36Z",
  "database_specific": {
    "nvd_published_at": "2021-11-30T00:15:00Z",
    "github_reviewed_at": "2021-11-30T20:56:59Z",
    "severity": "HIGH",
    "github_reviewed": true,
    "cwe_ids": [
      "CWE-416"
    ]
  },
  "references": [
    {
      "type": "WEB",
      "url": "https://github.com/bytecodealliance/lucet/security/advisories/GHSA-hf79-8hjp-rrvq"
    },
    {
      "type": "ADVISORY",
      "url": "https://nvd.nist.gov/vuln/detail/CVE-2021-43790"
    },
    {
      "type": "WEB",
      "url": "https://github.com/bytecodealliance/lucet/commit/7c7757c772fb709c61b1442bcc1e1fbee97bf4a8"
    },
    {
      "type": "WEB",
      "url": "https://crates.io/crates/lucet-runtime"
    },
    {
      "type": "PACKAGE",
      "url": "https://github.com/bytecodealliance/lucet"
    }
  ],
  "affected": [
    {
      "package": {
        "name": "lucet-runtime",
        "ecosystem": "crates.io",
        "purl": "pkg:cargo/lucet-runtime"
      },
      "ranges": [
        {
          "type": "SEMVER",
          "events": [
            {
              "introduced": "0"
            },
            {
              "last_affected": "0.6.1"
            }
          ]
        }
      ],
      "database_specific": {
        "source": "https://github.com/github/advisory-database/blob/main/advisories/github-reviewed/2021/11/GHSA-hf79-8hjp-rrvq/GHSA-hf79-8hjp-rrvq.json"
      }
    }
  ],
  "schema_version": "1.6.0",
  "severity": [
    {
      "type": "CVSS_V3",
      "score": "CVSS:3.1/AV:N/AC:H/PR:L/UI:N/S:C/C:H/I:H/A:H"
    }
  ]
}