{
  "id": "GHSA-4mjx-2gh5-ph8h",
  "summary": "Exposure of sensitive Slack webhook URLs in debug logs and traces",
  "details": "### Impact\n\nDebug logs expose sensitive URLs for Slack webhooks that contain private information.\n\n### Patches\nThe problem is fixed in v1.3.2 which redacts sensitive URLs for webhooks.\n\n### Workarounds\nDisabling/filtering debug logs in case you use Slack webhooks using tracing log level and filters.\n\n### References\nhttps://github.com/abdolence/slack-morphism-rust/releases/tag/v1.3.2\n\n### For more information\n\nIf you have any questions or comments about this advisory:\n* Open an issue in [repo](https://github.com/abdolence/slack-morphism-rust)\n* Read our [security policy](https://github.com/abdolence/slack-morphism-rust/blob/master/SECURITY.md)\n\n",
  "aliases": [
    "CVE-2022-39292",
    "RUSTSEC-2022-0087"
  ],
  "modified": "2023-11-08T04:10:17.897125Z",
  "published": "2022-10-10T21:07:47Z",
  "database_specific": {
    "nvd_published_at": "2022-10-10T15:15:00Z",
    "github_reviewed_at": "2022-10-10T21:07:47Z",
    "severity": "HIGH",
    "github_reviewed": true,
    "cwe_ids": [
      "CWE-1258"
    ]
  },
  "references": [
    {
      "type": "WEB",
      "url": "https://github.com/abdolence/slack-morphism-rust/security/advisories/GHSA-4mjx-2gh5-ph8h"
    },
    {
      "type": "ADVISORY",
      "url": "https://nvd.nist.gov/vuln/detail/CVE-2022-39292"
    },
    {
      "type": "WEB",
      "url": "https://github.com/abdolence/slack-morphism-rust/commit/48a1da2dc2ad3a5ccc60036d43f6f8fbb2c15f1d"
    },
    {
      "type": "WEB",
      "url": "https://github.com/abdolence/slack-morphism-rust/commit/65ef9fac4f39c4e171e2952a6cf029bb0d059a89"
    },
    {
      "type": "PACKAGE",
      "url": "https://github.com/abdolence/slack-morphism-rust"
    },
    {
      "type": "WEB",
      "url": "https://github.com/abdolence/slack-morphism-rust/releases/tag/v1.3.2"
    },
    {
      "type": "WEB",
      "url": "https://rustsec.org/advisories/RUSTSEC-2022-0087.html"
    }
  ],
  "affected": [
    {
      "package": {
        "name": "slack-morphism",
        "ecosystem": "crates.io",
        "purl": "pkg:cargo/slack-morphism"
      },
      "ranges": [
        {
          "type": "SEMVER",
          "events": [
            {
              "introduced": "0"
            },
            {
              "fixed": "1.3.2"
            }
          ]
        }
      ],
      "database_specific": {
        "source": "https://github.com/github/advisory-database/blob/main/advisories/github-reviewed/2022/10/GHSA-4mjx-2gh5-ph8h/GHSA-4mjx-2gh5-ph8h.json"
      }
    }
  ],
  "schema_version": "1.6.0",
  "severity": [
    {
      "type": "CVSS_V3",
      "score": "CVSS:3.1/AV:N/AC:L/PR:N/UI:N/S:U/C:H/I:N/A:N"
    }
  ]
}