{
  "id": "GHSA-74w3-p89x-ffgh",
  "summary": "ansi_term is Unmaintained",
  "details": "## Withdrawn Advisory\nThis advisory has been withdrawn because it does not discuss a particular vulnerability in the code of `ansi_term`.\n\n## Original Description\nThe maintainer has adviced this crate is deprecated and will not receive any maintenance.\n\nThe crate does not seem to have much dependencies and may or may not be ok to use as-is.\n\nLast release seems to have been three years ago.\n",
  "modified": "2022-09-19T14:25:17Z",
  "published": "2022-09-16T21:03:19Z",
  "withdrawn": "2022-09-19T14:25:17Z",
  "database_specific": {
    "nvd_published_at": null,
    "cwe_ids": [],
    "severity": "LOW",
    "github_reviewed": true,
    "github_reviewed_at": "2022-09-16T21:03:19Z"
  },
  "references": [
    {
      "type": "WEB",
      "url": "https://github.com/ogham/rust-ansi-term/issues/72"
    },
    {
      "type": "WEB",
      "url": "https://github.com/ogham/rust-ansi-term"
    },
    {
      "type": "WEB",
      "url": "https://rustsec.org/advisories/RUSTSEC-2021-0139.html"
    }
  ],
  "affected": [
    {
      "package": {
        "name": "ansi_term",
        "ecosystem": "crates.io",
        "purl": "pkg:cargo/ansi_term"
      },
      "ranges": [
        {
          "type": "SEMVER",
          "events": [
            {
              "introduced": "0"
            }
          ]
        }
      ],
      "database_specific": {
        "source": "https://github.com/github/advisory-database/blob/main/advisories/github-reviewed/2022/09/GHSA-74w3-p89x-ffgh/GHSA-74w3-p89x-ffgh.json"
      }
    }
  ],
  "schema_version": "1.6.0"
}