{
  "id": "GHSA-c3m3-c39q-pv23",
  "summary": "Out of bounds write in slice-deque",
  "details": "Affected versions of this crate entered a corrupted state if mem::size_of::<T>() % allocation_granularity() != 0 and a specific allocation pattern was used: sufficiently shifting the deque elements over the mirrored page boundary.\n\nThis allows an attacker that controls controls both element insertion and removal to corrupt the deque, such that reading elements from it would read bytes corresponding to other elements in the deque. (e.g. a read of T could read some bytes from one value and some bytes from an adjacent one, resulting in a T whose value representation is not meaningful). This is undefined behavior.\n\nThe flaw was corrected by using a pair of pointers to track the head and tail of the deque instead of a pair of indices. This pair of pointers are represented using a Rust slice.",
  "aliases": [
    "CVE-2019-15543",
    "RUSTSEC-2019-0002"
  ],
  "modified": "2023-11-08T04:01:13.735681Z",
  "published": "2021-08-25T20:44:10Z",
  "database_specific": {
    "nvd_published_at": null,
    "cwe_ids": [
      "CWE-787"
    ],
    "severity": "CRITICAL",
    "github_reviewed": true,
    "github_reviewed_at": "2021-08-19T21:23:28Z"
  },
  "references": [
    {
      "type": "ADVISORY",
      "url": "https://nvd.nist.gov/vuln/detail/CVE-2019-15543"
    },
    {
      "type": "WEB",
      "url": "https://github.com/gnzlbg/slice_deque/issues/57"
    },
    {
      "type": "PACKAGE",
      "url": "https://github.com/gnzlbg/slice_deque"
    },
    {
      "type": "WEB",
      "url": "https://rustsec.org/advisories/RUSTSEC-2019-0002.html"
    }
  ],
  "affected": [
    {
      "package": {
        "name": "slice-deque",
        "ecosystem": "crates.io",
        "purl": "pkg:cargo/slice-deque"
      },
      "ranges": [
        {
          "type": "SEMVER",
          "events": [
            {
              "introduced": "0"
            },
            {
              "fixed": "0.2.0"
            }
          ]
        }
      ],
      "database_specific": {
        "source": "https://github.com/github/advisory-database/blob/main/advisories/github-reviewed/2021/08/GHSA-c3m3-c39q-pv23/GHSA-c3m3-c39q-pv23.json"
      }
    }
  ],
  "schema_version": "1.6.0",
  "severity": [
    {
      "type": "CVSS_V3",
      "score": "CVSS:3.0/AV:N/AC:L/PR:N/UI:N/S:U/C:H/I:H/A:H"
    }
  ]
}