{
  "id": "GHSA-8c6g-4xc5-w96c",
  "summary": "Uninitialized memory exposure in claxon",
  "details": "Affected versions of Claxon made an invalid assumption about the decode buffer size being a multiple of a value read from the bitstream. This could cause parts of the decode buffer to not be overwritten. If the decode buffer was newly allocated and uninitialized, this uninitialized memory could be exposed.\n\nThis allows an attacker to observe parts of the uninitialized memory in the decoded audio stream.\n\nThe flaw was corrected by checking that the value read from the bitstream divides the decode buffer size, and returning a format error if it does not. If an error is returned, the decode buffer is not exposed. Regression tests and an additional fuzzer have been added to prevent similar flaws in the future.",
  "aliases": [
    "CVE-2018-20992",
    "RUSTSEC-2018-0004"
  ],
  "modified": "2023-11-08T04:00:13.431426Z",
  "published": "2021-08-25T20:43:52Z",
  "database_specific": {
    "nvd_published_at": null,
    "cwe_ids": [
      "CWE-908"
    ],
    "severity": "MODERATE",
    "github_reviewed": true,
    "github_reviewed_at": "2021-08-19T21:24:16Z"
  },
  "references": [
    {
      "type": "ADVISORY",
      "url": "https://nvd.nist.gov/vuln/detail/CVE-2018-20992"
    },
    {
      "type": "WEB",
      "url": "https://github.com/ruuda/claxon/commit/8f28ec275e412dd3af4f3cda460605512faf332c"
    },
    {
      "type": "PACKAGE",
      "url": "https://github.com/ruuda/claxon"
    },
    {
      "type": "WEB",
      "url": "https://github.com/ruuda/claxon/releases/tag/v0.3.2"
    },
    {
      "type": "WEB",
      "url": "https://github.com/ruuda/claxon/releases/tag/v0.4.1"
    },
    {
      "type": "WEB",
      "url": "https://rustsec.org/advisories/RUSTSEC-2018-0004.html"
    }
  ],
  "affected": [
    {
      "package": {
        "name": "claxon",
        "ecosystem": "crates.io",
        "purl": "pkg:cargo/claxon"
      },
      "ranges": [
        {
          "type": "SEMVER",
          "events": [
            {
              "introduced": "0.4.0"
            },
            {
              "fixed": "0.4.1"
            }
          ]
        }
      ],
      "database_specific": {
        "source": "https://github.com/github/advisory-database/blob/main/advisories/github-reviewed/2021/08/GHSA-8c6g-4xc5-w96c/GHSA-8c6g-4xc5-w96c.json"
      }
    },
    {
      "package": {
        "name": "claxon",
        "ecosystem": "crates.io",
        "purl": "pkg:cargo/claxon"
      },
      "ranges": [
        {
          "type": "SEMVER",
          "events": [
            {
              "introduced": "0"
            },
            {
              "fixed": "0.3.2"
            }
          ]
        }
      ],
      "database_specific": {
        "source": "https://github.com/github/advisory-database/blob/main/advisories/github-reviewed/2021/08/GHSA-8c6g-4xc5-w96c/GHSA-8c6g-4xc5-w96c.json"
      }
    }
  ],
  "schema_version": "1.6.0",
  "severity": [
    {
      "type": "CVSS_V3",
      "score": "CVSS:3.0/AV:N/AC:L/PR:N/UI:R/S:U/C:H/I:N/A:N"
    }
  ]
}