{
  "id": "GHSA-h352-g5vw-3926",
  "summary": "Improper Input Validation in fruity",
  "details": "Methods of NSString for conversion to a string may return a partial result. Since they call CStr::from_ptr on a pointer to the string buffer, the string is terminated at the first null byte, which might not be the end of the string.\n\nIn addition to the vulnerable functions listed for this issue, the implementations of Display, PartialEq, PartialOrd, and ToString for NSString are also affected, since they call those functions.\n\nSince NSString is commonly used as the type for paths by the Foundation framework, null byte truncation might allow for easily bypassing file extension checks. For example, if a file name is provided by a user and validated to have one of a specific set of extensions, with validation taking place before truncation, an attacker can add an accepted extension after a null byte (e.g., file.exe\\0.txt). After truncation, the file name used by the application would be file.exe.\n\nIt would be better to generate unique names for files, instead of using user-provided names, but not all applications take this approach.",
  "aliases": [
    "CVE-2021-43620",
    "RUSTSEC-2021-0123"
  ],
  "modified": "2023-11-08T04:07:11.140379Z",
  "published": "2021-11-16T17:26:47Z",
  "database_specific": {
    "nvd_published_at": "2021-11-15T05:15:00Z",
    "cwe_ids": [
      "CWE-20"
    ],
    "severity": "HIGH",
    "github_reviewed": true,
    "github_reviewed_at": "2021-11-16T15:32:42Z"
  },
  "references": [
    {
      "type": "ADVISORY",
      "url": "https://nvd.nist.gov/vuln/detail/CVE-2021-43620"
    },
    {
      "type": "WEB",
      "url": "https://github.com/nvzqz/fruity/issues/14"
    },
    {
      "type": "WEB",
      "url": "https://github.com/rustsec/advisory-db/pull/1102"
    },
    {
      "type": "PACKAGE",
      "url": "https://github.com/nvzqz/fruity"
    },
    {
      "type": "WEB",
      "url": "https://rustsec.org/advisories/RUSTSEC-2021-0123.html"
    }
  ],
  "affected": [
    {
      "package": {
        "name": "fruity",
        "ecosystem": "crates.io",
        "purl": "pkg:cargo/fruity"
      },
      "ranges": [
        {
          "type": "SEMVER",
          "events": [
            {
              "introduced": "0.1.0"
            },
            {
              "fixed": "0.3.0"
            }
          ]
        }
      ],
      "ecosystem_specific": {
        "affected_functions": [
          "fruity::foundation::NSString::to_str",
          "fruity::foundation::NSString::to_str_with_nul",
          "fruity::foundation::NSString::to_string",
          "fruity::foundation::NSString::to_string_with_nul"
        ]
      },
      "database_specific": {
        "source": "https://github.com/github/advisory-database/blob/main/advisories/github-reviewed/2021/11/GHSA-h352-g5vw-3926/GHSA-h352-g5vw-3926.json"
      }
    }
  ],
  "schema_version": "1.6.0",
  "severity": [
    {
      "type": "CVSS_V3",
      "score": "CVSS:3.1/AV:N/AC:L/PR:N/UI:N/S:U/C:N/I:H/A:N"
    }
  ]
}