{
  "id": "GHSA-j42v-6wpm-r847",
  "summary": "Data races in thex",
  "details": "An issue was discovered in the thex crate through 2020-12-08 for Rust. Thex<T> allows cross-thread data races of non-Send types.",
  "aliases": [
    "CVE-2020-35927",
    "RUSTSEC-2020-0090"
  ],
  "modified": "2023-11-08T04:03:39.830805Z",
  "published": "2021-08-25T20:50:26Z",
  "database_specific": {
    "nvd_published_at": null,
    "github_reviewed_at": "2021-08-19T18:55:21Z",
    "severity": "MODERATE",
    "github_reviewed": true,
    "cwe_ids": [
      "CWE-662"
    ]
  },
  "references": [
    {
      "type": "ADVISORY",
      "url": "https://nvd.nist.gov/vuln/detail/CVE-2020-35927"
    },
    {
      "type": "WEB",
      "url": "https://rustsec.org/advisories/RUSTSEC-2020-0090.html"
    }
  ],
  "affected": [
    {
      "package": {
        "name": "thex",
        "ecosystem": "crates.io",
        "purl": "pkg:cargo/thex"
      },
      "ranges": [
        {
          "type": "SEMVER",
          "events": [
            {
              "introduced": "0"
            },
            {
              "last_affected": "0.1.0"
            }
          ]
        }
      ],
      "database_specific": {
        "source": "https://github.com/github/advisory-database/blob/main/advisories/github-reviewed/2021/08/GHSA-j42v-6wpm-r847/GHSA-j42v-6wpm-r847.json"
      }
    }
  ],
  "schema_version": "1.6.0",
  "severity": [
    {
      "type": "CVSS_V3",
      "score": "CVSS:3.1/AV:L/AC:L/PR:L/UI:N/S:U/C:N/I:N/A:H"
    }
  ]
}