{
  "id": "GHSA-6c65-xcf5-299x",
  "summary": "Uninitialized memory use in generator",
  "details": "An issue was discovered in the generator crate before 0.6.18 for Rust. Uninitialized memory is used by Scope, done, and yield_ during API calls.",
  "aliases": [
    "CVE-2019-16144",
    "RUSTSEC-2019-0020"
  ],
  "modified": "2023-11-08T04:01:16.467319Z",
  "published": "2021-08-25T20:58:25Z",
  "database_specific": {
    "nvd_published_at": "2019-09-09T12:15:00Z",
    "github_reviewed_at": "2021-08-18T17:52:08Z",
    "severity": "HIGH",
    "github_reviewed": true,
    "cwe_ids": [
      "CWE-908"
    ]
  },
  "references": [
    {
      "type": "ADVISORY",
      "url": "https://nvd.nist.gov/vuln/detail/CVE-2019-16144"
    },
    {
      "type": "WEB",
      "url": "https://github.com/Xudong-Huang/generator-rs/issues/11"
    },
    {
      "type": "WEB",
      "url": "https://github.com/Xudong-Huang/generator-rs/issues/13"
    },
    {
      "type": "WEB",
      "url": "https://github.com/Xudong-Huang/generator-rs/issues/14"
    },
    {
      "type": "WEB",
      "url": "https://github.com/Xudong-Huang/generator-rs/issues/9"
    },
    {
      "type": "PACKAGE",
      "url": "https://github.com/Xudong-Huang/generator-rs"
    },
    {
      "type": "WEB",
      "url": "https://rustsec.org/advisories/RUSTSEC-2019-0020.html"
    }
  ],
  "affected": [
    {
      "package": {
        "name": "generator",
        "ecosystem": "crates.io",
        "purl": "pkg:cargo/generator"
      },
      "ranges": [
        {
          "type": "SEMVER",
          "events": [
            {
              "introduced": "0"
            },
            {
              "fixed": "0.6.18"
            }
          ]
        }
      ],
      "database_specific": {
        "source": "https://github.com/github/advisory-database/blob/main/advisories/github-reviewed/2021/08/GHSA-6c65-xcf5-299x/GHSA-6c65-xcf5-299x.json"
      }
    }
  ],
  "schema_version": "1.6.0",
  "severity": [
    {
      "type": "CVSS_V3",
      "score": "CVSS:3.1/AV:N/AC:L/PR:N/UI:N/S:U/C:N/I:N/A:H"
    }
  ]
}