{
  "id": "GHSA-g489-xrw3-3v8w",
  "summary": "Data races in aovec",
  "details": "An issue was discovered in the aovec crate through 2020-12-10 for Rust. Because Aovec<T> does not have bounds on its Send trait or Sync trait, a data race and memory corruption can occur.",
  "aliases": [
    "CVE-2020-36207",
    "RUSTSEC-2020-0099"
  ],
  "modified": "2023-11-08T04:03:41.538160Z",
  "published": "2021-08-25T20:50:46Z",
  "database_specific": {
    "nvd_published_at": null,
    "github_reviewed_at": "2021-08-19T18:51:25Z",
    "severity": "HIGH",
    "github_reviewed": true,
    "cwe_ids": [
      "CWE-662",
      "CWE-787"
    ]
  },
  "references": [
    {
      "type": "ADVISORY",
      "url": "https://nvd.nist.gov/vuln/detail/CVE-2020-36207"
    },
    {
      "type": "PACKAGE",
      "url": "https://github.com/krl/aovec"
    },
    {
      "type": "WEB",
      "url": "https://rustsec.org/advisories/RUSTSEC-2020-0099.html"
    }
  ],
  "affected": [
    {
      "package": {
        "name": "aovec",
        "ecosystem": "crates.io",
        "purl": "pkg:cargo/aovec"
      },
      "ranges": [
        {
          "type": "SEMVER",
          "events": [
            {
              "introduced": "0"
            },
            {
              "last_affected": "1.1.0"
            }
          ]
        }
      ],
      "database_specific": {
        "source": "https://github.com/github/advisory-database/blob/main/advisories/github-reviewed/2021/08/GHSA-g489-xrw3-3v8w/GHSA-g489-xrw3-3v8w.json"
      }
    }
  ],
  "schema_version": "1.6.0",
  "severity": [
    {
      "type": "CVSS_V3",
      "score": "CVSS:3.1/AV:L/AC:H/PR:L/UI:N/S:U/C:H/I:H/A:H"
    }
  ]
}