{
  "id": "GHSA-99j7-mhfh-w84p",
  "summary": "Slack Morphism for Rust before 0.41.0 can leak Slack OAuth client information in application debug logs",
  "details": "### Impact\nPotential/accidental leaking of Slack OAuth client information in application debug logs.\n\n### Patches\nMore strict and secure debug formatting was introduced in v0.41 for OAuth secret types to avoid the possibility of printing sensitive information in application logs.\n\n### Workarounds\nDon't print/output in logs request and responses for OAuth and client configurations.\n\n### For more information\nIf you have any questions or comments about this advisory:\n* Open an issue in the [repo](https://github.com/abdolence/slack-morphism-rust)\n* Email us at [me@abdolence.dev](mailto:me@abdolence.dev)\n",
  "aliases": [
    "CVE-2022-31162",
    "RUSTSEC-2022-0086"
  ],
  "modified": "2023-11-08T04:09:28.280996Z",
  "published": "2022-07-20T01:30:21Z",
  "database_specific": {
    "nvd_published_at": "2022-07-22T04:15:00Z",
    "cwe_ids": [
      "CWE-1258",
      "CWE-200",
      "CWE-212"
    ],
    "severity": "HIGH",
    "github_reviewed": true,
    "github_reviewed_at": "2022-07-20T01:30:21Z"
  },
  "references": [
    {
      "type": "WEB",
      "url": "https://github.com/abdolence/slack-morphism-rust/security/advisories/GHSA-99j7-mhfh-w84p"
    },
    {
      "type": "ADVISORY",
      "url": "https://nvd.nist.gov/vuln/detail/CVE-2022-31162"
    },
    {
      "type": "WEB",
      "url": "https://github.com/abdolence/slack-morphism-rust/pull/133"
    },
    {
      "type": "WEB",
      "url": "https://github.com/abdolence/slack-morphism-rust/commit/4923fb7d458ed28c0302244c54cb4df0acee7ee6"
    },
    {
      "type": "PACKAGE",
      "url": "https://github.com/abdolence/slack-morphism-rust"
    },
    {
      "type": "WEB",
      "url": "https://github.com/abdolence/slack-morphism-rust/releases/tag/v0.41.0"
    },
    {
      "type": "WEB",
      "url": "https://rustsec.org/advisories/RUSTSEC-2022-0086.html"
    }
  ],
  "affected": [
    {
      "package": {
        "name": "slack-morphism",
        "ecosystem": "crates.io",
        "purl": "pkg:cargo/slack-morphism"
      },
      "ranges": [
        {
          "type": "SEMVER",
          "events": [
            {
              "introduced": "0"
            },
            {
              "fixed": "0.41.0"
            }
          ]
        }
      ],
      "database_specific": {
        "source": "https://github.com/github/advisory-database/blob/main/advisories/github-reviewed/2022/07/GHSA-99j7-mhfh-w84p/GHSA-99j7-mhfh-w84p.json"
      }
    }
  ],
  "schema_version": "1.6.0",
  "severity": [
    {
      "type": "CVSS_V3",
      "score": "CVSS:3.1/AV:N/AC:L/PR:N/UI:N/S:U/C:H/I:N/A:N"
    }
  ]
}