{
  "id": "GHSA-7j36-gc4r-9x3r",
  "summary": "Out of bounds access in compact_arena",
  "details": "Affected versions of this crate did not properly implement the generativity, because the invariant lifetimes were not necessarily dropped.\n\nThis allows an attacker to mix up two arenas, using indices created from one arena with another one. This might lead to an out-of-bounds read or write access into the memory reserved for the arena.\n\nThe flaw was corrected by implementing generativity correctly in version 0.4.0.",
  "aliases": [
    "CVE-2019-16139",
    "RUSTSEC-2019-0015"
  ],
  "modified": "2023-11-08T04:01:16.163639Z",
  "published": "2021-08-25T20:44:48Z",
  "database_specific": {
    "nvd_published_at": "2019-09-09T12:15:00Z",
    "cwe_ids": [
      "CWE-125",
      "CWE-787"
    ],
    "severity": "CRITICAL",
    "github_reviewed": true,
    "github_reviewed_at": "2021-08-19T21:22:37Z"
  },
  "references": [
    {
      "type": "ADVISORY",
      "url": "https://nvd.nist.gov/vuln/detail/CVE-2019-16139"
    },
    {
      "type": "WEB",
      "url": "https://github.com/llogiq/compact_arena/issues/22"
    },
    {
      "type": "PACKAGE",
      "url": "https://github.com/llogiq/compact_arena"
    },
    {
      "type": "WEB",
      "url": "https://rustsec.org/advisories/RUSTSEC-2019-0015.html"
    }
  ],
  "affected": [
    {
      "package": {
        "name": "compact_arena",
        "ecosystem": "crates.io",
        "purl": "pkg:cargo/compact_arena"
      },
      "ranges": [
        {
          "type": "SEMVER",
          "events": [
            {
              "introduced": "0"
            },
            {
              "fixed": "0.4.0"
            }
          ]
        }
      ],
      "ecosystem_specific": {
        "affected_functions": [
          "compact_arena::SmallArena::new"
        ]
      },
      "database_specific": {
        "source": "https://github.com/github/advisory-database/blob/main/advisories/github-reviewed/2021/08/GHSA-7j36-gc4r-9x3r/GHSA-7j36-gc4r-9x3r.json"
      }
    }
  ],
  "schema_version": "1.6.0",
  "severity": [
    {
      "type": "CVSS_V3",
      "score": "CVSS:3.1/AV:N/AC:L/PR:N/UI:N/S:U/C:H/I:H/A:H"
    }
  ]
}