{
  "id": "GHSA-82hm-vh7g-hrh9",
  "summary": "Partial read is incorrect in molecule",
  "details": "### Impact\n\nAnyone who uses `total_size(..)` function to partial read the length of any `FixVec` will get an incorrect result, due to an incorrect implementation. This has been resolved in the 0.7.2 release.\n\n### Workarounds\n\nIf you already have the whole `FixVec` `A`, you can use `A.as_slice().len()` to get the total size of the `FixVec`.\n\n### For more information\n\nIf you have any questions or comments about this advisory:\n\n- [Open an issue to ask use directly](https://github.com/nervosnetwork/molecule/issues/new).",
  "aliases": [
    "CVE-2021-45697",
    "GHSA-6p3c-v8vc-c244",
    "RUSTSEC-2021-0103"
  ],
  "modified": "2023-11-08T04:07:22.503158Z",
  "published": "2021-08-25T21:01:25Z",
  "database_specific": {
    "nvd_published_at": null,
    "github_reviewed_at": "2021-08-02T18:10:49Z",
    "severity": "MODERATE",
    "github_reviewed": true,
    "cwe_ids": []
  },
  "references": [
    {
      "type": "WEB",
      "url": "https://github.com/nervosnetwork/molecule/security/advisories/GHSA-82hm-vh7g-hrh9"
    },
    {
      "type": "WEB",
      "url": "https://github.com/nervosnetwork/molecule/pull/49"
    },
    {
      "type": "PACKAGE",
      "url": "https://github.com/nervosnetwork/molecule"
    },
    {
      "type": "WEB",
      "url": "https://rustsec.org/advisories/RUSTSEC-2021-0103.html"
    }
  ],
  "affected": [
    {
      "package": {
        "name": "molecule",
        "ecosystem": "crates.io",
        "purl": "pkg:cargo/molecule"
      },
      "ranges": [
        {
          "type": "SEMVER",
          "events": [
            {
              "introduced": "0"
            },
            {
              "fixed": "0.7.2"
            }
          ]
        }
      ],
      "database_specific": {
        "source": "https://github.com/github/advisory-database/blob/main/advisories/github-reviewed/2021/08/GHSA-82hm-vh7g-hrh9/GHSA-82hm-vh7g-hrh9.json"
      }
    }
  ],
  "schema_version": "1.6.0"
}