{
  "id": "GHSA-gh9f-6xm2-c4j2",
  "summary": "SurrealDB vulnerable to Improper Authentication when Changing Databases as Scope User",
  "details": "Authentication would not be properly validated when an already authenticated scope user would use the `use` method or `USE` clause to switch working databases in a session. If there was a user record in the new database with identical record identifier as the original record that the user authenticated with in the original database, this could result in the user being able to perform actions under the identity of the unrelated user in the new database. This issue does not affect system users at any level.\n\nBy default, record identifiers are randomly generated with sufficient complexity to prevent the identifier collision required to trigger this issue. However, the issue may trigger in situations where multiple databases in the same SurrealDB instance are using explicitly defined or incremental record identifiers to identify users on an identically named table.\n\n### Impact\n\nUnder the circumstances described above, a user who has an authenticated session as a scope user in a database could become authorized to query data under the identity of a specific scope user associated with an identical record identifier in a different database within the same SurrealDB instace if the `PERMISSIONS` clause would allow it due to relying exclusively on the `$auth` parameter, which would point to the impersonated user. The impact is limited to the single user with matching record identifier.\n\nThe impact of this issue is mitigated if the table `PERMISSIONS` clause explicitly checks for an scope that only exists in the specific database (e.g. `$scope = \"production\"`) or certain claims of the authentication token (e.g. `$token.email = \"example@example.com\"`), both of which would remain unchanged in the session of the authenticated user after changing databases. Permissions will default to `NONE` if there is no `PERMISSIONS` clause, which also mitigates this impact of this issue.\n\n### Patches\n\n- Version 1.5.4 and later are not affected by this issue.\n- Version 2.0.0-alpha.6 and later will not be affected by this issue.\n\n### Workarounds\n\nUsers unable to update may want to ensure that table `PERMISSIONS` clauses explicitly check that the `$scope` parameter matches a scope that is uniquely named across databases in the same SurrealDB instance. Ensuring that record identifiers for users are automatically generated or explicitly generated to be unique across databases may also be sufficient to mitigate this issue, as the `$auth` parameter will not link to any user record and any `PERMISSIONS` clauses restricting authorization based on the authenticated user should fail to successfully evaluate.\n\n### References\n\n- https://github.com/surrealdb/surrealdb/pull/4335",
  "modified": "2024-07-11T13:19:19Z",
  "published": "2024-07-11T13:19:19Z",
  "database_specific": {
    "nvd_published_at": null,
    "cwe_ids": [
      "CWE-287"
    ],
    "severity": "MODERATE",
    "github_reviewed": true,
    "github_reviewed_at": "2024-07-11T13:19:19Z"
  },
  "references": [
    {
      "type": "WEB",
      "url": "https://github.com/surrealdb/surrealdb/security/advisories/GHSA-gh9f-6xm2-c4j2"
    },
    {
      "type": "WEB",
      "url": "https://github.com/surrealdb/surrealdb/pull/4335"
    },
    {
      "type": "WEB",
      "url": "https://github.com/surrealdb/surrealdb/commit/492f8378d57968dbdf5e63fad41b6ff59bba0b80"
    },
    {
      "type": "PACKAGE",
      "url": "https://github.com/surrealdb/surrealdb"
    }
  ],
  "affected": [
    {
      "package": {
        "name": "surrealdb",
        "ecosystem": "crates.io",
        "purl": "pkg:cargo/surrealdb"
      },
      "ranges": [
        {
          "type": "SEMVER",
          "events": [
            {
              "introduced": "0"
            },
            {
              "fixed": "1.5.4"
            }
          ]
        }
      ],
      "database_specific": {
        "last_known_affected_version_range": "<= 1.5.3",
        "source": "https://github.com/github/advisory-database/blob/main/advisories/github-reviewed/2024/07/GHSA-gh9f-6xm2-c4j2/GHSA-gh9f-6xm2-c4j2.json"
      }
    },
    {
      "package": {
        "name": "surrealdb",
        "ecosystem": "crates.io",
        "purl": "pkg:cargo/surrealdb"
      },
      "ranges": [
        {
          "type": "SEMVER",
          "events": [
            {
              "introduced": "2.0.0-alpha.1"
            },
            {
              "fixed": "2.0.0-alpha.6"
            }
          ]
        }
      ],
      "database_specific": {
        "last_known_affected_version_range": "<= 2.0.0-alpha.5",
        "source": "https://github.com/github/advisory-database/blob/main/advisories/github-reviewed/2024/07/GHSA-gh9f-6xm2-c4j2/GHSA-gh9f-6xm2-c4j2.json"
      }
    },
    {
      "package": {
        "name": "surrealdb-core",
        "ecosystem": "crates.io",
        "purl": "pkg:cargo/surrealdb-core"
      },
      "ranges": [
        {
          "type": "SEMVER",
          "events": [
            {
              "introduced": "0"
            },
            {
              "fixed": "1.5.1"
            }
          ]
        }
      ],
      "database_specific": {
        "last_known_affected_version_range": "<= 1.5.0",
        "source": "https://github.com/github/advisory-database/blob/main/advisories/github-reviewed/2024/07/GHSA-gh9f-6xm2-c4j2/GHSA-gh9f-6xm2-c4j2.json"
      }
    }
  ],
  "schema_version": "1.6.0",
  "severity": [
    {
      "type": "CVSS_V3",
      "score": "CVSS:3.1/AV:N/AC:L/PR:L/UI:N/S:U/C:L/I:L/A:L"
    },
    {
      "type": "CVSS_V4",
      "score": "CVSS:4.0/AV:N/AC:L/AT:N/PR:L/UI:N/VC:L/VI:L/VA:L/SC:N/SI:N/SA:N"
    }
  ]
}