{
  "id": "GHSA-fcmm-54jp-7vf6",
  "summary": "Frontier's modexp precompile is slow for even modulus",
  "details": "### Impact\n\nFrontier's `modexp` precompile uses `num-bigint` crate under the hood. [In the implementation](https://github.com/rust-num/num-bigint/blob/6f2b8e0fc218dbd0f49bebb8db2d1a771fe6bafa/src/biguint/power.rs#L134), the cases for modulus being even and modulus being odd are treated separately. Odd modulus uses the fast Montgomery multiplication, and even modulus uses the slow plain power algorithm. This gas cost discrepancy was not accounted for in the `modexp` precompile, leading to possible denial of service attacks.\n\n### Patches\n\nNo fixes for `num-bigint` is currently available, and thus this advisory will be first fixed in the short term by raising the gas costs for even modulus, and in the long term fixing it in `num-bigint` or switching to another modexp implementation.\n\nThe short-term fix for Frontier is deployed at [PR 1017](https://github.com/paritytech/frontier/pull/1017).\n\nThe recommendations are as follows:\n\n- If you anticipate malicious validators, it's recommended to issue an emergency runtime upgrade as soon as possible.\n- If you do not anticipate malicious validators, it's recommended to issue a normal runtime upgrade, as Substrate has builtin timeout protection when validators are building blocks.\n\n### Workarounds\n\nNone.\n\n### References\n\nA similar issue was presented in Geth's implementation and the fix can be found [here](https://go-review.googlesource.com/c/go/+/420897).\n",
  "aliases": [
    "CVE-2023-28431"
  ],
  "modified": "2023-11-08T04:12:10.705502Z",
  "published": "2023-03-21T22:31:30Z",
  "database_specific": {
    "nvd_published_at": "2023-03-22T21:15:00Z",
    "github_reviewed_at": "2023-03-21T22:31:30Z",
    "severity": "HIGH",
    "github_reviewed": true,
    "cwe_ids": [
      "CWE-682"
    ]
  },
  "references": [
    {
      "type": "WEB",
      "url": "https://github.com/paritytech/frontier/security/advisories/GHSA-fcmm-54jp-7vf6"
    },
    {
      "type": "ADVISORY",
      "url": "https://nvd.nist.gov/vuln/detail/CVE-2023-28431"
    },
    {
      "type": "WEB",
      "url": "https://github.com/paritytech/frontier/pull/1017"
    },
    {
      "type": "WEB",
      "url": "https://github.com/paritytech/frontier/commit/5af12e94d7dfc8a0208a290643a800f55de7b219"
    },
    {
      "type": "PACKAGE",
      "url": "https://github.com/paritytech/frontier"
    },
    {
      "type": "WEB",
      "url": "https://github.com/rust-num/num-bigint/blob/6f2b8e0fc218dbd0f49bebb8db2d1a771fe6bafa/src/biguint/power.rs#L134"
    }
  ],
  "affected": [
    {
      "package": {
        "name": "frontier",
        "ecosystem": "crates.io",
        "purl": "pkg:cargo/frontier"
      },
      "ranges": [
        {
          "type": "SEMVER",
          "events": [
            {
              "introduced": "0"
            },
            {
              "last_affected": "0.1.0"
            }
          ]
        }
      ],
      "database_specific": {
        "source": "https://github.com/github/advisory-database/blob/main/advisories/github-reviewed/2023/03/GHSA-fcmm-54jp-7vf6/GHSA-fcmm-54jp-7vf6.json"
      }
    }
  ],
  "schema_version": "1.6.0",
  "severity": [
    {
      "type": "CVSS_V3",
      "score": "CVSS:3.1/AV:N/AC:L/PR:N/UI:N/S:U/C:N/I:N/A:H"
    }
  ]
}