{
  "id": "GHSA-9g55-pg62-m8hh",
  "summary": "Channel creates zero value of any type",
  "details": "Affected versions of this crate called `mem::zeroed()` to create values of a user-supplied type `T`.\nThis is unsound e.g. if `T` is a reference type (which must be non-null).\n \nThe flaw was corrected by avoiding the use of `mem::zeroed()`, using `MaybeUninit` instead.\n",
  "aliases": [
    "RUSTSEC-2022-0019"
  ],
  "modified": "2023-11-08T04:17:54.817918Z",
  "published": "2022-06-16T23:49:25Z",
  "database_specific": {
    "nvd_published_at": null,
    "github_reviewed_at": "2022-06-16T23:49:25Z",
    "severity": "HIGH",
    "github_reviewed": true,
    "cwe_ids": []
  },
  "references": [
    {
      "type": "WEB",
      "url": "https://github.com/crossbeam-rs/crossbeam/pull/458"
    },
    {
      "type": "PACKAGE",
      "url": "https://github.com/crossbeam-rs/crossbeam"
    },
    {
      "type": "WEB",
      "url": "https://rustsec.org/advisories/RUSTSEC-2022-0019.html"
    }
  ],
  "affected": [
    {
      "package": {
        "name": "crossbeam-channel",
        "ecosystem": "crates.io",
        "purl": "pkg:cargo/crossbeam-channel"
      },
      "ranges": [
        {
          "type": "SEMVER",
          "events": [
            {
              "introduced": "0"
            },
            {
              "fixed": "0.4.3"
            }
          ]
        }
      ],
      "database_specific": {
        "source": "https://github.com/github/advisory-database/blob/main/advisories/github-reviewed/2022/06/GHSA-9g55-pg62-m8hh/GHSA-9g55-pg62-m8hh.json"
      }
    }
  ],
  "schema_version": "1.6.0"
}