{
  "id": "GHSA-gch5-hwqf-mxhp",
  "summary": "Unsoundness in `intern` methods on `intaglio` symbol interners",
  "details": "Affected versions of this crate have a stacked borrows violation when creating\nreferences to interned contents. All interner types are affected.\n\nThe flaw was corrected in version 1.9.0 by reordering move and borrowing\noperations and storing interned contents by raw pointer instead of as a `Box`.\n",
  "aliases": [
    "RUSTSEC-2023-0048"
  ],
  "modified": "2023-11-08T04:19:27.824697Z",
  "published": "2023-07-27T19:29:41Z",
  "database_specific": {
    "nvd_published_at": null,
    "cwe_ids": [],
    "severity": "LOW",
    "github_reviewed": true,
    "github_reviewed_at": "2023-07-27T19:29:41Z"
  },
  "references": [
    {
      "type": "WEB",
      "url": "https://github.com/artichoke/intaglio/pull/236"
    },
    {
      "type": "PACKAGE",
      "url": "https://github.com/artichoke/intaglio"
    },
    {
      "type": "WEB",
      "url": "https://rustsec.org/advisories/RUSTSEC-2023-0048.html"
    }
  ],
  "affected": [
    {
      "package": {
        "name": "intaglio",
        "ecosystem": "crates.io",
        "purl": "pkg:cargo/intaglio"
      },
      "ranges": [
        {
          "type": "SEMVER",
          "events": [
            {
              "introduced": "0"
            },
            {
              "fixed": "1.9.0"
            }
          ]
        }
      ],
      "ecosystem_specific": {
        "affected_functions": [
          "intaglio::SymbolTable::intern",
          "intaglio::bytes::SymbolTable::intern",
          "intaglio::cstr::SymbolTable::intern",
          "intaglio::osstr::SymbolTable::intern",
          "intaglio::path::SymbolTable::intern"
        ]
      },
      "database_specific": {
        "source": "https://github.com/github/advisory-database/blob/main/advisories/github-reviewed/2023/07/GHSA-gch5-hwqf-mxhp/GHSA-gch5-hwqf-mxhp.json"
      }
    }
  ],
  "schema_version": "1.6.0"
}