{
  "id": "GHSA-6692-8qqf-79jc",
  "summary": "`Read` on uninitialized buffer may cause UB ('tectonic_xdv' crate)",
  "details": "Affected versions of this crate passes an uninitialized buffer to a user-provided `Read` implementation.\n\nArbitrary `Read` implementations can read from the uninitialized buffer (memory exposure) and also can return incorrect number of bytes written to the buffer. Reading from uninitialized memory produces undefined values that can quickly invoke undefined behavior.\n\nThe problem was fixed in commit `cdff034` by zero-initializing the buffer before passing it to a user-provided `Read` implementation.\n",
  "aliases": [
    "CVE-2021-45703",
    "GHSA-qwvx-c8j7-5g75",
    "RUSTSEC-2021-0112"
  ],
  "modified": "2023-11-08T04:07:22.808476Z",
  "published": "2022-06-17T00:24:29Z",
  "database_specific": {
    "nvd_published_at": null,
    "cwe_ids": [],
    "severity": "HIGH",
    "github_reviewed": true,
    "github_reviewed_at": "2022-06-17T00:24:29Z"
  },
  "references": [
    {
      "type": "WEB",
      "url": "https://github.com/tectonic-typesetting/tectonic/issues/752"
    },
    {
      "type": "WEB",
      "url": "https://github.com/tectonic-typesetting/tectonic/commit/cdff034e6d93cdfdafd13d8c6956e22fa5a57b79"
    },
    {
      "type": "PACKAGE",
      "url": "https://github.com/tectonic-typesetting/tectonic"
    },
    {
      "type": "WEB",
      "url": "https://rustsec.org/advisories/RUSTSEC-2021-0112.html"
    }
  ],
  "affected": [
    {
      "package": {
        "name": "tectonic_xdv",
        "ecosystem": "crates.io",
        "purl": "pkg:cargo/tectonic_xdv"
      },
      "ranges": [
        {
          "type": "SEMVER",
          "events": [
            {
              "introduced": "0"
            },
            {
              "fixed": "0.1.12"
            }
          ]
        }
      ],
      "database_specific": {
        "source": "https://github.com/github/advisory-database/blob/main/advisories/github-reviewed/2022/06/GHSA-6692-8qqf-79jc/GHSA-6692-8qqf-79jc.json"
      }
    }
  ],
  "schema_version": "1.6.0"
}