{
  "id": "GHSA-j79j-cx3h-g27h",
  "summary": "Out of bounds write in traitobject",
  "details": "An issue was discovered in the traitobject crate through 2020-06-01 for Rust. It has false expectations about fat pointers, possibly causing memory corruption in, for example, Rust 2.x.",
  "aliases": [
    "CVE-2020-35881",
    "RUSTSEC-2020-0027"
  ],
  "modified": "2023-11-08T04:03:37.256561Z",
  "published": "2021-08-25T20:48:02Z",
  "database_specific": {
    "nvd_published_at": null,
    "github_reviewed_at": "2021-08-19T21:07:57Z",
    "severity": "CRITICAL",
    "github_reviewed": true,
    "cwe_ids": [
      "CWE-787"
    ]
  },
  "references": [
    {
      "type": "ADVISORY",
      "url": "https://nvd.nist.gov/vuln/detail/CVE-2020-35881"
    },
    {
      "type": "WEB",
      "url": "https://github.com/reem/rust-traitobject/issues/7"
    },
    {
      "type": "PACKAGE",
      "url": "https://github.com/reem/rust-traitobject"
    },
    {
      "type": "WEB",
      "url": "https://rustsec.org/advisories/RUSTSEC-2020-0027.html"
    }
  ],
  "affected": [
    {
      "package": {
        "name": "traitobject",
        "ecosystem": "crates.io",
        "purl": "pkg:cargo/traitobject"
      },
      "ranges": [
        {
          "type": "SEMVER",
          "events": [
            {
              "introduced": "0"
            },
            {
              "last_affected": "0.1.0"
            }
          ]
        }
      ],
      "database_specific": {
        "source": "https://github.com/github/advisory-database/blob/main/advisories/github-reviewed/2021/08/GHSA-j79j-cx3h-g27h/GHSA-j79j-cx3h-g27h.json"
      }
    }
  ],
  "schema_version": "1.6.0",
  "severity": [
    {
      "type": "CVSS_V3",
      "score": "CVSS:3.1/AV:N/AC:L/PR:N/UI:N/S:U/C:H/I:H/A:H"
    }
  ]
}