{
  "id": "GHSA-5xg3-j2j6-rcx4",
  "summary": "Relative Path Traversal in git-delta",
  "details": "git-delta before 0.8.3 on Windows resolves an executable's pathname as a relative path from the current directory.",
  "aliases": [
    "CVE-2021-36376",
    "RUSTSEC-2021-0105"
  ],
  "modified": "2023-11-08T04:06:13.403491Z",
  "published": "2021-08-25T21:01:39Z",
  "database_specific": {
    "nvd_published_at": "2021-07-13T13:15:00Z",
    "github_reviewed_at": "2021-07-14T19:06:14Z",
    "severity": "HIGH",
    "github_reviewed": true,
    "cwe_ids": [
      "CWE-23",
      "CWE-427"
    ]
  },
  "references": [
    {
      "type": "ADVISORY",
      "url": "https://nvd.nist.gov/vuln/detail/CVE-2021-36376"
    },
    {
      "type": "WEB",
      "url": "https://github.com/dandavison/delta/commit/f01846bd443aaf92fdd5ac20f461beac3f6ee3fd"
    },
    {
      "type": "PACKAGE",
      "url": "https://github.com/dandavison/delta"
    },
    {
      "type": "WEB",
      "url": "https://github.com/dandavison/delta/releases/tag/0.8.3"
    },
    {
      "type": "WEB",
      "url": "https://rustsec.org/advisories/RUSTSEC-2021-0105.html"
    },
    {
      "type": "WEB",
      "url": "https://vuln.ryotak.me/advisories/54"
    }
  ],
  "affected": [
    {
      "package": {
        "name": "git-delta",
        "ecosystem": "crates.io",
        "purl": "pkg:cargo/git-delta"
      },
      "ranges": [
        {
          "type": "SEMVER",
          "events": [
            {
              "introduced": "0"
            },
            {
              "fixed": "0.8.3"
            }
          ]
        }
      ],
      "database_specific": {
        "source": "https://github.com/github/advisory-database/blob/main/advisories/github-reviewed/2021/08/GHSA-5xg3-j2j6-rcx4/GHSA-5xg3-j2j6-rcx4.json"
      }
    }
  ],
  "schema_version": "1.6.0",
  "severity": [
    {
      "type": "CVSS_V3",
      "score": "CVSS:3.1/AV:L/AC:L/PR:N/UI:R/S:U/C:H/I:H/A:H"
    }
  ]
}