{
  "id": "GHSA-fq33-vmhv-48xh",
  "summary": "ntru-rs has unsound FFI: Wrong API usage causes write past allocated area",
  "details": "The following usage causes undefined behavior.\n```rust\nlet kp: ntru::types::KeyPair = \u2026;\nkp.get_public().export(Default::default())\n```\n\nWhen compiled with debug assertions, the code above will trigger a `attempt to subtract with overflow` panic before UB occurs.\nOther mistakes (e.g. using `EncParams` from a different key) may always trigger UB.\n\nLikely, older versions of this crate are also affected, but have not been tested.\n",
  "aliases": [
    "RUSTSEC-2023-0032"
  ],
  "modified": "2023-11-08T04:19:06.327800Z",
  "published": "2023-04-07T19:23:49Z",
  "database_specific": {
    "nvd_published_at": null,
    "github_reviewed_at": "2023-04-07T19:23:49Z",
    "severity": "MODERATE",
    "github_reviewed": true,
    "cwe_ids": []
  },
  "references": [
    {
      "type": "WEB",
      "url": "https://github.com/FrinkGlobal/ntru-rs/issues/8"
    },
    {
      "type": "PACKAGE",
      "url": "https://github.com/FrinkGlobal/ntru-rs"
    },
    {
      "type": "WEB",
      "url": "https://rustsec.org/advisories/RUSTSEC-2023-0032.html"
    }
  ],
  "affected": [
    {
      "package": {
        "name": "ntru",
        "ecosystem": "crates.io",
        "purl": "pkg:cargo/ntru"
      },
      "ranges": [
        {
          "type": "SEMVER",
          "events": [
            {
              "introduced": "0.4.3"
            },
            {
              "last_affected": "0.5.6"
            }
          ]
        }
      ],
      "database_specific": {
        "source": "https://github.com/github/advisory-database/blob/main/advisories/github-reviewed/2023/04/GHSA-fq33-vmhv-48xh/GHSA-fq33-vmhv-48xh.json"
      }
    }
  ],
  "schema_version": "1.6.0"
}