{
  "id": "GHSA-h4c3-5275-vrmg",
  "summary": "Nervos CKB Pool does not remove the conflicting transactions from the statistics ",
  "details": "### Impact\n\nThere's a bug in the pool statistics that when conflicting transactions are removed from the pool, they are not subtracted from the statics. Finally, the transaction pool keeps full and reject all transactions.\n\n### Patches\n\n0.39.2\n\n### Workarounds\n\nRestart the CKB node.",
  "modified": "2024-02-03T00:29:02Z",
  "published": "2024-02-03T00:29:02Z",
  "database_specific": {
    "nvd_published_at": null,
    "cwe_ids": [],
    "severity": "MODERATE",
    "github_reviewed": true,
    "github_reviewed_at": "2024-02-03T00:29:02Z"
  },
  "references": [
    {
      "type": "WEB",
      "url": "https://github.com/nervosnetwork/ckb/security/advisories/GHSA-h4c3-5275-vrmg"
    }
  ],
  "affected": [
    {
      "package": {
        "name": "ckb",
        "ecosystem": "crates.io",
        "purl": "pkg:cargo/ckb"
      },
      "ranges": [
        {
          "type": "SEMVER",
          "events": [
            {
              "introduced": "0"
            },
            {
              "fixed": "0.39.2"
            }
          ]
        }
      ],
      "database_specific": {
        "source": "https://github.com/github/advisory-database/blob/main/advisories/github-reviewed/2024/02/GHSA-h4c3-5275-vrmg/GHSA-h4c3-5275-vrmg.json"
      }
    }
  ],
  "schema_version": "1.6.0"
}