{
  "id": "GHSA-gm68-g349-gxgg",
  "summary": "Denial of service in bingrep",
  "details": "Bingrep v0.8.5 was discovered to contain a memory allocation failure which can cause a Denial of Service (DoS).",
  "aliases": [
    "CVE-2021-39480"
  ],
  "modified": "2023-11-08T04:06:36.137194Z",
  "published": "2022-01-28T22:35:16Z",
  "database_specific": {
    "nvd_published_at": "2022-01-21T22:15:00Z",
    "github_reviewed_at": "2022-01-28T22:20:30Z",
    "severity": "MODERATE",
    "github_reviewed": true,
    "cwe_ids": [
      "CWE-770"
    ]
  },
  "references": [
    {
      "type": "ADVISORY",
      "url": "https://nvd.nist.gov/vuln/detail/CVE-2021-39480"
    },
    {
      "type": "WEB",
      "url": "https://github.com/m4b/bingrep/issues/30"
    },
    {
      "type": "PACKAGE",
      "url": "https://github.com/m4b/bingrep"
    }
  ],
  "affected": [
    {
      "package": {
        "name": "bingrep",
        "ecosystem": "crates.io",
        "purl": "pkg:cargo/bingrep"
      },
      "versions": [
        "0.8.5"
      ],
      "database_specific": {
        "source": "https://github.com/github/advisory-database/blob/main/advisories/github-reviewed/2022/01/GHSA-gm68-g349-gxgg/GHSA-gm68-g349-gxgg.json"
      }
    }
  ],
  "schema_version": "1.6.0"
}