{
  "id": "GHSA-fqhp-rhm6-8rrj",
  "summary": "urlnorm vulnerable to Regular Expression Denial of Service",
  "details": "The urlnorm crate through 0.1.4 for Rust allows Regular Expression Denial of Service (ReDos) via a crafted URL to lib.rs.",
  "aliases": [
    "CVE-2023-33289"
  ],
  "modified": "2023-11-08T04:12:40.489349Z",
  "published": "2023-06-21T21:30:25Z",
  "database_specific": {
    "nvd_published_at": "2023-06-21T20:15:10Z",
    "cwe_ids": [
      "CWE-1333"
    ],
    "severity": "HIGH",
    "github_reviewed": true,
    "github_reviewed_at": "2023-06-21T21:58:09Z"
  },
  "references": [
    {
      "type": "ADVISORY",
      "url": "https://nvd.nist.gov/vuln/detail/CVE-2023-33289"
    },
    {
      "type": "WEB",
      "url": "https://gist.github.com/6en6ar/b118888dc739e8979038f24c8ac33611"
    },
    {
      "type": "PACKAGE",
      "url": "https://github.com/progscrape/urlnorm"
    },
    {
      "type": "WEB",
      "url": "https://lib.rs/crates/urlnorm"
    }
  ],
  "affected": [
    {
      "package": {
        "name": "urlnorm",
        "ecosystem": "crates.io",
        "purl": "pkg:cargo/urlnorm"
      },
      "ranges": [
        {
          "type": "SEMVER",
          "events": [
            {
              "introduced": "0"
            },
            {
              "last_affected": "0.1.4"
            }
          ]
        }
      ],
      "database_specific": {
        "source": "https://github.com/github/advisory-database/blob/main/advisories/github-reviewed/2023/06/GHSA-fqhp-rhm6-8rrj/GHSA-fqhp-rhm6-8rrj.json"
      }
    }
  ],
  "schema_version": "1.6.0",
  "severity": [
    {
      "type": "CVSS_V3",
      "score": "CVSS:3.1/AV:N/AC:L/PR:N/UI:N/S:U/C:N/I:N/A:H"
    }
  ]
}