{
  "id": "GHSA-8xw8-mmqv-frqq",
  "summary": "fake-static allows converting any reference into a `'static` reference",
  "details": "fake-static allows converting a reference with any lifetime into\na reference with `'static` lifetime without the `unsafe` keyword.\n\nInternally, this crate does not use unsafe code, it instead\nexploits a soundness bug in rustc\n\n\n",
  "aliases": [
    "RUSTSEC-2020-0013"
  ],
  "modified": "2023-11-08T04:17:36.454364Z",
  "published": "2021-08-25T20:55:33Z",
  "database_specific": {
    "nvd_published_at": null,
    "github_reviewed_at": "2021-08-18T21:41:18Z",
    "severity": "HIGH",
    "github_reviewed": true,
    "cwe_ids": [
      "CWE-657"
    ]
  },
  "references": [
    {
      "type": "WEB",
      "url": "https://github.com/rust-lang/rust/issues/25860"
    },
    {
      "type": "PACKAGE",
      "url": "https://github.com/NieDzejkob/fake-static"
    },
    {
      "type": "WEB",
      "url": "https://rustsec.org/advisories/RUSTSEC-2020-0013.html"
    }
  ],
  "affected": [
    {
      "package": {
        "name": "fake-static",
        "ecosystem": "crates.io",
        "purl": "pkg:cargo/fake-static"
      },
      "ranges": [
        {
          "type": "SEMVER",
          "events": [
            {
              "introduced": "0"
            },
            {
              "last_affected": "0.1.0"
            }
          ]
        }
      ],
      "database_specific": {
        "source": "https://github.com/github/advisory-database/blob/main/advisories/github-reviewed/2021/08/GHSA-8xw8-mmqv-frqq/GHSA-8xw8-mmqv-frqq.json"
      }
    }
  ],
  "schema_version": "1.6.0"
}