{
  "id": "GHSA-2jfv-g3fh-xq3v",
  "summary": "Excessive memory usage in tokio-rustls",
  "details": "tokio-rustls does not call process_new_packets immediately after read, so the expected termination condition wants_read always returns true. As long as new incoming data arrives faster than it is processed and the reader does not return pending, data will be buffered. This may cause DoS.",
  "aliases": [
    "CVE-2020-35875",
    "RUSTSEC-2020-0019"
  ],
  "modified": "2023-11-08T04:03:36.949759Z",
  "published": "2021-08-25T20:46:54Z",
  "database_specific": {
    "nvd_published_at": null,
    "cwe_ids": [
      "CWE-400"
    ],
    "severity": "HIGH",
    "github_reviewed": true,
    "github_reviewed_at": "2021-08-19T21:19:01Z"
  },
  "references": [
    {
      "type": "ADVISORY",
      "url": "https://nvd.nist.gov/vuln/detail/CVE-2020-35875"
    },
    {
      "type": "WEB",
      "url": "https://github.com/tokio-rs/tls/pull/14"
    },
    {
      "type": "PACKAGE",
      "url": "https://github.com/tokio-rs/tls"
    },
    {
      "type": "WEB",
      "url": "https://rustsec.org/advisories/RUSTSEC-2020-0019.html"
    }
  ],
  "affected": [
    {
      "package": {
        "name": "tokio-rustls",
        "ecosystem": "crates.io",
        "purl": "pkg:cargo/tokio-rustls"
      },
      "ranges": [
        {
          "type": "SEMVER",
          "events": [
            {
              "introduced": "0.12.0"
            },
            {
              "fixed": "0.12.3"
            }
          ]
        }
      ],
      "database_specific": {
        "source": "https://github.com/github/advisory-database/blob/main/advisories/github-reviewed/2021/08/GHSA-2jfv-g3fh-xq3v/GHSA-2jfv-g3fh-xq3v.json"
      }
    },
    {
      "package": {
        "name": "tokio-rustls",
        "ecosystem": "crates.io",
        "purl": "pkg:cargo/tokio-rustls"
      },
      "ranges": [
        {
          "type": "SEMVER",
          "events": [
            {
              "introduced": "0.13.0"
            },
            {
              "fixed": "0.13.1"
            }
          ]
        }
      ],
      "database_specific": {
        "source": "https://github.com/github/advisory-database/blob/main/advisories/github-reviewed/2021/08/GHSA-2jfv-g3fh-xq3v/GHSA-2jfv-g3fh-xq3v.json"
      }
    }
  ],
  "schema_version": "1.6.0",
  "severity": [
    {
      "type": "CVSS_V3",
      "score": "CVSS:3.1/AV:N/AC:L/PR:N/UI:N/S:U/C:N/I:N/A:H"
    }
  ]
}