{
  "id": "GHSA-3xc6-7h59-j2x4",
  "summary": "Duplicate Advisory: eza Potential Heap Overflow Vulnerability for AArch64",
  "details": "## Duplicate Advisory\nThis advisory has been withdrawn because it is a duplicate of GHSA-3qx3-6hxr-j2ch. This link is maintained to preserve external references.\n\n## Original Description\nBuffer Overflow vulnerability in eza before version 0.18.2, allows local attackers to execute arbitrary code via the .git/HEAD, .git/refs, and .git/objects components.",
  "modified": "2024-03-06T15:34:11Z",
  "published": "2024-03-06T00:31:27Z",
  "withdrawn": "2024-03-06T15:34:11Z",
  "database_specific": {
    "nvd_published_at": "2024-03-06T00:15:52Z",
    "cwe_ids": [],
    "severity": "MODERATE",
    "github_reviewed": true,
    "github_reviewed_at": "2024-03-06T15:34:11Z"
  },
  "references": [
    {
      "type": "ADVISORY",
      "url": "https://nvd.nist.gov/vuln/detail/CVE-2024-25817"
    },
    {
      "type": "ADVISORY",
      "url": "https://github.com/advisories/GHSA-3qx3-6hxr-j2ch"
    },
    {
      "type": "WEB",
      "url": "https://www.cubeyond.net/blog/my-cves/eza-cve-report"
    }
  ],
  "affected": [
    {
      "package": {
        "name": "eza",
        "ecosystem": "crates.io",
        "purl": "pkg:cargo/eza"
      },
      "ranges": [
        {
          "type": "SEMVER",
          "events": [
            {
              "introduced": "0"
            },
            {
              "fixed": "0.18.2"
            }
          ]
        }
      ],
      "database_specific": {
        "source": "https://github.com/github/advisory-database/blob/main/advisories/github-reviewed/2024/03/GHSA-3xc6-7h59-j2x4/GHSA-3xc6-7h59-j2x4.json"
      }
    }
  ],
  "schema_version": "1.6.0"
}