{
  "id": "GHSA-75hq-h6g9-h4q5",
  "summary": "Wasmtime vulnerable to panic when using a dropped extenref-typed element segment",
  "details": "### Impact\n\nThe 19.0.0 release of Wasmtime contains a regression introduced during its development which can lead to a guest WebAssembly module causing a panic in the host runtime. A valid WebAssembly module, when executed at runtime, may cause this panic. The panic in question is caused when a WebAssembly module issues a `table.*` instruction which uses a dropped element segment with a table that also has an `externref` type. This causes Wasmtime to erroneously use an empty function segment instead of an empty externref segment to perform this operation. This mismatch in types causes a panic in Wasmtime when it's asserted that an externref table is only viewed as externrefs.\n\nThis regression was introduced during the development of the 19.0.0 release and only affects the 19.0.0 release. This panic requires the `reference-types` WebAssembly feature to be enabled, and it is enabled by default. Toolchains are not known to generate this pattern by default so it's likely a module would need to be specifically crafted to trigger this panic.\n\nA panic in a host runtime represents a possible denial-of-service in some scenarios. This panic cannot introduce memory unsafety or allow WebAssembly to break outside of its sandbox, however. There is no possible heap corruption or memory unsafety from this panic.\n\n### Patches\n\nWasmtime 19.0.1 has been released to fix this problem. Users of 19.0.0 should upgrade to 19.0.1. All other versions of Wasmtime are not affected by this issue.\n\n### Workarounds\n\nIf upgrading is not possible it's recommended to use `config.reference_types(false)`. That will disable these modules at validation-time which prevents the possibility of a panic at runtime. If reference-types are required, however, then there is no other workaround at this time other than upgrading.\n\n### References\n\n* [Original bug report](https://github.com/bytecodealliance/wasmtime/issues/8281)\n* [PR to fix the bug](https://github.com/bytecodealliance/wasmtime/pull/8283)\n* [PR that introduced the bug](https://github.com/bytecodealliance/wasmtime/pull/8018)\n",
  "aliases": [
    "CVE-2024-30266"
  ],
  "modified": "2024-04-04T20:24:14Z",
  "published": "2024-04-02T21:09:23Z",
  "related": [
    "CGA-xw5g-w9hf-p8j6"
  ],
  "database_specific": {
    "nvd_published_at": "2024-04-04T16:15:09Z",
    "cwe_ids": [
      "CWE-843"
    ],
    "severity": "LOW",
    "github_reviewed": true,
    "github_reviewed_at": "2024-04-02T21:09:23Z"
  },
  "references": [
    {
      "type": "WEB",
      "url": "https://github.com/bytecodealliance/wasmtime/security/advisories/GHSA-75hq-h6g9-h4q5"
    },
    {
      "type": "ADVISORY",
      "url": "https://nvd.nist.gov/vuln/detail/CVE-2024-30266"
    },
    {
      "type": "WEB",
      "url": "https://github.com/bytecodealliance/wasmtime/issues/8281"
    },
    {
      "type": "WEB",
      "url": "https://github.com/bytecodealliance/wasmtime/pull/8018"
    },
    {
      "type": "WEB",
      "url": "https://github.com/bytecodealliance/wasmtime/pull/8283"
    },
    {
      "type": "WEB",
      "url": "https://github.com/bytecodealliance/wasmtime/commit/7f57d0bb0948fa56cc950278d0db230ed10e8664"
    },
    {
      "type": "PACKAGE",
      "url": "https://github.com/bytecodealliance/wasmtime"
    }
  ],
  "affected": [
    {
      "package": {
        "name": "wasmtime",
        "ecosystem": "crates.io",
        "purl": "pkg:cargo/wasmtime"
      },
      "ranges": [
        {
          "type": "SEMVER",
          "events": [
            {
              "introduced": "19.0.0"
            },
            {
              "fixed": "19.0.1"
            }
          ]
        }
      ],
      "versions": [
        "19.0.0"
      ],
      "database_specific": {
        "source": "https://github.com/github/advisory-database/blob/main/advisories/github-reviewed/2024/04/GHSA-75hq-h6g9-h4q5/GHSA-75hq-h6g9-h4q5.json"
      }
    }
  ],
  "schema_version": "1.6.0",
  "severity": [
    {
      "type": "CVSS_V3",
      "score": "CVSS:3.1/AV:L/AC:L/PR:L/UI:N/S:U/C:N/I:N/A:L"
    }
  ]
}