{
  "id": "GHSA-gv73-9mwv-fwgq",
  "summary": "Out of bounds write in prost",
  "details": "Affected versions of this crate contained a bug in which decoding untrusted input could overflow the stack. On architectures with stack probes (like x86), this can be used for denial of service attacks, while on architectures without stack probes (like ARM) overflowing the stack is unsound and can result in potential memory corruption (or even RCE).",
  "aliases": [
    "CVE-2020-35858",
    "RUSTSEC-2020-0002"
  ],
  "modified": "2023-11-08T04:03:35.913705Z",
  "published": "2021-08-25T20:46:11Z",
  "database_specific": {
    "nvd_published_at": null,
    "cwe_ids": [
      "CWE-787"
    ],
    "severity": "CRITICAL",
    "github_reviewed": true,
    "github_reviewed_at": "2021-08-19T21:20:08Z"
  },
  "references": [
    {
      "type": "ADVISORY",
      "url": "https://nvd.nist.gov/vuln/detail/CVE-2020-35858"
    },
    {
      "type": "WEB",
      "url": "https://github.com/danburkert/prost/issues/267"
    },
    {
      "type": "WEB",
      "url": "https://github.com/danburkert/prost/commit/04091d3e745c27590a5f1b7f581793e4159486b5"
    },
    {
      "type": "PACKAGE",
      "url": "https://github.com/danburkert/prost"
    },
    {
      "type": "WEB",
      "url": "https://rustsec.org/advisories/RUSTSEC-2020-0002.html"
    }
  ],
  "affected": [
    {
      "package": {
        "name": "prost",
        "ecosystem": "crates.io",
        "purl": "pkg:cargo/prost"
      },
      "ranges": [
        {
          "type": "SEMVER",
          "events": [
            {
              "introduced": "0"
            },
            {
              "fixed": "0.6.1"
            }
          ]
        }
      ],
      "database_specific": {
        "source": "https://github.com/github/advisory-database/blob/main/advisories/github-reviewed/2021/08/GHSA-gv73-9mwv-fwgq/GHSA-gv73-9mwv-fwgq.json"
      }
    }
  ],
  "schema_version": "1.6.0",
  "severity": [
    {
      "type": "CVSS_V3",
      "score": "CVSS:3.1/AV:N/AC:L/PR:N/UI:N/S:U/C:H/I:H/A:H"
    }
  ]
}