{
  "id": "GHSA-ghpq-vjxw-ch5w",
  "summary": "Use after free in libpulse-binding",
  "details": "### Overview\n\nVersion 1.2.1 of the `libpulse-binding` Rust crate, released on the 15th of June 2018, fixed a pair of use-after-free issues with the objects returned by the `get_format_info` and `get_context` methods of `Stream` objects. These objects were mistakenly being constructed without setting an important flag to prevent destruction of the underlying C objects they reference upon their own destruction.\n\nThis advisory is being written retrospectively, having previously only been noted in the changelog. No CVE assignment was sought.\n\n### Patches\n\nUsers are required to update to version 1.2.1 or newer.\n\nVersions older than 1.2.1 have been yanked from crates.io. This was believed to have already been done at the time of the 1.2.1 release, but upon double checking now they were found to still be available, so has been done now (22nd October 2020).",
  "aliases": [
    "CVE-2018-25027",
    "CVE-2018-25028",
    "GHSA-hxjf-h2mh-r6hj",
    "GHSA-jqpv-jm4m-86j9",
    "RUSTSEC-2018-0021"
  ],
  "modified": "2023-11-08T04:00:15.029606Z",
  "published": "2021-08-25T20:56:52Z",
  "database_specific": {
    "nvd_published_at": null,
    "github_reviewed_at": "2021-08-18T20:41:10Z",
    "severity": "HIGH",
    "github_reviewed": true,
    "cwe_ids": [
      "CWE-416"
    ]
  },
  "references": [
    {
      "type": "WEB",
      "url": "https://github.com/jnqnfe/pulse-binding-rust/security/advisories/GHSA-ghpq-vjxw-ch5w"
    },
    {
      "type": "PACKAGE",
      "url": "https://github.com/jnqnfe/pulse-binding-rust"
    },
    {
      "type": "WEB",
      "url": "https://rustsec.org/advisories/RUSTSEC-2018-0021.html"
    }
  ],
  "affected": [
    {
      "package": {
        "name": "libpulse-binding",
        "ecosystem": "crates.io",
        "purl": "pkg:cargo/libpulse-binding"
      },
      "ranges": [
        {
          "type": "SEMVER",
          "events": [
            {
              "introduced": "0"
            },
            {
              "fixed": "1.2.1"
            }
          ]
        }
      ],
      "ecosystem_specific": {
        "affected_functions": [
          "libpulse_binding::stream::Stream::get_context",
          "libpulse_binding::stream::Stream::get_format_info"
        ]
      },
      "database_specific": {
        "source": "https://github.com/github/advisory-database/blob/main/advisories/github-reviewed/2021/08/GHSA-ghpq-vjxw-ch5w/GHSA-ghpq-vjxw-ch5w.json"
      }
    }
  ],
  "schema_version": "1.6.0"
}