{
  "id": "GHSA-g4w7-3qr8-5623",
  "summary": "Improper type usage in rusqlite",
  "details": "An issue was discovered in the rusqlite crate before 0.23.0 for Rust. Memory safety can be violated via the repr(Rust) type.",
  "aliases": [
    "CVE-2020-35866",
    "CVE-2020-35867",
    "CVE-2020-35868",
    "CVE-2020-35869",
    "CVE-2020-35870",
    "CVE-2020-35871",
    "CVE-2020-35872",
    "CVE-2020-35873",
    "GHSA-28ph-f7gx-fqj8",
    "GHSA-3cgf-9m6x-pwwr",
    "GHSA-6q5w-m3c5-rv95",
    "GHSA-8h4j-vm3r-vcq3",
    "GHSA-8r7q-r9mx-35rh",
    "GHSA-q3cc-7p7g-392c",
    "GHSA-rjh8-p66p-jrh5",
    "RUSTSEC-2020-0014"
  ],
  "modified": "2024-03-15T00:05:20.033730Z",
  "published": "2021-08-25T20:47:01Z",
  "database_specific": {
    "nvd_published_at": "2020-12-31T10:15:00Z",
    "cwe_ids": [
      "CWE-351"
    ],
    "severity": "CRITICAL",
    "github_reviewed": true,
    "github_reviewed_at": "2021-08-19T21:18:44Z"
  },
  "references": [
    {
      "type": "ADVISORY",
      "url": "https://nvd.nist.gov/vuln/detail/CVE-2020-35872"
    },
    {
      "type": "WEB",
      "url": "https://github.com/rusqlite/rusqlite/commit/71b2f5187b0cbace3f8b6ff53432ff2ca0defcf0"
    },
    {
      "type": "PACKAGE",
      "url": "https://github.com/rusqlite/rusqlite"
    },
    {
      "type": "WEB",
      "url": "https://github.com/rusqlite/rusqlite/releases/tag/0.23.0"
    },
    {
      "type": "WEB",
      "url": "https://rustsec.org/advisories/RUSTSEC-2020-0014.html"
    }
  ],
  "affected": [
    {
      "package": {
        "name": "rusqlite",
        "ecosystem": "crates.io",
        "purl": "pkg:cargo/rusqlite"
      },
      "ranges": [
        {
          "type": "SEMVER",
          "events": [
            {
              "introduced": "0"
            },
            {
              "fixed": "0.23.0"
            }
          ]
        }
      ],
      "ecosystem_specific": {
        "affected_functions": [
          "rusqlite::Connection::get_aux",
          "rusqlite::Connection::set_aux",
          "rusqlite::session::Session::attach",
          "rusqlite::session::Session::diff",
          "rusqlite::trace::log",
          "rusqlite::vtab::create_module"
        ]
      },
      "database_specific": {
        "source": "https://github.com/github/advisory-database/blob/main/advisories/github-reviewed/2021/08/GHSA-g4w7-3qr8-5623/GHSA-g4w7-3qr8-5623.json"
      }
    }
  ],
  "schema_version": "1.6.0",
  "severity": [
    {
      "type": "CVSS_V3",
      "score": "CVSS:3.1/AV:N/AC:L/PR:N/UI:N/S:U/C:H/I:H/A:H"
    }
  ]
}