{
  "id": "GHSA-9rg7-3j4f-cf4x",
  "summary": "QueryInterface should call AddRef before returning pointer",
  "details": "Affected version of this crate, which is a required dependency in com-impl, \nprovides a faulty implementation of the `IUnknown::QueryInterface` method.\n\n`QueryInterface` implementation must call `IUnknown::AddRef` before returning the pointer,\nas describe in this documentation:\n<https://docs.microsoft.com/en-us/windows/win32/api/unknwn/nf-unknwn-iunknown-queryinterface(refiid_void)>\n\nAs it is not incrementing the refcount as expected, the following calls to `IUnknown::Release` method \nwill cause WMI to drop reference to the interface, and can lead to invalid reference.\n\nThis is documented in <https://docs.microsoft.com/en-us/windows/win32/learnwin32/managing-the-lifetime-of-an-object#reference-counting>\n\nThere is no simple workaround, as you can't know how many time QueryInterface will be called.\nThe only way to quick fix this is to use the macro expanded version of the code and modify \nthe QueryInterface method to add the AddRef call yourself.\n\nThe issue was corrected in commit `9803f31fbd1717d482d848f041044d061fca6da7`.\n",
  "aliases": [
    "CVE-2021-45681",
    "GHSA-w4cc-pc2h-whcj",
    "RUSTSEC-2021-0083"
  ],
  "modified": "2023-11-08T04:07:21.492435Z",
  "published": "2022-06-16T23:52:51Z",
  "database_specific": {
    "nvd_published_at": null,
    "cwe_ids": [],
    "severity": "MODERATE",
    "github_reviewed": true,
    "github_reviewed_at": "2022-06-16T23:52:51Z"
  },
  "references": [
    {
      "type": "WEB",
      "url": "https://github.com/Connicpu/com-impl/issues/1"
    },
    {
      "type": "WEB",
      "url": "https://github.com/Connicpu/com-impl/commit/9803f31fbd1717d482d848f041044d061fca6da7"
    },
    {
      "type": "PACKAGE",
      "url": "https://github.com/Connicpu/com-impl"
    },
    {
      "type": "WEB",
      "url": "https://rustsec.org/advisories/RUSTSEC-2021-0083.html"
    }
  ],
  "affected": [
    {
      "package": {
        "name": "derive-com-impl",
        "ecosystem": "crates.io",
        "purl": "pkg:cargo/derive-com-impl"
      },
      "ranges": [
        {
          "type": "SEMVER",
          "events": [
            {
              "introduced": "0"
            },
            {
              "fixed": "0.1.2"
            }
          ]
        }
      ],
      "ecosystem_specific": {
        "affected_functions": [
          "derive_com_impl::derive_com_impl"
        ]
      },
      "database_specific": {
        "source": "https://github.com/github/advisory-database/blob/main/advisories/github-reviewed/2022/06/GHSA-9rg7-3j4f-cf4x/GHSA-9rg7-3j4f-cf4x.json"
      }
    }
  ],
  "schema_version": "1.6.0"
}