{
  "id": "GHSA-gprj-6m2f-j9hx",
  "summary": "DOM clobbering could escalate to Cross-site Scripting (XSS)",
  "details": "Pagefind initializes its dynamic JavaScript and WebAssembly files relative to the location of the first script you load. This information is gathered by looking up the value of `document.currentScript.src`.\n\nIt is possible to \"clobber\" this lookup with otherwise benign HTML on the page, for example:\n```html\n<img name=\"currentScript\" src=\"blob:https://xxx.xxx.xxx/ui.js\"></img>\n```\n\nThis will cause `document.currentScript.src` to resolve as an external domain, which will then be used by Pagefind to load dependencies.\n\nThis exploit would only work in the case that an attacker could inject HTML to your live, hosted, website. In these cases, this would act as a way to escalate the privilege available to an attacker. This assumes they have the ability to add some elements to the page (for example, `img` tags with a `name` attribute), but not others, as adding a `script` to the page would itself be the XSS vector.\n\nPagefind has tightened this resolution by ensuring the source is loaded from a valid script element. There are no reports of this being exploited in the wild via Pagefind.\n\n### Original Report\n\nIf an attacker can inject benign html, such as:\n`<img name=\"currentScript\" src=\"blob:https://xxx.xxx.xxx/ui.js\"></img>`\n\nthey can clobber `document.currentScript.src` leading to XSS in your library.\n\nHere is the same attack on webpack that was accepted: https://github.com/webpack/webpack/security/advisories/GHSA-4vvj-4cpr-p986",
  "aliases": [
    "CVE-2024-43788",
    "CVE-2024-45389",
    "GHSA-4vvj-4cpr-p986"
  ],
  "modified": "2024-09-12T21:38:09Z",
  "published": "2024-09-03T19:33:36Z",
  "database_specific": {
    "nvd_published_at": "2024-09-03T20:15:08Z",
    "cwe_ids": [
      "CWE-79"
    ],
    "severity": "MODERATE",
    "github_reviewed": true,
    "github_reviewed_at": "2024-09-03T19:33:36Z"
  },
  "references": [
    {
      "type": "WEB",
      "url": "https://github.com/CloudCannon/pagefind/security/advisories/GHSA-gprj-6m2f-j9hx"
    },
    {
      "type": "WEB",
      "url": "https://github.com/webpack/webpack/security/advisories/GHSA-4vvj-4cpr-p986"
    },
    {
      "type": "ADVISORY",
      "url": "https://nvd.nist.gov/vuln/detail/CVE-2024-45389"
    },
    {
      "type": "WEB",
      "url": "https://github.com/CloudCannon/pagefind/commit/14ec96864eabaf1d7d809d5da0186a8856261eeb"
    },
    {
      "type": "PACKAGE",
      "url": "https://github.com/CloudCannon/pagefind"
    }
  ],
  "affected": [
    {
      "package": {
        "name": "pagefind",
        "ecosystem": "npm",
        "purl": "pkg:npm/pagefind"
      },
      "ranges": [
        {
          "type": "SEMVER",
          "events": [
            {
              "introduced": "0"
            },
            {
              "fixed": "1.1.1"
            }
          ]
        }
      ],
      "database_specific": {
        "source": "https://github.com/github/advisory-database/blob/main/advisories/github-reviewed/2024/09/GHSA-gprj-6m2f-j9hx/GHSA-gprj-6m2f-j9hx.json"
      }
    },
    {
      "package": {
        "name": "@pagefind/default-ui",
        "ecosystem": "npm",
        "purl": "pkg:npm/%40pagefind/default-ui"
      },
      "ranges": [
        {
          "type": "SEMVER",
          "events": [
            {
              "introduced": "0"
            },
            {
              "fixed": "1.1.1"
            }
          ]
        }
      ],
      "database_specific": {
        "source": "https://github.com/github/advisory-database/blob/main/advisories/github-reviewed/2024/09/GHSA-gprj-6m2f-j9hx/GHSA-gprj-6m2f-j9hx.json"
      }
    },
    {
      "package": {
        "name": "@pagefind/modular-ui",
        "ecosystem": "npm",
        "purl": "pkg:npm/%40pagefind/modular-ui"
      },
      "ranges": [
        {
          "type": "SEMVER",
          "events": [
            {
              "introduced": "0"
            },
            {
              "fixed": "1.1.1"
            }
          ]
        }
      ],
      "database_specific": {
        "source": "https://github.com/github/advisory-database/blob/main/advisories/github-reviewed/2024/09/GHSA-gprj-6m2f-j9hx/GHSA-gprj-6m2f-j9hx.json"
      }
    },
    {
      "package": {
        "name": "pagefind",
        "ecosystem": "crates.io",
        "purl": "pkg:cargo/pagefind"
      },
      "ranges": [
        {
          "type": "SEMVER",
          "events": [
            {
              "introduced": "0"
            },
            {
              "fixed": "1.1.1"
            }
          ]
        }
      ],
      "database_specific": {
        "source": "https://github.com/github/advisory-database/blob/main/advisories/github-reviewed/2024/09/GHSA-gprj-6m2f-j9hx/GHSA-gprj-6m2f-j9hx.json"
      }
    }
  ],
  "schema_version": "1.6.0",
  "severity": [
    {
      "type": "CVSS_V3",
      "score": "CVSS:3.1/AV:N/AC:H/PR:L/UI:N/S:U/C:L/I:L/A:H"
    },
    {
      "type": "CVSS_V4",
      "score": "CVSS:4.0/AV:N/AC:L/AT:P/PR:L/UI:N/VC:L/VI:L/VA:H/SC:N/SI:N/SA:N"
    }
  ]
}