{
  "id": "GHSA-3wx7-46ch-7rq2",
  "summary": "AES OCB fails to encrypt some bytes",
  "details": "AES OCB mode for 32-bit x86 platforms using the AES-NI assembly optimized implementation will not encrypt the entirety of the data under some circumstances.  This could reveal sixteen bytes of data that was pre-existing in the memory that wasn't written.  In the special case of \"in place\" encryption, sixteen bytes of the plaintext would be revealed.\n\nSince OpenSSL does not support OCB based cipher suites for TLS and DTLS, they are both unaffected.",
  "aliases": [
    "CVE-2022-2097",
    "RUSTSEC-2022-0032"
  ],
  "modified": "2024-06-24T21:24:18Z",
  "published": "2022-07-06T19:57:19Z",
  "related": [
    "CGA-34cr-x5f5-q4cf"
  ],
  "database_specific": {
    "nvd_published_at": "2022-07-05T11:15:00Z",
    "cwe_ids": [
      "CWE-311",
      "CWE-326",
      "CWE-327"
    ],
    "severity": "HIGH",
    "github_reviewed": true,
    "github_reviewed_at": "2022-07-06T19:57:19Z"
  },
  "references": [
    {
      "type": "ADVISORY",
      "url": "https://nvd.nist.gov/vuln/detail/CVE-2022-2097"
    },
    {
      "type": "WEB",
      "url": "https://www.openssl.org/news/secadv/20220705.txt"
    },
    {
      "type": "WEB",
      "url": "https://www.debian.org/security/2023/dsa-5343"
    },
    {
      "type": "WEB",
      "url": "https://security.netapp.com/advisory/ntap-20240621-0006"
    },
    {
      "type": "WEB",
      "url": "https://security.netapp.com/advisory/ntap-20230420-0008"
    },
    {
      "type": "WEB",
      "url": "https://security.netapp.com/advisory/ntap-20220715-0011"
    },
    {
      "type": "WEB",
      "url": "https://security.gentoo.org/glsa/202210-02"
    },
    {
      "type": "WEB",
      "url": "https://rustsec.org/advisories/RUSTSEC-2022-0032.html"
    },
    {
      "type": "WEB",
      "url": "https://lists.fedoraproject.org/archives/list/package-announce@lists.fedoraproject.org/message/VCMNWKERPBKOEBNL7CLTTX3ZZCZLH7XA"
    },
    {
      "type": "WEB",
      "url": "https://lists.fedoraproject.org/archives/list/package-announce@lists.fedoraproject.org/message/V6567JERRHHJW2GNGJGKDRNHR7SNPZK7"
    },
    {
      "type": "WEB",
      "url": "https://lists.fedoraproject.org/archives/list/package-announce@lists.fedoraproject.org/message/R6CK57NBQFTPUMXAPJURCGXUYT76NQAK"
    },
    {
      "type": "WEB",
      "url": "https://lists.fedoraproject.org/archives/list/package-announce%40lists.fedoraproject.org/message/VCMNWKERPBKOEBNL7CLTTX3ZZCZLH7XA"
    },
    {
      "type": "WEB",
      "url": "https://lists.fedoraproject.org/archives/list/package-announce%40lists.fedoraproject.org/message/V6567JERRHHJW2GNGJGKDRNHR7SNPZK7"
    },
    {
      "type": "WEB",
      "url": "https://lists.fedoraproject.org/archives/list/package-announce%40lists.fedoraproject.org/message/R6CK57NBQFTPUMXAPJURCGXUYT76NQAK"
    },
    {
      "type": "WEB",
      "url": "https://lists.debian.org/debian-lts-announce/2023/02/msg00019.html"
    },
    {
      "type": "PACKAGE",
      "url": "https://github.com/alexcrichton/openssl-src-rs"
    },
    {
      "type": "WEB",
      "url": "https://git.openssl.org/gitweb/?p=openssl.git;a=commitdiff;h=a98f339ddd7e8f487d6e0088d4a9a42324885a93"
    },
    {
      "type": "WEB",
      "url": "https://git.openssl.org/gitweb/?p=openssl.git;a=commitdiff;h=919925673d6c9cfed3c1085497f5dfbbed5fc431"
    },
    {
      "type": "WEB",
      "url": "https://git.openssl.org/gitweb/?p=openssl.git%3Ba=commitdiff%3Bh=a98f339ddd7e8f487d6e0088d4a9a42324885a93"
    },
    {
      "type": "WEB",
      "url": "https://git.openssl.org/gitweb/?p=openssl.git%3Ba=commitdiff%3Bh=919925673d6c9cfed3c1085497f5dfbbed5fc431"
    },
    {
      "type": "WEB",
      "url": "https://cert-portal.siemens.com/productcert/pdf/ssa-332410.pdf"
    }
  ],
  "affected": [
    {
      "package": {
        "name": "openssl-src",
        "ecosystem": "crates.io",
        "purl": "pkg:cargo/openssl-src"
      },
      "ranges": [
        {
          "type": "SEMVER",
          "events": [
            {
              "introduced": "0"
            },
            {
              "fixed": "111.22.0"
            }
          ]
        }
      ],
      "database_specific": {
        "source": "https://github.com/github/advisory-database/blob/main/advisories/github-reviewed/2022/07/GHSA-3wx7-46ch-7rq2/GHSA-3wx7-46ch-7rq2.json"
      }
    },
    {
      "package": {
        "name": "openssl-src",
        "ecosystem": "crates.io",
        "purl": "pkg:cargo/openssl-src"
      },
      "ranges": [
        {
          "type": "SEMVER",
          "events": [
            {
              "introduced": "300.0.0"
            },
            {
              "fixed": "300.0.9"
            }
          ]
        }
      ],
      "database_specific": {
        "source": "https://github.com/github/advisory-database/blob/main/advisories/github-reviewed/2022/07/GHSA-3wx7-46ch-7rq2/GHSA-3wx7-46ch-7rq2.json"
      }
    }
  ],
  "schema_version": "1.6.0",
  "severity": [
    {
      "type": "CVSS_V3",
      "score": "CVSS:3.1/AV:N/AC:L/PR:N/UI:N/S:U/C:H/I:N/A:N"
    }
  ]
}