{
  "id": "GHSA-2r6q-6c8c-g762",
  "summary": "Data races in toolshed",
  "details": "An issue was discovered in the toolshed crate through 2020-11-15 for Rust. In CopyCell<T>, the Send trait lacks bounds on the contained type.",
  "aliases": [
    "CVE-2020-36456",
    "RUSTSEC-2020-0136"
  ],
  "modified": "2023-11-08T04:03:45.949817Z",
  "published": "2021-08-25T20:58:03Z",
  "database_specific": {
    "nvd_published_at": "2021-08-08T06:15:00Z",
    "github_reviewed_at": "2021-08-18T20:20:49Z",
    "severity": "HIGH",
    "github_reviewed": true,
    "cwe_ids": [
      "CWE-362",
      "CWE-77"
    ]
  },
  "references": [
    {
      "type": "ADVISORY",
      "url": "https://nvd.nist.gov/vuln/detail/CVE-2020-36456"
    },
    {
      "type": "WEB",
      "url": "https://github.com/ratel-rust/toolshed/issues/12"
    },
    {
      "type": "PACKAGE",
      "url": "https://github.com/ratel-rust/toolshed"
    },
    {
      "type": "WEB",
      "url": "https://rustsec.org/advisories/RUSTSEC-2020-0136.html"
    }
  ],
  "affected": [
    {
      "package": {
        "name": "toolshed",
        "ecosystem": "crates.io",
        "purl": "pkg:cargo/toolshed"
      },
      "ranges": [
        {
          "type": "SEMVER",
          "events": [
            {
              "introduced": "0"
            },
            {
              "last_affected": "0.8.1"
            }
          ]
        }
      ],
      "database_specific": {
        "source": "https://github.com/github/advisory-database/blob/main/advisories/github-reviewed/2021/08/GHSA-2r6q-6c8c-g762/GHSA-2r6q-6c8c-g762.json"
      }
    }
  ],
  "schema_version": "1.6.0",
  "severity": [
    {
      "type": "CVSS_V3",
      "score": "CVSS:3.1/AV:N/AC:H/PR:N/UI:N/S:U/C:H/I:H/A:H"
    }
  ]
}