{
  "id": "GHSA-9p8q-j6q5-mjw8",
  "summary": "Buffer Overflow in galois_2p8",
  "details": "In galois_2p8 before 0.1.2, PrimitivePolynomialField::new has an off-by-one buffer overflow for a vector.",
  "aliases": [
    "CVE-2022-24988"
  ],
  "modified": "2023-11-08T04:08:41.073072Z",
  "published": "2022-02-15T00:02:45Z",
  "database_specific": {
    "nvd_published_at": "2022-02-14T20:15:00Z",
    "cwe_ids": [
      "CWE-120",
      "CWE-193"
    ],
    "severity": "CRITICAL",
    "github_reviewed": true,
    "github_reviewed_at": "2022-02-25T15:29:16Z"
  },
  "references": [
    {
      "type": "ADVISORY",
      "url": "https://nvd.nist.gov/vuln/detail/CVE-2022-24988"
    },
    {
      "type": "PACKAGE",
      "url": "https://github.com/djsweet/galois_2p8"
    },
    {
      "type": "WEB",
      "url": "https://github.com/djsweet/galois_2p8/blob/master/CHANGELOG.md"
    }
  ],
  "affected": [
    {
      "package": {
        "name": "galois_2p8",
        "ecosystem": "crates.io",
        "purl": "pkg:cargo/galois_2p8"
      },
      "ranges": [
        {
          "type": "SEMVER",
          "events": [
            {
              "introduced": "0"
            },
            {
              "fixed": "0.1.2"
            }
          ]
        }
      ],
      "database_specific": {
        "source": "https://github.com/github/advisory-database/blob/main/advisories/github-reviewed/2022/02/GHSA-9p8q-j6q5-mjw8/GHSA-9p8q-j6q5-mjw8.json"
      }
    }
  ],
  "schema_version": "1.6.0",
  "severity": [
    {
      "type": "CVSS_V3",
      "score": "CVSS:3.1/AV:N/AC:L/PR:N/UI:N/S:U/C:H/I:H/A:H"
    }
  ]
}