{
  "id": "GHSA-c79c-gwph-gqfm",
  "summary": "`net2` invalidly assumes the memory layout of std::net::SocketAddr",
  "details": "The net2 crate has assumed std::net::SocketAddrV4 and std::net::SocketAddrV6 have the same memory layout as the system C representation sockaddr. It has simply casted the pointers to convert the socket addresses to the system representation. The standard library does not say anything about the memory layout, and this will cause invalid memory access if the standard library changes the implementation. No warnings or errors will be emitted once the change happens.",
  "aliases": [
    "CVE-2020-35919",
    "CVE-2020-35920",
    "GHSA-458v-4hrf-g3m4",
    "RUSTSEC-2020-0078",
    "RUSTSEC-2020-0079"
  ],
  "modified": "2023-11-08T04:03:39.408679Z",
  "published": "2022-05-24T17:37:49Z",
  "database_specific": {
    "nvd_published_at": "2020-12-31T09:15:00Z",
    "cwe_ids": [],
    "severity": "MODERATE",
    "github_reviewed": true,
    "github_reviewed_at": "2023-06-14T16:02:27Z"
  },
  "references": [
    {
      "type": "ADVISORY",
      "url": "https://nvd.nist.gov/vuln/detail/CVE-2020-35919"
    },
    {
      "type": "WEB",
      "url": "https://github.com/deprecrated/net2-rs/issues/105"
    },
    {
      "type": "PACKAGE",
      "url": "https://github.com/deprecrated/net2-rs"
    },
    {
      "type": "WEB",
      "url": "https://rustsec.org/advisories/RUSTSEC-2020-0078.html"
    }
  ],
  "affected": [
    {
      "package": {
        "name": "net2",
        "ecosystem": "crates.io",
        "purl": "pkg:cargo/net2"
      },
      "ranges": [
        {
          "type": "SEMVER",
          "events": [
            {
              "introduced": "0"
            },
            {
              "fixed": "0.2.36"
            }
          ]
        }
      ],
      "database_specific": {
        "source": "https://github.com/github/advisory-database/blob/main/advisories/github-reviewed/2022/05/GHSA-c79c-gwph-gqfm/GHSA-c79c-gwph-gqfm.json"
      }
    }
  ],
  "schema_version": "1.6.0",
  "severity": [
    {
      "type": "CVSS_V3",
      "score": "CVSS:3.1/AV:L/AC:L/PR:L/UI:N/S:U/C:N/I:N/A:H"
    }
  ]
}