{
  "id": "GHSA-f85w-wvc7-crwc",
  "summary": "bumpalo has use-after-free due to a lifetime error in `Vec::into_iter()`",
  "details": "In affected versions of this crate, the lifetime of the iterator produced by `Vec::into_iter()` is not constrained to the lifetime of the `Bump` that allocated the vector's memory. Using the iterator after the `Bump` is dropped causes use-after-free accesses.\n\nThe following example demonstrates memory corruption arising from a misuse of this unsoundness.\n\n```rust\nuse bumpalo::{collections::Vec, Bump};\n\nfn main() {\n    let bump = Bump::new();\n    let mut vec = Vec::new_in(&bump);\n    vec.extend([0x01u8; 32]);\n    let into_iter = vec.into_iter();\n    drop(bump);\n\n    for _ in 0..100 {\n        let reuse_bump = Bump::new();\n        let _reuse_alloc = reuse_bump.alloc([0x41u8; 10]);\n    }\n\n    for x in into_iter {\n        print!(\"0x{:02x} \", x);\n    }\n    println!();\n}\n```\n\nThe issue was corrected in version 3.11.1 by adding a lifetime to the `IntoIter` type, and updating the signature of `Vec::into_iter()` to constrain this lifetime.\n",
  "aliases": [
    "RUSTSEC-2022-0078"
  ],
  "modified": "2023-11-08T04:18:53.654955Z",
  "published": "2023-01-20T21:54:22Z",
  "database_specific": {
    "nvd_published_at": null,
    "github_reviewed_at": "2023-01-20T21:54:22Z",
    "severity": "MODERATE",
    "github_reviewed": true,
    "cwe_ids": []
  },
  "references": [
    {
      "type": "PACKAGE",
      "url": "https://github.com/fitzgen/bumpalo"
    },
    {
      "type": "WEB",
      "url": "https://github.com/fitzgen/bumpalo/blob/main/CHANGELOG.md#3111"
    },
    {
      "type": "WEB",
      "url": "https://rustsec.org/advisories/RUSTSEC-2022-0078.html"
    }
  ],
  "affected": [
    {
      "package": {
        "name": "bumpalo",
        "ecosystem": "crates.io",
        "purl": "pkg:cargo/bumpalo"
      },
      "ranges": [
        {
          "type": "SEMVER",
          "events": [
            {
              "introduced": "1.1.0"
            },
            {
              "fixed": "3.11.1"
            }
          ]
        }
      ],
      "database_specific": {
        "source": "https://github.com/github/advisory-database/blob/main/advisories/github-reviewed/2023/01/GHSA-f85w-wvc7-crwc/GHSA-f85w-wvc7-crwc.json"
      }
    }
  ],
  "schema_version": "1.6.0"
}