{
  "id": "GHSA-6rhx-hqxm-8p36",
  "summary": "Double free in http",
  "details": "An issue was discovered in the http crate before 0.1.20 for Rust. The HeaderMap::Drain API can use a raw pointer, defeating soundness.",
  "aliases": [
    "CVE-2019-25009",
    "RUSTSEC-2019-0034"
  ],
  "modified": "2023-11-08T04:01:32.355317Z",
  "published": "2021-08-25T20:46:44Z",
  "related": [
    "CGA-6427-pq22-fhv9"
  ],
  "database_specific": {
    "nvd_published_at": null,
    "github_reviewed_at": "2021-08-19T21:19:45Z",
    "severity": "CRITICAL",
    "github_reviewed": true,
    "cwe_ids": [
      "CWE-415"
    ]
  },
  "references": [
    {
      "type": "ADVISORY",
      "url": "https://nvd.nist.gov/vuln/detail/CVE-2019-25009"
    },
    {
      "type": "WEB",
      "url": "https://rustsec.org/advisories/RUSTSEC-2019-0034.html"
    }
  ],
  "affected": [
    {
      "package": {
        "name": "http",
        "ecosystem": "crates.io",
        "purl": "pkg:cargo/http"
      },
      "ranges": [
        {
          "type": "SEMVER",
          "events": [
            {
              "introduced": "0"
            },
            {
              "fixed": "0.1.20"
            }
          ]
        }
      ],
      "ecosystem_specific": {
        "affected_functions": [
          "http::header::HeaderMap::drain"
        ]
      },
      "database_specific": {
        "source": "https://github.com/github/advisory-database/blob/main/advisories/github-reviewed/2021/08/GHSA-6rhx-hqxm-8p36/GHSA-6rhx-hqxm-8p36.json"
      }
    }
  ],
  "schema_version": "1.6.0",
  "severity": [
    {
      "type": "CVSS_V3",
      "score": "CVSS:3.1/AV:N/AC:L/PR:N/UI:N/S:U/C:H/I:H/A:H"
    }
  ]
}