{
  "id": "GHSA-2367-c296-3mp2",
  "summary": "Arbitrary file overwrite in tar-rs",
  "details": "When unpacking a tarball with the unpack_in-family of functions it's intended that only files within the specified directory are able to be written. Tarballs with hard links or symlinks, however, can be used to overwrite any file on the filesystem. Tarballs can contain multiple entries for the same file. A tarball which first contains an entry for a hard link or symlink pointing to any file on the filesystem will have the link created, and then afterwards if the same file is listed in the tarball the hard link will be rewritten and any file can be rewritten on the filesystem.",
  "aliases": [
    "CVE-2018-20990",
    "RUSTSEC-2018-0002"
  ],
  "modified": "2023-11-08T04:00:13.305474Z",
  "published": "2021-08-25T20:43:54Z",
  "database_specific": {
    "nvd_published_at": null,
    "cwe_ids": [
      "CWE-59"
    ],
    "severity": "HIGH",
    "github_reviewed": true,
    "github_reviewed_at": "2021-08-19T21:24:12Z"
  },
  "references": [
    {
      "type": "ADVISORY",
      "url": "https://nvd.nist.gov/vuln/detail/CVE-2018-20990"
    },
    {
      "type": "WEB",
      "url": "https://github.com/alexcrichton/tar-rs/pull/156"
    },
    {
      "type": "WEB",
      "url": "https://github.com/alexcrichton/tar-rs/commit/54651a87ae6ba7d81fcc72ffdee2ea7eca2c7e85"
    },
    {
      "type": "PACKAGE",
      "url": "https://github.com/alexcrichton/tar-rs"
    },
    {
      "type": "WEB",
      "url": "https://rustsec.org/advisories/RUSTSEC-2018-0002.html"
    }
  ],
  "affected": [
    {
      "package": {
        "name": "tar",
        "ecosystem": "crates.io",
        "purl": "pkg:cargo/tar"
      },
      "ranges": [
        {
          "type": "SEMVER",
          "events": [
            {
              "introduced": "0"
            },
            {
              "fixed": "0.4.16"
            }
          ]
        }
      ],
      "database_specific": {
        "source": "https://github.com/github/advisory-database/blob/main/advisories/github-reviewed/2021/08/GHSA-2367-c296-3mp2/GHSA-2367-c296-3mp2.json"
      }
    }
  ],
  "schema_version": "1.6.0",
  "severity": [
    {
      "type": "CVSS_V3",
      "score": "CVSS:3.0/AV:N/AC:L/PR:N/UI:N/S:U/C:N/I:H/A:N"
    }
  ]
}