{
  "id": "GHSA-c8rq-crxj-mj9m",
  "summary": "Async-h1 request smuggling possible with long unread bodies",
  "details": "An issue was discovered in the async-h1 crate before 2.3.0 for Rust. Request smuggling can occur when used behind a reverse proxy.",
  "aliases": [
    "CVE-2020-26281",
    "CVE-2020-36202",
    "GHSA-4vr9-8cjf-vf9c",
    "RUSTSEC-2020-0093"
  ],
  "modified": "2023-11-08T04:03:17.843075Z",
  "published": "2022-05-24T17:40:15Z",
  "database_specific": {
    "nvd_published_at": "2021-01-26T18:15:00Z",
    "github_reviewed_at": "2022-06-16T23:45:25Z",
    "severity": "MODERATE",
    "github_reviewed": true,
    "cwe_ids": [
      "CWE-79"
    ]
  },
  "references": [
    {
      "type": "ADVISORY",
      "url": "https://nvd.nist.gov/vuln/detail/CVE-2020-36202"
    },
    {
      "type": "PACKAGE",
      "url": "https://github.com/http-rs/async-h1"
    },
    {
      "type": "WEB",
      "url": "https://github.com/http-rs/async-h1/releases/tag/v2.3.0"
    },
    {
      "type": "WEB",
      "url": "https://rustsec.org/advisories/RUSTSEC-2020-0093.html"
    }
  ],
  "affected": [
    {
      "package": {
        "name": "async-h1",
        "ecosystem": "crates.io",
        "purl": "pkg:cargo/async-h1"
      },
      "ranges": [
        {
          "type": "SEMVER",
          "events": [
            {
              "introduced": "0"
            },
            {
              "fixed": "2.3.0"
            }
          ]
        }
      ],
      "database_specific": {
        "source": "https://github.com/github/advisory-database/blob/main/advisories/github-reviewed/2022/05/GHSA-c8rq-crxj-mj9m/GHSA-c8rq-crxj-mj9m.json"
      }
    }
  ],
  "schema_version": "1.6.0",
  "severity": [
    {
      "type": "CVSS_V3",
      "score": "CVSS:3.1/AV:N/AC:L/PR:N/UI:R/S:C/C:L/I:L/A:N"
    }
  ]
}