{
  "id": "GHSA-j984-q4qc-6qxf",
  "summary": "librsvg DoS via Cyclic References",
  "details": "librsvg before 2.40.12 allows context-dependent attackers to cause a denial of service (infinite loop, stack consumption, and application crash) via cyclic references in an SVG document.",
  "aliases": [
    "CVE-2015-7558"
  ],
  "modified": "2023-11-08T03:58:00.613061Z",
  "published": "2022-05-17T03:50:02Z",
  "database_specific": {
    "nvd_published_at": "2016-05-20T14:59:00Z",
    "cwe_ids": [
      "CWE-20"
    ],
    "severity": "HIGH",
    "github_reviewed": true,
    "github_reviewed_at": "2023-08-04T23:10:05Z"
  },
  "references": [
    {
      "type": "ADVISORY",
      "url": "https://nvd.nist.gov/vuln/detail/CVE-2015-7558"
    },
    {
      "type": "WEB",
      "url": "https://bugzilla.redhat.com/show_bug.cgi?id=1268243"
    },
    {
      "type": "WEB",
      "url": "https://git.gnome.org/browse/librsvg/commit/?id=a51919f7e1ca9c535390a746fbf6e28c8402dc61"
    },
    {
      "type": "PACKAGE",
      "url": "https://github.com/GNOME/librsvg"
    },
    {
      "type": "WEB",
      "url": "http://www.debian.org/security/2016/dsa-3584"
    },
    {
      "type": "WEB",
      "url": "http://www.openwall.com/lists/oss-security/2015/12/21/5"
    },
    {
      "type": "WEB",
      "url": "http://www.openwall.com/lists/oss-security/2016/04/30/3"
    }
  ],
  "affected": [
    {
      "package": {
        "name": "librsvg",
        "ecosystem": "crates.io",
        "purl": "pkg:cargo/librsvg"
      },
      "ranges": [
        {
          "type": "SEMVER",
          "events": [
            {
              "introduced": "0"
            },
            {
              "fixed": "2.40.12"
            }
          ]
        }
      ],
      "database_specific": {
        "source": "https://github.com/github/advisory-database/blob/main/advisories/github-reviewed/2022/05/GHSA-j984-q4qc-6qxf/GHSA-j984-q4qc-6qxf.json"
      }
    }
  ],
  "schema_version": "1.6.0",
  "severity": [
    {
      "type": "CVSS_V3",
      "score": "CVSS:3.0/AV:N/AC:L/PR:N/UI:N/S:U/C:N/I:N/A:H"
    }
  ]
}