{
  "id": "GHSA-hxjf-h2mh-r6hj",
  "summary": "Use After Free in libpulse-binding",
  "details": "Affected versions contained a pair of use-after-free issues with the objects returned by the get_format_info and get_context methods of Stream objects. These objects were mistakenly being constructed without setting an important flag to prevent destruction of the underlying C objects they reference upon their own destruction.",
  "aliases": [
    "CVE-2018-25027",
    "CVE-2018-25028",
    "GHSA-ghpq-vjxw-ch5w",
    "GHSA-jqpv-jm4m-86j9",
    "RUSTSEC-2018-0021"
  ],
  "modified": "2023-11-08T04:00:15.029606Z",
  "published": "2022-01-06T22:20:12Z",
  "database_specific": {
    "nvd_published_at": "2021-12-27T00:15:00Z",
    "cwe_ids": [
      "CWE-416"
    ],
    "severity": "HIGH",
    "github_reviewed": true,
    "github_reviewed_at": "2022-01-06T18:32:15Z"
  },
  "references": [
    {
      "type": "WEB",
      "url": "https://github.com/jnqnfe/pulse-binding-rust/security/advisories/GHSA-ghpq-vjxw-ch5w"
    },
    {
      "type": "ADVISORY",
      "url": "https://nvd.nist.gov/vuln/detail/CVE-2018-25027"
    },
    {
      "type": "PACKAGE",
      "url": "https://github.com/jnqnfe/pulse-binding-rust"
    },
    {
      "type": "WEB",
      "url": "https://raw.githubusercontent.com/rustsec/advisory-db/main/crates/libpulse-binding/RUSTSEC-2018-0021.md"
    },
    {
      "type": "WEB",
      "url": "https://rustsec.org/advisories/RUSTSEC-2018-0021.html"
    }
  ],
  "affected": [
    {
      "package": {
        "name": "libpulse-binding",
        "ecosystem": "crates.io",
        "purl": "pkg:cargo/libpulse-binding"
      },
      "ranges": [
        {
          "type": "SEMVER",
          "events": [
            {
              "introduced": "0"
            },
            {
              "fixed": "1.2.1"
            }
          ]
        }
      ],
      "ecosystem_specific": {
        "affected_functions": [
          "libpulse_binding::stream::Stream::get_context",
          "libpulse_binding::stream::Stream::get_format_info"
        ]
      },
      "database_specific": {
        "source": "https://github.com/github/advisory-database/blob/main/advisories/github-reviewed/2022/01/GHSA-hxjf-h2mh-r6hj/GHSA-hxjf-h2mh-r6hj.json"
      }
    }
  ],
  "schema_version": "1.6.0",
  "severity": [
    {
      "type": "CVSS_V3",
      "score": "CVSS:3.1/AV:N/AC:L/PR:N/UI:N/S:U/C:N/I:N/A:H"
    }
  ]
}