{
  "id": "GHSA-f56g-chqp-22m9",
  "summary": "Use after free in libpulse-binding",
  "details": "### Overview\n\nVersion 2.5.0 of the `libpulse-binding` Rust crate, released on the 22nd of December 2018, fixed a potential use-after-free issue with property list iteration due to a lack of a lifetime constraint tying the lifetime of a `proplist::Iterator` to the `Proplist` object for which it was created. This made it possible for users, without experiencing a compiler error/warning, to destroy the `Proplist` object before the iterator, thus destroying the underlying C object the iterator works upon, before the iterator may be finished with it.\n\nThis advisory is being written retrospectively, having previously only been noted in the changelog. No CVE assignment was sought.\n\nThis impacts all versions of the crate before 2.5.0 back to 1.0.5. Before version 1.0.5 the function that produces the iterator was broken to the point of being useless.\n\n### Patches\n\nUsers are required to update to version 2.5.0 or newer.\n\nVersions older than 2.5.0 have been yanked from crates.io as of the 22nd of October 2020.",
  "aliases": [
    "CVE-2018-25001",
    "GHSA-6gvc-4jvj-pwq4",
    "RUSTSEC-2018-0020"
  ],
  "modified": "2024-04-22T18:49:42Z",
  "published": "2024-02-03T00:28:45Z",
  "database_specific": {
    "nvd_published_at": null,
    "cwe_ids": [
      "CWE-416"
    ],
    "severity": "MODERATE",
    "github_reviewed": true,
    "github_reviewed_at": "2024-02-03T00:28:45Z"
  },
  "references": [
    {
      "type": "WEB",
      "url": "https://github.com/jnqnfe/pulse-binding-rust/security/advisories/GHSA-f56g-chqp-22m9"
    },
    {
      "type": "WEB",
      "url": "https://github.com/jnqnfe/pulse-binding-rust/commit/9e31c82d71749619387cb9d0c9698134d05b28c9"
    },
    {
      "type": "ADVISORY",
      "url": "https://github.com/advisories/GHSA-6gvc-4jvj-pwq4"
    },
    {
      "type": "WEB",
      "url": "https://rustsec.org/advisories/RUSTSEC-2018-0020.html"
    }
  ],
  "affected": [
    {
      "package": {
        "name": "libpulse-binding",
        "ecosystem": "crates.io",
        "purl": "pkg:cargo/libpulse-binding"
      },
      "ranges": [
        {
          "type": "SEMVER",
          "events": [
            {
              "introduced": "1.0.5"
            },
            {
              "fixed": "2.5.0"
            }
          ]
        }
      ],
      "database_specific": {
        "source": "https://github.com/github/advisory-database/blob/main/advisories/github-reviewed/2024/02/GHSA-f56g-chqp-22m9/GHSA-f56g-chqp-22m9.json"
      }
    }
  ],
  "schema_version": "1.6.0",
  "severity": [
    {
      "type": "CVSS_V3",
      "score": "CVSS:3.1/AV:N/AC:L/PR:L/UI:N/S:U/C:N/I:H/A:N"
    }
  ]
}