{
  "id": "GHSA-67fv-9r7g-432h",
  "summary": "Rhai stack overflow vulenrability",
  "details": "A stack overflow vulnerability was found in version 1.18.0 of rhai. The flaw position is: (/ SRC/rhai/SRC/eval/STMT. Rs in rhai: : eval: : STMT: : _ $LT $impl $u20 $rhai.. engine.. Engine$GT$::eval_stmt::h3f1d68ce37fc6e96). Due to the stack overflow is a recursive call/SRC/rhai/SRC/eval/STMT. Rs file eval_stmt_block function.",
  "aliases": [
    "CVE-2024-36760"
  ],
  "modified": "2024-07-05T21:21:55Z",
  "published": "2024-06-13T18:31:59Z",
  "database_specific": {
    "nvd_published_at": "2024-06-13T18:15:10Z",
    "cwe_ids": [
      "CWE-120",
      "CWE-674"
    ],
    "severity": "HIGH",
    "github_reviewed": true,
    "github_reviewed_at": "2024-06-13T22:03:59Z"
  },
  "references": [
    {
      "type": "ADVISORY",
      "url": "https://nvd.nist.gov/vuln/detail/CVE-2024-36760"
    },
    {
      "type": "WEB",
      "url": "https://github.com/rhaiscript/rhai/commit/308d07a11d3bff0d230f685a6320292181e5a445"
    },
    {
      "type": "WEB",
      "url": "https://github.com/MageWeiG/VulnerabilityCollection/blob/main/CVE-2024-36760/info.md"
    },
    {
      "type": "PACKAGE",
      "url": "https://github.com/rhaiscript/rhai"
    }
  ],
  "affected": [
    {
      "package": {
        "name": "rhai",
        "ecosystem": "crates.io",
        "purl": "pkg:cargo/rhai"
      },
      "ranges": [
        {
          "type": "SEMVER",
          "events": [
            {
              "introduced": "0"
            },
            {
              "last_affected": "1.18.0"
            }
          ]
        }
      ],
      "database_specific": {
        "source": "https://github.com/github/advisory-database/blob/main/advisories/github-reviewed/2024/06/GHSA-67fv-9r7g-432h/GHSA-67fv-9r7g-432h.json"
      }
    }
  ],
  "schema_version": "1.6.0",
  "severity": [
    {
      "type": "CVSS_V3",
      "score": "CVSS:3.1/AV:N/AC:L/PR:N/UI:N/S:U/C:N/I:N/A:H"
    },
    {
      "type": "CVSS_V4",
      "score": "CVSS:4.0/AV:N/AC:L/AT:N/PR:N/UI:N/VC:N/VI:N/VA:H/SC:N/SI:N/SA:N"
    }
  ]
}