{
  "id": "GHSA-44mr-8vmm-wjhg",
  "summary": "Wasmtime out of bounds read/write with zero-memory-pages configuration",
  "details": "### Impact\n\nThere is a bug in Wasmtime's implementation of its pooling instance allocator when the allocator is configured to give WebAssembly instances a maximum of zero pages of memory. In this configuration the virtual memory mapping for WebAssembly memories did not meet the compiler-required configuration requirements for safely executing WebAssembly modules. Wasmtime's default settings require virtual memory page faults to indicate that wasm reads/writes are out-of-bounds, but the pooling allocator's configuration would not create an appropriate virtual memory mapping for this meaning out of bounds reads/writes can successfully read/write memory unrelated to the wasm sandbox within range of the base address of the memory mapping created by the pooling allocator.\n\nThis bug can only be triggered by setting [`InstanceLimits::memory_pages`](https://docs.rs/wasmtime/2.0.1/wasmtime/struct.InstanceLimits.html#structfield.memory_pages) to zero. This is expected to be a very rare configuration since this means that wasm modules cannot allocate any pages of linear memory. All wasm modules produced by all current toolchains are highly likely to use linear memory, so it's expected to be unlikely that this configuration is set to zero by any production embedding of Wasmtime, hence the low severity of this bug despite the critical consequences.\n\n### Patches\n\nThis bug has been patched and users should upgrade to Wasmtime 2.0.2.\n\n### Workarounds\n\nOne way to mitigate this issue is to disable usage of the pooling allocator. Note that the pooling allocator is not enabled by default.\n\nThis bug can also only be worked around by increasing the `memory_pages` allotment when configuring the pooling allocator to a value greater than zero. If an embedding wishes to still prevent memory from actually being used then the `Store::limiter` method can be used to dynamically disallow growth of memory beyond 0 bytes large. Note that the default `memory_pages` value is greater than zero.\n\nThis bug is not applicable with the default settings of the `wasmtime` crate.\n\n### References\n\n* [`Config::allocation_strategy`](https://docs.rs/wasmtime/2.0.1/wasmtime/struct.Config.html#method.allocation_strategy) - configuration required to enable the pooling allocator.\n* [`InstanceLimits::memory_pages`](https://docs.rs/wasmtime/2.0.1/wasmtime/struct.InstanceLimits.html#structfield.memory_pages) - configuration field that, when zero, exhibits this bug.\n* [`Store::limiter`](https://docs.rs/wasmtime/2.0.1/wasmtime/struct.Store.html#method.limiter) - means of limiting memory without using `memory_pages`\n* [Mailing list announcement](https://groups.google.com/a/bytecodealliance.org/g/sec-announce/c/c1HBDDJwNPA)\n* [Patch for the `release-2.0.0` branch](https://github.com/bytecodealliance/wasmtime/commit/e60c3742904ccbb3e26da201c9221c38a4981d72)\n\n### For more information\n\nIf you have any questions or comments about this advisory:\n\n* Reach out to us on [the Bytecode Alliance Zulip chat](https://bytecodealliance.zulipchat.com/#narrow/stream/217126-wasmtime)\n* Open an issue in [the bytecodealliance/wasmtime repository](https://github.com/bytecodealliance/wasmtime/)\n",
  "aliases": [
    "CVE-2022-39392",
    "RUSTSEC-2022-0076"
  ],
  "modified": "2023-11-08T04:10:20.837365Z",
  "published": "2022-11-10T21:09:02Z",
  "database_specific": {
    "nvd_published_at": "2022-11-10T20:15:00Z",
    "github_reviewed_at": "2022-11-10T21:09:02Z",
    "severity": "MODERATE",
    "github_reviewed": true,
    "cwe_ids": [
      "CWE-119",
      "CWE-125",
      "CWE-787"
    ]
  },
  "references": [
    {
      "type": "WEB",
      "url": "https://github.com/bytecodealliance/wasmtime/security/advisories/GHSA-44mr-8vmm-wjhg"
    },
    {
      "type": "ADVISORY",
      "url": "https://nvd.nist.gov/vuln/detail/CVE-2022-39392"
    },
    {
      "type": "WEB",
      "url": "https://github.com/bytecodealliance/wasmtime/commit/e60c3742904ccbb3e26da201c9221c38a4981d72"
    },
    {
      "type": "PACKAGE",
      "url": "https://github.com/bytecodealliance/wasmtime"
    },
    {
      "type": "WEB",
      "url": "https://groups.google.com/a/bytecodealliance.org/g/sec-announce/c/c1HBDDJwNPA"
    },
    {
      "type": "WEB",
      "url": "https://rustsec.org/advisories/RUSTSEC-2022-0076.html"
    }
  ],
  "affected": [
    {
      "package": {
        "name": "wasmtime",
        "ecosystem": "crates.io",
        "purl": "pkg:cargo/wasmtime"
      },
      "ranges": [
        {
          "type": "SEMVER",
          "events": [
            {
              "introduced": "2.0.0"
            },
            {
              "fixed": "2.0.2"
            }
          ]
        }
      ],
      "database_specific": {
        "source": "https://github.com/github/advisory-database/blob/main/advisories/github-reviewed/2022/11/GHSA-44mr-8vmm-wjhg/GHSA-44mr-8vmm-wjhg.json"
      }
    },
    {
      "package": {
        "name": "wasmtime",
        "ecosystem": "crates.io",
        "purl": "pkg:cargo/wasmtime"
      },
      "ranges": [
        {
          "type": "SEMVER",
          "events": [
            {
              "introduced": "0"
            },
            {
              "fixed": "1.0.2"
            }
          ]
        }
      ],
      "database_specific": {
        "source": "https://github.com/github/advisory-database/blob/main/advisories/github-reviewed/2022/11/GHSA-44mr-8vmm-wjhg/GHSA-44mr-8vmm-wjhg.json"
      }
    }
  ],
  "schema_version": "1.6.0",
  "severity": [
    {
      "type": "CVSS_V3",
      "score": "CVSS:3.1/AV:N/AC:H/PR:H/UI:N/S:U/C:H/I:H/A:N"
    }
  ]
}