{
  "id": "GHSA-3933-wvjf-pcvc",
  "summary": "Out of bounds access in lucet-runtime-internals",
  "details": "An embedding using affected versions of lucet-runtime configured to use non-default Wasm globals sizes of more than 4KiB, or compiled in debug mode without optimizations, could leak data from the signal handler stack to guest programs. This can potentially cause data from the embedding host to leak to guest programs or cause corruption of guest program memory. This flaw was resolved by correcting the sigstack allocation logic.",
  "aliases": [
    "CVE-2020-35859",
    "RUSTSEC-2020-0004"
  ],
  "modified": "2023-11-08T04:03:35.973145Z",
  "published": "2021-08-25T20:46:16Z",
  "database_specific": {
    "nvd_published_at": "2020-12-31T10:15:14Z",
    "cwe_ids": [
      "CWE-125",
      "CWE-787"
    ],
    "severity": "CRITICAL",
    "github_reviewed": true,
    "github_reviewed_at": "2021-08-19T21:19:58Z"
  },
  "references": [
    {
      "type": "ADVISORY",
      "url": "https://nvd.nist.gov/vuln/detail/CVE-2020-35859"
    },
    {
      "type": "WEB",
      "url": "https://github.com/bytecodealliance/lucet/pull/401"
    },
    {
      "type": "PACKAGE",
      "url": "https://github.com/fastly/lucet"
    },
    {
      "type": "WEB",
      "url": "https://rustsec.org/advisories/RUSTSEC-2020-0004.html"
    }
  ],
  "affected": [
    {
      "package": {
        "name": "lucet-runtime-internals",
        "ecosystem": "crates.io",
        "purl": "pkg:cargo/lucet-runtime-internals"
      },
      "ranges": [
        {
          "type": "SEMVER",
          "events": [
            {
              "introduced": "0"
            },
            {
              "fixed": "0.4.3"
            }
          ]
        }
      ],
      "database_specific": {
        "source": "https://github.com/github/advisory-database/blob/main/advisories/github-reviewed/2021/08/GHSA-3933-wvjf-pcvc/GHSA-3933-wvjf-pcvc.json"
      }
    },
    {
      "package": {
        "name": "lucet-runtime-internals",
        "ecosystem": "crates.io",
        "purl": "pkg:cargo/lucet-runtime-internals"
      },
      "ranges": [
        {
          "type": "SEMVER",
          "events": [
            {
              "introduced": "0.5.0"
            },
            {
              "fixed": "0.5.1"
            }
          ]
        }
      ],
      "database_specific": {
        "source": "https://github.com/github/advisory-database/blob/main/advisories/github-reviewed/2021/08/GHSA-3933-wvjf-pcvc/GHSA-3933-wvjf-pcvc.json"
      }
    }
  ],
  "schema_version": "1.6.0",
  "severity": [
    {
      "type": "CVSS_V3",
      "score": "CVSS:3.1/AV:N/AC:L/PR:N/UI:N/S:U/C:H/I:N/A:H"
    }
  ]
}