{
  "id": "GHSA-8mx2-gqx9-rm7f",
  "summary": "Uncontrolled Resource Consumption in opcua",
  "details": "The package opcua from 0.0.0 are vulnerable to Denial of Service (DoS) due to a missing limitation on the number of received chunks - per single session or in total for all concurrent sessions. An attacker can exploit this vulnerability by sending an unlimited number of huge chunks (e.g. 2GB each) without sending the Final closing chunk.",
  "aliases": [
    "CVE-2022-25888"
  ],
  "modified": "2023-11-08T04:08:50.772701Z",
  "published": "2022-08-24T00:00:31Z",
  "database_specific": {
    "nvd_published_at": "2022-08-23T05:15:00Z",
    "github_reviewed_at": "2022-08-30T20:50:35Z",
    "severity": "HIGH",
    "github_reviewed": true,
    "cwe_ids": [
      "CWE-400",
      "CWE-770"
    ]
  },
  "references": [
    {
      "type": "ADVISORY",
      "url": "https://nvd.nist.gov/vuln/detail/CVE-2022-25888"
    },
    {
      "type": "WEB",
      "url": "https://github.com/locka99/opcua/pull/216"
    },
    {
      "type": "WEB",
      "url": "https://github.com/locka99/opcua/pull/216/commits/6fb683c5fec46c6dd347824491c4d93a229da695"
    },
    {
      "type": "PACKAGE",
      "url": "https://github.com/locka99/opcua"
    },
    {
      "type": "WEB",
      "url": "https://security.snyk.io/vuln/SNYK-RUST-OPCUA-2988751"
    }
  ],
  "affected": [
    {
      "package": {
        "name": "opcua",
        "ecosystem": "crates.io",
        "purl": "pkg:cargo/opcua"
      },
      "ranges": [
        {
          "type": "SEMVER",
          "events": [
            {
              "introduced": "0"
            },
            {
              "fixed": "0.11.0"
            }
          ]
        }
      ],
      "database_specific": {
        "source": "https://github.com/github/advisory-database/blob/main/advisories/github-reviewed/2022/08/GHSA-8mx2-gqx9-rm7f/GHSA-8mx2-gqx9-rm7f.json"
      }
    }
  ],
  "schema_version": "1.6.0",
  "severity": [
    {
      "type": "CVSS_V3",
      "score": "CVSS:3.1/AV:N/AC:L/PR:N/UI:N/S:U/C:N/I:N/A:H"
    }
  ]
}