{
  "id": "GHSA-j8qq-58cr-8cc7",
  "summary": "Out of bounds read in bra",
  "details": "Buffered Random Access (BRA) provides easy random memory access to a sequential source of data in Rust. This is achieved by greedily retaining all memory read from a given source. Buffered Random Access (BRA) provides easy random memory access to a sequential source of data in Rust. An issue was discovered in the bra crate before 0.1.1 for Rust. It lacks soundness because it can read uninitialized memory.",
  "aliases": [
    "CVE-2021-25905",
    "RUSTSEC-2021-0008"
  ],
  "modified": "2023-11-08T04:05:16.796827Z",
  "published": "2021-08-25T20:52:53Z",
  "database_specific": {
    "nvd_published_at": "2021-01-26T18:16:00Z",
    "github_reviewed_at": "2021-08-19T18:46:05Z",
    "severity": "CRITICAL",
    "github_reviewed": true,
    "cwe_ids": [
      "CWE-125",
      "CWE-908"
    ]
  },
  "references": [
    {
      "type": "ADVISORY",
      "url": "https://nvd.nist.gov/vuln/detail/CVE-2021-25905"
    },
    {
      "type": "WEB",
      "url": "https://github.com/Enet4/bra-rs/issues/1"
    },
    {
      "type": "WEB",
      "url": "https://github.com/Enet4/bra-rs/commit/aabf5562f8c6374ab30f615b28e0cff9b5c79e5f"
    },
    {
      "type": "PACKAGE",
      "url": "https://github.com/Enet4/bra-rs"
    },
    {
      "type": "WEB",
      "url": "https://rustsec.org/advisories/RUSTSEC-2021-0008.html"
    }
  ],
  "affected": [
    {
      "package": {
        "name": "bra",
        "ecosystem": "crates.io",
        "purl": "pkg:cargo/bra"
      },
      "ranges": [
        {
          "type": "SEMVER",
          "events": [
            {
              "introduced": "0"
            },
            {
              "fixed": "0.1.1"
            }
          ]
        }
      ],
      "database_specific": {
        "source": "https://github.com/github/advisory-database/blob/main/advisories/github-reviewed/2021/08/GHSA-j8qq-58cr-8cc7/GHSA-j8qq-58cr-8cc7.json"
      }
    }
  ],
  "schema_version": "1.6.0",
  "severity": [
    {
      "type": "CVSS_V3",
      "score": "CVSS:3.1/AV:N/AC:L/PR:N/UI:N/S:U/C:H/I:N/A:H"
    }
  ]
}