{
  "id": "GHSA-3vjm-36rr-7qrq",
  "summary": "NULL Pointer Dereference in cbox",
  "details": "An issue was discovered in the cbox crate through 2020-03-19 for Rust. The CBox API allows dereferencing raw pointers without a requirement for unsafe code.",
  "aliases": [
    "CVE-2020-35860",
    "RUSTSEC-2020-0005"
  ],
  "modified": "2023-11-08T04:03:36.035726Z",
  "published": "2021-08-25T20:47:16Z",
  "database_specific": {
    "nvd_published_at": null,
    "github_reviewed_at": "2021-08-19T21:18:36Z",
    "severity": "CRITICAL",
    "github_reviewed": true,
    "cwe_ids": [
      "CWE-476"
    ]
  },
  "references": [
    {
      "type": "ADVISORY",
      "url": "https://nvd.nist.gov/vuln/detail/CVE-2020-35860"
    },
    {
      "type": "WEB",
      "url": "https://github.com/TomBebbington/cbox-rs/issues/2"
    },
    {
      "type": "PACKAGE",
      "url": "https://github.com/TomBebbington/cbox-rs"
    },
    {
      "type": "WEB",
      "url": "https://rustsec.org/advisories/RUSTSEC-2020-0005.html"
    }
  ],
  "affected": [
    {
      "package": {
        "name": "cbox",
        "ecosystem": "crates.io",
        "purl": "pkg:cargo/cbox"
      },
      "ranges": [
        {
          "type": "SEMVER",
          "events": [
            {
              "introduced": "0"
            },
            {
              "last_affected": "0.3.0"
            }
          ]
        }
      ],
      "database_specific": {
        "source": "https://github.com/github/advisory-database/blob/main/advisories/github-reviewed/2021/08/GHSA-3vjm-36rr-7qrq/GHSA-3vjm-36rr-7qrq.json"
      }
    }
  ],
  "schema_version": "1.6.0",
  "severity": [
    {
      "type": "CVSS_V3",
      "score": "CVSS:3.1/AV:N/AC:L/PR:N/UI:N/S:U/C:H/I:H/A:H"
    }
  ]
}