{
  "id": "GHSA-9mxw-4856-9cm5",
  "summary": "Data races in rusb",
  "details": "Affected versions of rusb did not require UsbContext to implement Send and Sync. However, through Device and DeviceHandle it is possible to use UsbContexts across threads. This issue allows non-thread safe UsbContext types to be used concurrently leading to data races and memory corruption. The issue was fixed by adding Send and Sync bounds to UsbContext.",
  "aliases": [
    "CVE-2020-36206",
    "RUSTSEC-2020-0098"
  ],
  "modified": "2023-11-08T04:03:41.476758Z",
  "published": "2021-08-25T20:50:51Z",
  "database_specific": {
    "nvd_published_at": null,
    "cwe_ids": [
      "CWE-662",
      "CWE-787"
    ],
    "severity": "HIGH",
    "github_reviewed": true,
    "github_reviewed_at": "2021-08-19T18:51:05Z"
  },
  "references": [
    {
      "type": "ADVISORY",
      "url": "https://nvd.nist.gov/vuln/detail/CVE-2020-36206"
    },
    {
      "type": "WEB",
      "url": "https://github.com/a1ien/rusb/issues/44"
    },
    {
      "type": "PACKAGE",
      "url": "https://github.com/a1ien/rusb"
    },
    {
      "type": "WEB",
      "url": "https://rustsec.org/advisories/RUSTSEC-2020-0098.html"
    }
  ],
  "affected": [
    {
      "package": {
        "name": "rusb",
        "ecosystem": "crates.io",
        "purl": "pkg:cargo/rusb"
      },
      "ranges": [
        {
          "type": "SEMVER",
          "events": [
            {
              "introduced": "0"
            },
            {
              "fixed": "0.7.0"
            }
          ]
        }
      ],
      "database_specific": {
        "source": "https://github.com/github/advisory-database/blob/main/advisories/github-reviewed/2021/08/GHSA-9mxw-4856-9cm5/GHSA-9mxw-4856-9cm5.json"
      }
    }
  ],
  "schema_version": "1.6.0",
  "severity": [
    {
      "type": "CVSS_V3",
      "score": "CVSS:3.1/AV:L/AC:H/PR:L/UI:N/S:U/C:H/I:H/A:H"
    }
  ]
}