{
  "id": "GHSA-c9h5-hf8r-m97x",
  "summary": "Dangling reference in flatbuffers",
  "details": "An issue was discovered in the flatbuffers crate through 2020-04-11 for Rust. read_scalar (and read_scalar_at) can transmute values without unsafe blocks.",
  "aliases": [
    "CVE-2020-35864",
    "RUSTSEC-2020-0009"
  ],
  "modified": "2023-11-08T04:03:36.276800Z",
  "published": "2021-08-25T20:47:36Z",
  "database_specific": {
    "nvd_published_at": null,
    "cwe_ids": [
      "CWE-704"
    ],
    "severity": "HIGH",
    "github_reviewed": true,
    "github_reviewed_at": "2021-08-19T21:18:24Z"
  },
  "references": [
    {
      "type": "ADVISORY",
      "url": "https://nvd.nist.gov/vuln/detail/CVE-2020-35864"
    },
    {
      "type": "WEB",
      "url": "https://github.com/google/flatbuffers/issues/5825"
    },
    {
      "type": "PACKAGE",
      "url": "https://github.com/google/flatbuffers"
    },
    {
      "type": "WEB",
      "url": "https://rustsec.org/advisories/RUSTSEC-2020-0009.html"
    }
  ],
  "affected": [
    {
      "package": {
        "name": "flatbuffers",
        "ecosystem": "crates.io",
        "purl": "pkg:cargo/flatbuffers"
      },
      "ranges": [
        {
          "type": "SEMVER",
          "events": [
            {
              "introduced": "0.4.0"
            },
            {
              "fixed": "2.0.0"
            }
          ]
        }
      ],
      "ecosystem_specific": {
        "affected_functions": [
          "flatbuffers::read_scalar",
          "flatbuffers::read_scalar_at"
        ]
      },
      "database_specific": {
        "source": "https://github.com/github/advisory-database/blob/main/advisories/github-reviewed/2021/08/GHSA-c9h5-hf8r-m97x/GHSA-c9h5-hf8r-m97x.json"
      }
    }
  ],
  "schema_version": "1.6.0",
  "severity": [
    {
      "type": "CVSS_V3",
      "score": "CVSS:3.1/AV:N/AC:L/PR:N/UI:N/S:U/C:N/I:N/A:H"
    }
  ]
}