{
  "id": "GHSA-4rjr-3gj2-5crq",
  "summary": "Exposure of Sensitive Information to an Unauthorized Actor in MongoDB Rust Driver",
  "details": "Specific MongoDB Rust Driver versions can include credentials used by the connection pool to authenticate connections in the monitoring event that is emitted when the pool is created. The user's logging infrastructure could then potentially ingest these events and unexpectedly leak the credentials. Note that such monitoring is not enabled by default.",
  "aliases": [
    "CVE-2021-20332"
  ],
  "modified": "2023-11-08T04:04:37.418535Z",
  "published": "2022-05-24T19:09:36Z",
  "database_specific": {
    "nvd_published_at": "2021-08-02T13:15:00Z",
    "github_reviewed_at": "2022-06-17T21:39:29Z",
    "severity": "MODERATE",
    "github_reviewed": true,
    "cwe_ids": [
      "CWE-200"
    ]
  },
  "references": [
    {
      "type": "ADVISORY",
      "url": "https://nvd.nist.gov/vuln/detail/CVE-2021-20332"
    },
    {
      "type": "WEB",
      "url": "https://github.com/mongodb/mongo-rust-driver/commit/9e8782b1bb1104e5399c073b553719c262d4463c"
    },
    {
      "type": "PACKAGE",
      "url": "https://github.com/mongodb/mongo-rust-driver"
    },
    {
      "type": "WEB",
      "url": "https://jira.mongodb.org/browse/RUST-591"
    }
  ],
  "affected": [
    {
      "package": {
        "name": "mongodb",
        "ecosystem": "crates.io",
        "purl": "pkg:cargo/mongodb"
      },
      "ranges": [
        {
          "type": "SEMVER",
          "events": [
            {
              "introduced": "1.0.0"
            },
            {
              "fixed": "2.0.0-beta"
            }
          ]
        }
      ],
      "database_specific": {
        "last_known_affected_version_range": "<= 2.0.0-alpha1",
        "source": "https://github.com/github/advisory-database/blob/main/advisories/github-reviewed/2022/05/GHSA-4rjr-3gj2-5crq/GHSA-4rjr-3gj2-5crq.json"
      }
    }
  ],
  "schema_version": "1.6.0",
  "severity": [
    {
      "type": "CVSS_V3",
      "score": "CVSS:3.1/AV:L/AC:L/PR:H/UI:N/S:U/C:H/I:N/A:N"
    }
  ]
}