{
  "id": "GHSA-88xq-w8cq-xfg7",
  "summary": "Invalid drop of partially-initialized instances in the pooling instance allocator for modules with defined `externref` globals ",
  "details": "### Impact\n\nThere exists a bug in the pooling instance allocator in Wasmtime's runtime where a failure to instantiate an instance for a module that defines an `externref` global will result in an invalid drop of a `VMExternRef` via an uninitialized pointer.\n\nAs instance slots may be reused between consecutive instantiations, the value of the uninitialized pointer may be from a previous instantiation and therefore under the control of an attacker via a module's initial values for its globals. If the attacker can somehow determine an address under their control inside the mapped memory representing the instance pool, it is possible to trick the runtime to call `drop_in_place` on a trait object under the attacker's control and therefore cause remote code execution.\n\nExploiting the bug to cause remote code execution would be very difficult as attackers cannot determine the addresses of globals from code executing within the WebAssembly VM and the memory space for the instance pool cannot be statically determined. Operating system mitigations, such as [address space layout randomization](https://en.wikipedia.org/wiki/Address_space_layout_randomization), would additionally increase the difficulty for attackers to determine useful executable code to target with an exploit. It is also very unlikely that attackers will be able to directly influence the conditions that trigger the bug as described below.\n\nWhen the conditions to trigger the bug are met, however, it is much easier to exploit this bug to cause a denial of service by crashing the host with an invalid memory read.\n\nThe following engine configuration (via [Config](https://docs.rs/wasmtime/0.34.0/wasmtime/struct.Config.html)) is required to be impacted by this bug:\n\n* support for the reference types proposal must be enabled (this is the default for `Config`).\n* a pooling allocation strategy must be configured via [Config::allocation_strategy](https://docs.rs/wasmtime/0.34.0/wasmtime/struct.Config.html#method.allocation_strategy), which is **not the default allocation strategy**.\n\nA module must be instantiated with **all the following characteristics**:\n\n* The module defines at least one table or memory.\n* The module defines at least one `externref` global.\n\nDuring instantiation, **one of the following** must occur to cause the instantiation to fail:\n\n* a call to `mprotect` or `VirtualAlloc` fails (e.g. out-of-memory conditions).\n* a resource limiter was configured in the associated `Store` (via [Store::limiter](https://docs.rs/wasmtime/0.34.0/wasmtime/struct.Store.html#method.limiter) or [Store::limiter_async](https://docs.rs/wasmtime/0.34.0/wasmtime/struct.Store.html#method.limiter_async)) and the limiter returns `false` from the initial call to `memory_growing` or `table_growing`. **Stores do not have a resource limiter set by default**.\n\nThis results in a partially-initialized instance being dropped and that attempts to drop the uninitialized `VMExternRef` representing the defined `externref` global.\n\nWe have reason to believe that the effective impact of this bug is relatively small because the usage of `externref` is still uncommon and without a resource limiter configured on the `Store`, which is not the default configuration, it is only possible to trigger the bug from an error returned by `mprotect` or `VirtualAlloc`.\n\nNote that on Linux with the `uffd` feature enabled, it is only possible to trigger the bug from a resource limiter as the call to `mprotect` is skipped; if no resource limiter is used, then this configuration is not vulnerable.\n\n### Patches\n\nThe bug has been fixed in 0.34.1 and 0.33.1; users are encouraged to upgrade as soon as possible.\n\n### Workarounds\n\nIf it is not possible to upgrade to 0.34.1 or 0.33.1 of the `wasmtime` crate, it is recommend that support for the reference types proposal be disabled by passing `false` to [Config::wasm_reference_types](https://docs.rs/wasmtime/latest/wasmtime/struct.Config.html#method.wasm_reference_types).\n\nDoing so will prevent modules that use `externref` from being loaded entirely.\n\n### For more information\n\nIf you have any questions or comments about this advisory:\n\n* Reach out to us on [the Bytecode Alliance Zulip chat](https://bytecodealliance.zulipchat.com/#narrow/stream/217126-wasmtime)\n* Open an issue in [the bytecodealliance/wasmtime repository](https://github.com/bytecodealliance/wasmtime/)",
  "aliases": [
    "CVE-2022-23636"
  ],
  "modified": "2023-11-08T04:08:25.988091Z",
  "published": "2022-02-16T22:35:03Z",
  "database_specific": {
    "nvd_published_at": "2022-02-16T22:15:00Z",
    "github_reviewed_at": "2022-02-16T22:35:03Z",
    "severity": "MODERATE",
    "github_reviewed": true,
    "cwe_ids": [
      "CWE-824"
    ]
  },
  "references": [
    {
      "type": "WEB",
      "url": "https://github.com/bytecodealliance/wasmtime/security/advisories/GHSA-88xq-w8cq-xfg7"
    },
    {
      "type": "ADVISORY",
      "url": "https://nvd.nist.gov/vuln/detail/CVE-2022-23636"
    },
    {
      "type": "WEB",
      "url": "https://github.com/bytecodealliance/wasmtime/commit/886ecc562040bef61faf19438c22285c2d62403a"
    },
    {
      "type": "PACKAGE",
      "url": "https://github.com/bytecodealliance/wasmtime"
    }
  ],
  "affected": [
    {
      "package": {
        "name": "wasmtime",
        "ecosystem": "crates.io",
        "purl": "pkg:cargo/wasmtime"
      },
      "ranges": [
        {
          "type": "SEMVER",
          "events": [
            {
              "introduced": "0.34.0"
            },
            {
              "fixed": "0.34.1"
            }
          ]
        }
      ],
      "versions": [
        "0.34.0"
      ],
      "database_specific": {
        "source": "https://github.com/github/advisory-database/blob/main/advisories/github-reviewed/2022/02/GHSA-88xq-w8cq-xfg7/GHSA-88xq-w8cq-xfg7.json"
      }
    },
    {
      "package": {
        "name": "wasmtime",
        "ecosystem": "crates.io",
        "purl": "pkg:cargo/wasmtime"
      },
      "ranges": [
        {
          "type": "SEMVER",
          "events": [
            {
              "introduced": "0"
            },
            {
              "fixed": "0.33.1"
            }
          ]
        }
      ],
      "database_specific": {
        "source": "https://github.com/github/advisory-database/blob/main/advisories/github-reviewed/2022/02/GHSA-88xq-w8cq-xfg7/GHSA-88xq-w8cq-xfg7.json"
      }
    }
  ],
  "schema_version": "1.6.0",
  "severity": [
    {
      "type": "CVSS_V3",
      "score": "CVSS:3.1/AV:L/AC:H/PR:N/UI:N/S:U/C:N/I:N/A:H"
    }
  ]
}