{
  "id": "GHSA-29hg-r7c7-54fr",
  "summary": "Double free in insert_many",
  "details": "An issue was discovered in the insert_many crate through 2021-01-26 for Rust. Elements may be dropped twice if a .next() method panics.",
  "aliases": [
    "CVE-2021-29933",
    "RUSTSEC-2021-0042"
  ],
  "modified": "2023-11-08T04:05:43.697683Z",
  "published": "2021-08-25T20:55:06Z",
  "database_specific": {
    "nvd_published_at": null,
    "github_reviewed_at": "2021-08-19T17:05:09Z",
    "severity": "HIGH",
    "github_reviewed": true,
    "cwe_ids": [
      "CWE-415"
    ]
  },
  "references": [
    {
      "type": "ADVISORY",
      "url": "https://nvd.nist.gov/vuln/detail/CVE-2021-29933"
    },
    {
      "type": "WEB",
      "url": "https://github.com/rphmeier/insert_many/issues/1"
    },
    {
      "type": "PACKAGE",
      "url": "https://github.com/rphmeier/insert_many"
    },
    {
      "type": "WEB",
      "url": "https://rustsec.org/advisories/RUSTSEC-2021-0042.html"
    }
  ],
  "affected": [
    {
      "package": {
        "name": "insert_many",
        "ecosystem": "crates.io",
        "purl": "pkg:cargo/insert_many"
      },
      "ranges": [
        {
          "type": "SEMVER",
          "events": [
            {
              "introduced": "0"
            },
            {
              "last_affected": "0.1.1"
            }
          ]
        }
      ],
      "database_specific": {
        "source": "https://github.com/github/advisory-database/blob/main/advisories/github-reviewed/2021/08/GHSA-29hg-r7c7-54fr/GHSA-29hg-r7c7-54fr.json"
      }
    }
  ],
  "schema_version": "1.6.0",
  "severity": [
    {
      "type": "CVSS_V3",
      "score": "CVSS:3.1/AV:N/AC:L/PR:N/UI:N/S:U/C:N/I:N/A:H"
    }
  ]
}