{
  "id": "GHSA-875g-mfp6-g7f9",
  "summary": "`serde` deserialization for `FamStructWrapper` lacks bound checks that could potentially lead to out-of-bounds memory access",
  "details": "### Impact\n\nAn issue was discovered in the FamStructWrapper::deserialize implementation provided by the crate for vmm_sys_util::fam::FamStructWrapper, which can lead to out of bounds memory accesses. The deserialization does not check that the length stored in the header matches the flexible array length. Mismatch in the lengths might allow out of bounds memory access through Rust-safe methods.\n\nImpacted versions: >= 0.5.0\n\n### Patches\n\nThe issue was corrected in version 0.12.0 by inserting a check that verifies the lengths of compared flexible arrays are equal for any deserialized header and aborting deserialization otherwise. Moreover, the API was changed so that header length can only be modified through Rust-unsafe code. This ensures that users cannot trigger out-of-bounds memory access from Rust-safe code.",
  "aliases": [
    "CVE-2023-50711",
    "RUSTSEC-2024-0002"
  ],
  "modified": "2024-02-10T03:30:19Z",
  "published": "2024-01-02T16:28:08Z",
  "database_specific": {
    "nvd_published_at": "2024-01-02T20:15:10Z",
    "cwe_ids": [
      "CWE-787"
    ],
    "severity": "MODERATE",
    "github_reviewed": true,
    "github_reviewed_at": "2024-01-02T16:28:08Z"
  },
  "references": [
    {
      "type": "WEB",
      "url": "https://github.com/rust-vmm/vmm-sys-util/security/advisories/GHSA-875g-mfp6-g7f9"
    },
    {
      "type": "ADVISORY",
      "url": "https://nvd.nist.gov/vuln/detail/CVE-2023-50711"
    },
    {
      "type": "WEB",
      "url": "https://github.com/rust-vmm/vmm-sys-util/commit/30172fca2a8e0a38667d934ee56682247e13f167"
    },
    {
      "type": "PACKAGE",
      "url": "https://github.com/rust-vmm/vmm-sys-util"
    },
    {
      "type": "WEB",
      "url": "https://lists.fedoraproject.org/archives/list/package-announce@lists.fedoraproject.org/message/W5XMCLV2P3ANS3XN4NXZTV4PUNTLWUNJ"
    },
    {
      "type": "WEB",
      "url": "https://rustsec.org/advisories/RUSTSEC-2024-0002.html"
    }
  ],
  "affected": [
    {
      "package": {
        "name": "vmm-sys-util",
        "ecosystem": "crates.io",
        "purl": "pkg:cargo/vmm-sys-util"
      },
      "ranges": [
        {
          "type": "SEMVER",
          "events": [
            {
              "introduced": "0.5.0"
            },
            {
              "fixed": "0.12.0"
            }
          ]
        }
      ],
      "database_specific": {
        "source": "https://github.com/github/advisory-database/blob/main/advisories/github-reviewed/2024/01/GHSA-875g-mfp6-g7f9/GHSA-875g-mfp6-g7f9.json"
      }
    }
  ],
  "schema_version": "1.6.0",
  "severity": [
    {
      "type": "CVSS_V3",
      "score": "CVSS:3.1/AV:L/AC:L/PR:N/UI:N/S:C/C:N/I:L/A:L"
    }
  ]
}