{
  "id": "GHSA-3hj2-hh36-hv9v",
  "summary": "Data race in va-ts",
  "details": "In the affected versions of this crate, Demuxer<T> unconditionally implemented Send with no trait bounds on T. This allows sending a non-Send type T across thread boundaries, which can cause undefined behavior like unlocking a mutex from a thread that didn't lock the mutex, or memory corruption from data race. The flaw was corrected in commit `0562cbf` by adding a T: Send bound to the Send impl for Demuxer<T>.",
  "aliases": [
    "CVE-2020-36220",
    "RUSTSEC-2020-0114"
  ],
  "modified": "2023-11-08T04:03:42.275700Z",
  "published": "2021-08-25T20:51:56Z",
  "database_specific": {
    "nvd_published_at": null,
    "cwe_ids": [
      "CWE-662",
      "CWE-667",
      "CWE-787"
    ],
    "severity": "MODERATE",
    "github_reviewed": true,
    "github_reviewed_at": "2021-08-19T18:47:06Z"
  },
  "references": [
    {
      "type": "ADVISORY",
      "url": "https://nvd.nist.gov/vuln/detail/CVE-2020-36220"
    },
    {
      "type": "WEB",
      "url": "https://github.com/video-audio/va-ts/issues/4"
    },
    {
      "type": "PACKAGE",
      "url": "https://github.com/video-audio/va-ts"
    },
    {
      "type": "WEB",
      "url": "https://rustsec.org/advisories/RUSTSEC-2020-0114.html"
    }
  ],
  "affected": [
    {
      "package": {
        "name": "va-ts",
        "ecosystem": "crates.io",
        "purl": "pkg:cargo/va-ts"
      },
      "ranges": [
        {
          "type": "SEMVER",
          "events": [
            {
              "introduced": "0"
            },
            {
              "fixed": "0.0.4"
            }
          ]
        }
      ],
      "database_specific": {
        "source": "https://github.com/github/advisory-database/blob/main/advisories/github-reviewed/2021/08/GHSA-3hj2-hh36-hv9v/GHSA-3hj2-hh36-hv9v.json"
      }
    }
  ],
  "schema_version": "1.6.0",
  "severity": [
    {
      "type": "CVSS_V3",
      "score": "CVSS:3.1/AV:N/AC:H/PR:N/UI:N/S:U/C:N/I:N/A:H"
    }
  ]
}