{
  "id": "GHSA-4f63-89w9-3jjv",
  "summary": "Using a Custom Cipher with `NID_undef` may lead to NULL encryption",
  "details": "OpenSSL supports creating a custom cipher via the legacy EVP_CIPHER_meth_new() function and associated function calls. This function was deprecated in OpenSSL 3.0 and application authors are instead encouraged to use the new provider mechanism in order to implement custom ciphers. OpenSSL versions 3.0.0 to 3.0.5 incorrectly handle legacy custom ciphers passed to the EVP_EncryptInit_ex2(), EVP_DecryptInit_ex2() and EVP_CipherInit_ex2() functions (as well as other similarly named encryption and decryption initialisation functions). Instead of using the custom cipher directly it incorrectly tries to fetch an equivalent cipher from the available providers. An equivalent cipher is found based on the NID passed to EVP_CIPHER_meth_new(). This NID is supposed to represent the unique NID for a given cipher. However it is possible for an application to incorrectly pass NID_undef as this value in the call to EVP_CIPHER_meth_new(). When NID_undef is used in this way the OpenSSL encryption/decryption initialisation function will match the NULL cipher as being equivalent and will fetch this from the available providers. This will succeed if the default provider has been loaded (or if a third party provider has been loaded that offers this cipher). Using the NULL cipher means that the plaintext is emitted as the ciphertext. Applications are only affected by this issue if they call EVP_CIPHER_meth_new() using NID_undef and subsequently use it in a call to an encryption/decryption initialisation function. Applications that only use SSL/TLS are not impacted by this issue. Fixed in OpenSSL 3.0.6 (Affected 3.0.0-3.0.5).",
  "aliases": [
    "CVE-2022-3358",
    "RUSTSEC-2022-0059"
  ],
  "modified": "2023-11-08T04:09:40.031051Z",
  "published": "2022-10-11T19:00:29Z",
  "related": [
    "CGA-3jpg-mv44-vrgc",
    "CGA-vcph-4wgg-x87j"
  ],
  "database_specific": {
    "nvd_published_at": "2022-10-11T15:15:00Z",
    "cwe_ids": [
      "CWE-476"
    ],
    "severity": "HIGH",
    "github_reviewed": true,
    "github_reviewed_at": "2022-10-12T20:00:56Z"
  },
  "references": [
    {
      "type": "ADVISORY",
      "url": "https://nvd.nist.gov/vuln/detail/CVE-2022-3358"
    },
    {
      "type": "WEB",
      "url": "https://git.openssl.org/gitweb/?p=openssl.git;a=commitdiff;h=5485c56679d7c49b96e8fc8ca708b0b7e7c03c4b"
    },
    {
      "type": "PACKAGE",
      "url": "https://github.com/alexcrichton/openssl-src-rs"
    },
    {
      "type": "WEB",
      "url": "https://psirt.global.sonicwall.com/vuln-detail/SNWLID-2022-0023"
    },
    {
      "type": "WEB",
      "url": "https://rustsec.org/advisories/RUSTSEC-2022-0059.html"
    },
    {
      "type": "WEB",
      "url": "https://security.gentoo.org/glsa/202402-08"
    },
    {
      "type": "WEB",
      "url": "https://security.netapp.com/advisory/ntap-20221028-0014"
    },
    {
      "type": "WEB",
      "url": "https://www.openssl.org/news/secadv/20221011.txt"
    }
  ],
  "affected": [
    {
      "package": {
        "name": "openssl-src",
        "ecosystem": "crates.io",
        "purl": "pkg:cargo/openssl-src"
      },
      "ranges": [
        {
          "type": "SEMVER",
          "events": [
            {
              "introduced": "300.0.0"
            },
            {
              "fixed": "300.0.10"
            }
          ]
        }
      ],
      "database_specific": {
        "source": "https://github.com/github/advisory-database/blob/main/advisories/github-reviewed/2022/10/GHSA-4f63-89w9-3jjv/GHSA-4f63-89w9-3jjv.json"
      }
    }
  ],
  "schema_version": "1.6.0",
  "severity": [
    {
      "type": "CVSS_V3",
      "score": "CVSS:3.1/AV:N/AC:L/PR:N/UI:N/S:U/C:H/I:N/A:N"
    }
  ]
}