{
  "id": "GHSA-255r-3prx-mf99",
  "summary": "`rmp-serde` `Raw` and `RawRef` may crash when receiving invalid UTF-8",
  "details": "It was found that `Raw::from_utf8` expects valid UTF-8. If invalid UTF-8 is received it can cause the process to crash.\n",
  "aliases": [
    "RUSTSEC-2022-0092"
  ],
  "modified": "2023-11-08T04:13:53.714604Z",
  "published": "2023-03-22T22:21:49Z",
  "database_specific": {
    "nvd_published_at": null,
    "github_reviewed_at": "2023-03-22T22:21:49Z",
    "severity": "MODERATE",
    "github_reviewed": true,
    "cwe_ids": []
  },
  "references": [
    {
      "type": "WEB",
      "url": "https://github.com/3Hren/msgpack-rust/issues/305"
    },
    {
      "type": "PACKAGE",
      "url": "https://github.com/3Hren/msgpack-rust"
    },
    {
      "type": "WEB",
      "url": "https://rustsec.org/advisories/RUSTSEC-2022-0092.html"
    }
  ],
  "affected": [
    {
      "package": {
        "name": "rmp-serde",
        "ecosystem": "crates.io",
        "purl": "pkg:cargo/rmp-serde"
      },
      "ranges": [
        {
          "type": "SEMVER",
          "events": [
            {
              "introduced": "0"
            },
            {
              "fixed": "1.1.1"
            }
          ]
        }
      ],
      "database_specific": {
        "source": "https://github.com/github/advisory-database/blob/main/advisories/github-reviewed/2023/03/GHSA-255r-3prx-mf99/GHSA-255r-3prx-mf99.json"
      }
    }
  ],
  "schema_version": "1.6.0"
}