{
  "id": "GHSA-352p-rhvq-7g78",
  "summary": "Null pointer deference in av-data",
  "details": "An issue was discovered in the av-data crate before 0.3.0 for Rust. A raw pointer is dereferenced, leading to a read of an arbitrary memory address, sometimes causing a segfault.",
  "aliases": [
    "CVE-2021-25904",
    "RUSTSEC-2021-0007"
  ],
  "modified": "2023-11-08T04:05:16.736449Z",
  "published": "2021-08-25T20:52:55Z",
  "database_specific": {
    "nvd_published_at": null,
    "github_reviewed_at": "2021-08-19T18:45:49Z",
    "severity": "HIGH",
    "github_reviewed": true,
    "cwe_ids": [
      "CWE-476"
    ]
  },
  "references": [
    {
      "type": "ADVISORY",
      "url": "https://nvd.nist.gov/vuln/detail/CVE-2021-25904"
    },
    {
      "type": "WEB",
      "url": "https://github.com/rust-av/rust-av/issues/136"
    },
    {
      "type": "PACKAGE",
      "url": "https://github.com/rust-av/rust-av"
    },
    {
      "type": "WEB",
      "url": "https://rustsec.org/advisories/RUSTSEC-2021-0007.html"
    }
  ],
  "affected": [
    {
      "package": {
        "name": "av-data",
        "ecosystem": "crates.io",
        "purl": "pkg:cargo/av-data"
      },
      "ranges": [
        {
          "type": "SEMVER",
          "events": [
            {
              "introduced": "0"
            },
            {
              "fixed": "0.3.0"
            }
          ]
        }
      ],
      "database_specific": {
        "source": "https://github.com/github/advisory-database/blob/main/advisories/github-reviewed/2021/08/GHSA-352p-rhvq-7g78/GHSA-352p-rhvq-7g78.json"
      }
    }
  ],
  "schema_version": "1.6.0",
  "severity": [
    {
      "type": "CVSS_V3",
      "score": "CVSS:3.1/AV:N/AC:L/PR:N/UI:N/S:U/C:N/I:N/A:H"
    }
  ]
}