{
  "id": "GHSA-cgmg-2v6m-fjg7",
  "summary": "Free of uninitialized memory in autorand",
  "details": "An issue was discovered in the autorand crate before 0.2.3 for Rust. Because of impl Random on arrays, uninitialized memory can be dropped when a panic occurs, leading to memory corruption.",
  "aliases": [
    "CVE-2020-36210",
    "RUSTSEC-2020-0103"
  ],
  "modified": "2023-11-08T04:03:41.720212Z",
  "published": "2021-08-25T20:50:41Z",
  "database_specific": {
    "nvd_published_at": null,
    "github_reviewed_at": "2021-08-19T18:53:20Z",
    "severity": "HIGH",
    "github_reviewed": true,
    "cwe_ids": [
      "CWE-908"
    ]
  },
  "references": [
    {
      "type": "ADVISORY",
      "url": "https://nvd.nist.gov/vuln/detail/CVE-2020-36210"
    },
    {
      "type": "WEB",
      "url": "https://github.com/mersinvald/autorand-rs/issues/5"
    },
    {
      "type": "PACKAGE",
      "url": "https://github.com/mersinvald/autorand-rs"
    },
    {
      "type": "WEB",
      "url": "https://rustsec.org/advisories/RUSTSEC-2020-0103.html"
    }
  ],
  "affected": [
    {
      "package": {
        "name": "autorand",
        "ecosystem": "crates.io",
        "purl": "pkg:cargo/autorand"
      },
      "ranges": [
        {
          "type": "SEMVER",
          "events": [
            {
              "introduced": "0"
            },
            {
              "fixed": "0.2.3"
            }
          ]
        }
      ],
      "database_specific": {
        "source": "https://github.com/github/advisory-database/blob/main/advisories/github-reviewed/2021/08/GHSA-cgmg-2v6m-fjg7/GHSA-cgmg-2v6m-fjg7.json"
      }
    }
  ],
  "schema_version": "1.6.0",
  "severity": [
    {
      "type": "CVSS_V3",
      "score": "CVSS:3.1/AV:L/AC:L/PR:L/UI:N/S:U/C:H/I:H/A:H"
    }
  ]
}