{
  "id": "GHSA-5vwc-r48g-wj6c",
  "summary": "Abomonation transmutes &T to and from &[u8] without sufficient constraints",
  "details": "An issue was discovered in the abomonation crate through version 0.7.3 for Rust. Because transmute operations are insufficiently constrained, there can be an information leak or ASLR bypass.",
  "aliases": [
    "CVE-2021-45708",
    "GHSA-hfxp-p695-629x",
    "RUSTSEC-2021-0120"
  ],
  "modified": "2023-11-08T04:07:23.115580Z",
  "published": "2022-01-06T22:08:22Z",
  "database_specific": {
    "nvd_published_at": "2021-12-27T00:15:00Z",
    "cwe_ids": [
      "CWE-668"
    ],
    "severity": "HIGH",
    "github_reviewed": true,
    "github_reviewed_at": "2022-01-05T21:50:24Z"
  },
  "references": [
    {
      "type": "ADVISORY",
      "url": "https://nvd.nist.gov/vuln/detail/CVE-2021-45708"
    },
    {
      "type": "WEB",
      "url": "https://github.com/TimelyDataflow/abomonation/issues/23"
    },
    {
      "type": "PACKAGE",
      "url": "https://github.com/TimelyDataflow/abomonation"
    },
    {
      "type": "WEB",
      "url": "https://raw.githubusercontent.com/rustsec/advisory-db/main/crates/abomonation/RUSTSEC-2021-0120.md"
    },
    {
      "type": "WEB",
      "url": "https://rustsec.org/advisories/RUSTSEC-2021-0120.html"
    }
  ],
  "affected": [
    {
      "package": {
        "name": "abomonation",
        "ecosystem": "crates.io",
        "purl": "pkg:cargo/abomonation"
      },
      "ranges": [
        {
          "type": "SEMVER",
          "events": [
            {
              "introduced": "0"
            },
            {
              "last_affected": "0.7.3"
            }
          ]
        }
      ],
      "database_specific": {
        "source": "https://github.com/github/advisory-database/blob/main/advisories/github-reviewed/2022/01/GHSA-5vwc-r48g-wj6c/GHSA-5vwc-r48g-wj6c.json"
      }
    }
  ],
  "schema_version": "1.6.0",
  "severity": [
    {
      "type": "CVSS_V3",
      "score": "CVSS:3.1/AV:N/AC:L/PR:N/UI:N/S:U/C:H/I:N/A:N"
    }
  ]
}