{
  "id": "GHSA-g83m-67wh-whpw",
  "summary": "Command injection in kekbit",
  "details": "An issue was discovered in the kekbit crate before 0.3.4 for Rust. For ShmWriter<H>, Send is implemented without requiring H: Send.",
  "aliases": [
    "CVE-2020-36449",
    "RUSTSEC-2020-0129"
  ],
  "modified": "2023-11-08T04:03:45.521117Z",
  "published": "2021-08-25T20:57:10Z",
  "database_specific": {
    "nvd_published_at": "2021-08-08T06:15:00Z",
    "github_reviewed_at": "2021-08-18T20:31:24Z",
    "severity": "HIGH",
    "github_reviewed": true,
    "cwe_ids": [
      "CWE-77"
    ]
  },
  "references": [
    {
      "type": "ADVISORY",
      "url": "https://nvd.nist.gov/vuln/detail/CVE-2020-36449"
    },
    {
      "type": "WEB",
      "url": "https://github.com/motoras/kekbit/issues/34"
    },
    {
      "type": "PACKAGE",
      "url": "https://github.com/motoras/kekbit"
    },
    {
      "type": "WEB",
      "url": "https://rustsec.org/advisories/RUSTSEC-2020-0129.html"
    }
  ],
  "affected": [
    {
      "package": {
        "name": "kekbit",
        "ecosystem": "crates.io",
        "purl": "pkg:cargo/kekbit"
      },
      "ranges": [
        {
          "type": "SEMVER",
          "events": [
            {
              "introduced": "0"
            },
            {
              "fixed": "0.3.4"
            }
          ]
        }
      ],
      "database_specific": {
        "source": "https://github.com/github/advisory-database/blob/main/advisories/github-reviewed/2021/08/GHSA-g83m-67wh-whpw/GHSA-g83m-67wh-whpw.json"
      }
    }
  ],
  "schema_version": "1.6.0",
  "severity": [
    {
      "type": "CVSS_V3",
      "score": "CVSS:3.1/AV:N/AC:H/PR:N/UI:N/S:U/C:H/I:H/A:H"
    }
  ]
}