{
  "id": "GHSA-5pg8-h4gv-m3p8",
  "summary": "Null pointer deference in fltk",
  "details": "An issue was discovered in the fltk crate before 0.15.3 for Rust. There is a NULL pointer dereference during attempted use of a multi label type if the image is nonexistent.",
  "aliases": [
    "CVE-2021-28306",
    "CVE-2021-28307",
    "CVE-2021-28308",
    "GHSA-7qcc-g2m9-8533",
    "GHSA-vjmg-pc8h-p6p8",
    "RUSTSEC-2021-0038"
  ],
  "modified": "2024-03-15T00:05:17.414684Z",
  "published": "2021-08-25T20:53:56Z",
  "database_specific": {
    "nvd_published_at": null,
    "cwe_ids": [
      "CWE-476"
    ],
    "severity": "HIGH",
    "github_reviewed": true,
    "github_reviewed_at": "2021-08-19T17:22:27Z"
  },
  "references": [
    {
      "type": "ADVISORY",
      "url": "https://nvd.nist.gov/vuln/detail/CVE-2021-28306"
    },
    {
      "type": "WEB",
      "url": "https://github.com/MoAlyousef/fltk-rs/issues/519"
    },
    {
      "type": "PACKAGE",
      "url": "https://github.com/MoAlyousef/fltk-rs"
    },
    {
      "type": "WEB",
      "url": "https://rustsec.org/advisories/RUSTSEC-2021-0038.html"
    }
  ],
  "affected": [
    {
      "package": {
        "name": "fltk",
        "ecosystem": "crates.io",
        "purl": "pkg:cargo/fltk"
      },
      "ranges": [
        {
          "type": "SEMVER",
          "events": [
            {
              "introduced": "0"
            },
            {
              "fixed": "0.15.3"
            }
          ]
        }
      ],
      "ecosystem_specific": {
        "affected_functions": [
          "fltk::prelude::WidgetExt::set_label_type"
        ]
      },
      "database_specific": {
        "source": "https://github.com/github/advisory-database/blob/main/advisories/github-reviewed/2021/08/GHSA-5pg8-h4gv-m3p8/GHSA-5pg8-h4gv-m3p8.json"
      }
    }
  ],
  "schema_version": "1.6.0",
  "severity": [
    {
      "type": "CVSS_V3",
      "score": "CVSS:3.1/AV:N/AC:L/PR:N/UI:N/S:U/C:N/I:N/A:H"
    }
  ]
}