{
  "id": "GHSA-9328-gcfq-p269",
  "summary": "Tor Arti's STUB circuits incorrectly have a length of 2",
  "details": "In Tor Arti before 1.2.3, STUB circuits incorrectly have a length of 2 (with lite vanguards), aka TROVE-2024-003.",
  "aliases": [
    "CVE-2024-35312",
    "CVE-2024-35313",
    "GHSA-c96h-cxx6-rmg9",
    "RUSTSEC-2024-0339",
    "RUSTSEC-2024-0340",
    "TROVE-2024-003",
    "TROVE-2024-004"
  ],
  "modified": "2024-05-21T12:25:59Z",
  "published": "2024-05-18T00:30:42Z",
  "database_specific": {
    "nvd_published_at": "2024-05-17T22:15:07Z",
    "cwe_ids": [
      "CWE-754"
    ],
    "severity": "HIGH",
    "github_reviewed": true,
    "github_reviewed_at": "2024-05-20T16:18:10Z"
  },
  "references": [
    {
      "type": "ADVISORY",
      "url": "https://nvd.nist.gov/vuln/detail/CVE-2024-35312"
    },
    {
      "type": "PACKAGE",
      "url": "https://gitlab.torproject.org/tpo/core/arti"
    },
    {
      "type": "WEB",
      "url": "https://gitlab.torproject.org/tpo/core/arti/-/blob/main/CHANGELOG.md#arti-123-15-may-2024"
    },
    {
      "type": "WEB",
      "url": "https://gitlab.torproject.org/tpo/core/arti/-/commit/da95138c14f762c706e46e89c6adfa46fcd5252c"
    },
    {
      "type": "WEB",
      "url": "https://gitlab.torproject.org/tpo/core/arti/-/issues/1409"
    },
    {
      "type": "WEB",
      "url": "https://gitlab.torproject.org/tpo/core/arti/-/merge_requests/2145"
    },
    {
      "type": "WEB",
      "url": "https://gitlab.torproject.org/tpo/core/arti/-/merge_requests/2154"
    },
    {
      "type": "WEB",
      "url": "https://gitlab.torproject.org/tpo/core/arti/-/merge_requests/2156"
    },
    {
      "type": "WEB",
      "url": "https://gitlab.torproject.org/tpo/core/team/-/wikis/NetworkTeam/TROVE"
    },
    {
      "type": "WEB",
      "url": "https://rustsec.org/advisories/RUSTSEC-2024-0339.html"
    }
  ],
  "affected": [
    {
      "package": {
        "name": "arti",
        "ecosystem": "crates.io",
        "purl": "pkg:cargo/arti"
      },
      "ranges": [
        {
          "type": "SEMVER",
          "events": [
            {
              "introduced": "1.2.2"
            },
            {
              "fixed": "1.2.3"
            }
          ]
        }
      ],
      "versions": [
        "1.2.2"
      ],
      "database_specific": {
        "source": "https://github.com/github/advisory-database/blob/main/advisories/github-reviewed/2024/05/GHSA-9328-gcfq-p269/GHSA-9328-gcfq-p269.json"
      }
    },
    {
      "package": {
        "name": "tor-circmgr",
        "ecosystem": "crates.io",
        "purl": "pkg:cargo/tor-circmgr"
      },
      "ranges": [
        {
          "type": "SEMVER",
          "events": [
            {
              "introduced": "0.18.0"
            },
            {
              "fixed": "0.18.1"
            }
          ]
        }
      ],
      "versions": [
        "0.18.0"
      ],
      "database_specific": {
        "source": "https://github.com/github/advisory-database/blob/main/advisories/github-reviewed/2024/05/GHSA-9328-gcfq-p269/GHSA-9328-gcfq-p269.json"
      }
    }
  ],
  "schema_version": "1.6.0",
  "severity": [
    {
      "type": "CVSS_V3",
      "score": "CVSS:3.1/AV:N/AC:L/PR:N/UI:N/S:U/C:H/I:N/A:N"
    }
  ]
}