{
  "id": "GHSA-gvvv-w559-2hg6",
  "summary": "Data races in scottqueue",
  "details": "An issue was discovered in the scottqueue crate through 2020-11-15 for Rust. There are unconditional implementations of Send and Sync for Queue<T>. This allows (1) creating data races to a `T: !Sync` and (2) sending `T: !Send` to other threads, resulting in memory corruption or other undefined behavior.\n",
  "aliases": [
    "CVE-2020-36453",
    "RUSTSEC-2020-0133"
  ],
  "modified": "2023-11-08T04:03:45.766010Z",
  "published": "2021-08-25T20:57:17Z",
  "database_specific": {
    "nvd_published_at": "2021-08-08T06:15:00Z",
    "github_reviewed_at": "2021-08-18T20:26:07Z",
    "severity": "HIGH",
    "github_reviewed": true,
    "cwe_ids": [
      "CWE-362"
    ]
  },
  "references": [
    {
      "type": "ADVISORY",
      "url": "https://nvd.nist.gov/vuln/detail/CVE-2020-36453"
    },
    {
      "type": "WEB",
      "url": "https://github.com/rossdylan/rust-scottqueue/issues/1"
    },
    {
      "type": "PACKAGE",
      "url": "https://github.com/rossdylan/rust-scottqueue"
    },
    {
      "type": "WEB",
      "url": "https://rustsec.org/advisories/RUSTSEC-2020-0133.html"
    }
  ],
  "affected": [
    {
      "package": {
        "name": "scottqueue",
        "ecosystem": "crates.io",
        "purl": "pkg:cargo/scottqueue"
      },
      "ranges": [
        {
          "type": "SEMVER",
          "events": [
            {
              "introduced": "0"
            },
            {
              "last_affected": "0.1.0"
            }
          ]
        }
      ],
      "database_specific": {
        "source": "https://github.com/github/advisory-database/blob/main/advisories/github-reviewed/2021/08/GHSA-gvvv-w559-2hg6/GHSA-gvvv-w559-2hg6.json"
      }
    }
  ],
  "schema_version": "1.6.0",
  "severity": [
    {
      "type": "CVSS_V3",
      "score": "CVSS:3.1/AV:N/AC:H/PR:N/UI:N/S:U/C:H/I:H/A:H"
    }
  ]
}