{
  "id": "GHSA-ffx3-8qvm-pq3j",
  "summary": "Integer overflow in solana_rbpf",
  "details": "Solana solana_rbpf before 0.2.29 has an addition integer overflow via invalid ELF program headers. elf.rs has a panic via a malformed eBPF program.",
  "aliases": [
    "CVE-2022-31264"
  ],
  "modified": "2023-11-08T04:09:30.237687Z",
  "published": "2022-05-22T00:00:32Z",
  "database_specific": {
    "nvd_published_at": "2022-05-21T21:15:00Z",
    "github_reviewed_at": "2022-05-25T22:26:51Z",
    "severity": "HIGH",
    "github_reviewed": true,
    "cwe_ids": [
      "CWE-190"
    ]
  },
  "references": [
    {
      "type": "ADVISORY",
      "url": "https://nvd.nist.gov/vuln/detail/CVE-2022-31264"
    },
    {
      "type": "WEB",
      "url": "https://github.com/Ainevsia/CVE-Request/tree/main/Solana/1"
    },
    {
      "type": "PACKAGE",
      "url": "https://github.com/solana-labs/rbpf"
    },
    {
      "type": "WEB",
      "url": "https://github.com/solana-labs/rbpf/releases/tag/v0.2.29"
    }
  ],
  "affected": [
    {
      "package": {
        "name": "solana_rbpf",
        "ecosystem": "crates.io",
        "purl": "pkg:cargo/solana_rbpf"
      },
      "ranges": [
        {
          "type": "SEMVER",
          "events": [
            {
              "introduced": "0"
            },
            {
              "fixed": "0.2.29"
            }
          ]
        }
      ],
      "database_specific": {
        "source": "https://github.com/github/advisory-database/blob/main/advisories/github-reviewed/2022/05/GHSA-ffx3-8qvm-pq3j/GHSA-ffx3-8qvm-pq3j.json"
      }
    }
  ],
  "schema_version": "1.6.0",
  "severity": [
    {
      "type": "CVSS_V3",
      "score": "CVSS:3.1/AV:N/AC:L/PR:N/UI:N/S:U/C:N/I:N/A:H"
    }
  ]
}