{
  "id": "GHSA-9qvw-46gf-4fv8",
  "summary": "Use After Free in tremor-script",
  "details": "An issue was discovered in the tremor-script crate before 0.11.6 for Rust. A merge operation may result in a use-after-free.",
  "aliases": [
    "CVE-2021-45701",
    "CVE-2021-45702",
    "GHSA-3pp4-64mp-9cg9",
    "GHSA-q2x5-6q7q-r872",
    "RUSTSEC-2021-0111"
  ],
  "modified": "2023-11-08T04:07:22.748212Z",
  "published": "2022-01-06T22:09:07Z",
  "database_specific": {
    "nvd_published_at": "2021-12-27T00:15:00Z",
    "cwe_ids": [
      "CWE-416"
    ],
    "severity": "HIGH",
    "github_reviewed": true,
    "github_reviewed_at": "2022-01-06T13:28:58Z"
  },
  "references": [
    {
      "type": "ADVISORY",
      "url": "https://nvd.nist.gov/vuln/detail/CVE-2021-45702"
    },
    {
      "type": "WEB",
      "url": "https://github.com/tremor-rs/tremor-runtime/pull/1217"
    },
    {
      "type": "WEB",
      "url": "https://github.com/tremor-rs/tremor-runtime/commit/1a2efcdbe68e5e7fd0a05836ac32d2cde78a0b2e"
    },
    {
      "type": "WEB",
      "url": "https://raw.githubusercontent.com/rustsec/advisory-db/main/crates/tremor-script/RUSTSEC-2021-0111.md"
    },
    {
      "type": "WEB",
      "url": "https://rustsec.org/advisories/RUSTSEC-2021-0111.html"
    }
  ],
  "affected": [
    {
      "package": {
        "name": "tremor-script",
        "ecosystem": "crates.io",
        "purl": "pkg:cargo/tremor-script"
      },
      "ranges": [
        {
          "type": "SEMVER",
          "events": [
            {
              "introduced": "0.7.2"
            },
            {
              "fixed": "0.11.6"
            }
          ]
        }
      ],
      "database_specific": {
        "source": "https://github.com/github/advisory-database/blob/main/advisories/github-reviewed/2022/01/GHSA-9qvw-46gf-4fv8/GHSA-9qvw-46gf-4fv8.json"
      }
    }
  ],
  "schema_version": "1.6.0",
  "severity": [
    {
      "type": "CVSS_V3",
      "score": "CVSS:3.1/AV:N/AC:L/PR:N/UI:N/S:U/C:N/I:N/A:H"
    }
  ]
}