{
  "id": "GHSA-49fq-pw77-6qxj",
  "summary": "Use after free in string-interner",
  "details": "Affected versions of this crate did not clone contained strings when an interner is cloned. Interners have raw pointers to the contained strings, and they keep pointing the strings which the old interner owns, after the interner is cloned. If a new cloned interner is alive and the old original interner is dead, the new interner has dangling pointers to the old interner's storage, which is already dropped.\n\nThis allows an attacker to read the already freed memory. The dangling pointers are used by the interners to check a string is already interned. An attacker can do brute force attack to get the data pointed by the dangling pointer.",
  "aliases": [
    "CVE-2019-16882",
    "RUSTSEC-2019-0023"
  ],
  "modified": "2023-11-08T04:01:22.202134Z",
  "published": "2021-08-25T20:44:15Z",
  "database_specific": {
    "nvd_published_at": null,
    "cwe_ids": [
      "CWE-416"
    ],
    "severity": "HIGH",
    "github_reviewed": true,
    "github_reviewed_at": "2021-08-19T21:23:01Z"
  },
  "references": [
    {
      "type": "ADVISORY",
      "url": "https://nvd.nist.gov/vuln/detail/CVE-2019-16882"
    },
    {
      "type": "WEB",
      "url": "https://github.com/Robbepop/string-interner/issues/9"
    },
    {
      "type": "WEB",
      "url": "https://github.com/Robbepop/string-interner/pull/10"
    },
    {
      "type": "WEB",
      "url": "https://github.com/Robbepop/string-interner/commit/d91dac0cfe42512526879cdfaac0b81beff54089"
    },
    {
      "type": "PACKAGE",
      "url": "https://github.com/Robbepop/string-interner"
    },
    {
      "type": "WEB",
      "url": "https://rustsec.org/advisories/RUSTSEC-2019-0023.html"
    }
  ],
  "affected": [
    {
      "package": {
        "name": "string-interner",
        "ecosystem": "crates.io",
        "purl": "pkg:cargo/string-interner"
      },
      "ranges": [
        {
          "type": "SEMVER",
          "events": [
            {
              "introduced": "0.7.0"
            },
            {
              "fixed": "0.7.1"
            }
          ]
        }
      ],
      "database_specific": {
        "source": "https://github.com/github/advisory-database/blob/main/advisories/github-reviewed/2021/08/GHSA-49fq-pw77-6qxj/GHSA-49fq-pw77-6qxj.json"
      }
    },
    {
      "package": {
        "name": "string-interner",
        "ecosystem": "crates.io",
        "purl": "pkg:cargo/string-interner"
      },
      "ranges": [
        {
          "type": "SEMVER",
          "events": [
            {
              "introduced": "0"
            },
            {
              "fixed": "0.6.4"
            }
          ]
        }
      ],
      "database_specific": {
        "source": "https://github.com/github/advisory-database/blob/main/advisories/github-reviewed/2021/08/GHSA-49fq-pw77-6qxj/GHSA-49fq-pw77-6qxj.json"
      }
    }
  ],
  "schema_version": "1.6.0",
  "severity": [
    {
      "type": "CVSS_V3",
      "score": "CVSS:3.1/AV:N/AC:L/PR:N/UI:N/S:U/C:H/I:N/A:N"
    }
  ]
}