{
  "id": "GHSA-j52m-489x-v634",
  "summary": "Double free in linea",
  "details": "Affected versions of this crate did not properly implements the Matrix::zip_elements method, which causes an double free when the given trait implementation might panic. This allows an attacker to corrupt or take control of the memory.",
  "aliases": [
    "CVE-2019-16880",
    "RUSTSEC-2019-0021"
  ],
  "modified": "2023-11-08T04:01:22.077424Z",
  "published": "2021-08-25T20:44:13Z",
  "database_specific": {
    "nvd_published_at": null,
    "cwe_ids": [
      "CWE-415"
    ],
    "severity": "CRITICAL",
    "github_reviewed": true,
    "github_reviewed_at": "2021-08-19T21:23:06Z"
  },
  "references": [
    {
      "type": "ADVISORY",
      "url": "https://nvd.nist.gov/vuln/detail/CVE-2019-16880"
    },
    {
      "type": "WEB",
      "url": "https://github.com/strake/linea.rs/issues/2"
    },
    {
      "type": "PACKAGE",
      "url": "https://github.com/strake/linea.rs"
    },
    {
      "type": "WEB",
      "url": "https://rustsec.org/advisories/RUSTSEC-2019-0021.html"
    }
  ],
  "affected": [
    {
      "package": {
        "name": "linea",
        "ecosystem": "crates.io",
        "purl": "pkg:cargo/linea"
      },
      "ranges": [
        {
          "type": "SEMVER",
          "events": [
            {
              "introduced": "0"
            },
            {
              "fixed": "0.9.4"
            }
          ]
        }
      ],
      "database_specific": {
        "source": "https://github.com/github/advisory-database/blob/main/advisories/github-reviewed/2021/08/GHSA-j52m-489x-v634/GHSA-j52m-489x-v634.json"
      }
    }
  ],
  "schema_version": "1.6.0",
  "severity": [
    {
      "type": "CVSS_V3",
      "score": "CVSS:3.1/AV:N/AC:L/PR:N/UI:N/S:U/C:H/I:H/A:H"
    }
  ]
}