{
  "id": "GHSA-2hvr-h6gw-qrxp",
  "summary": "Cargo extracting malicious crates can fill the file system",
  "details": "The Rust Security Response WG was notified that Cargo did not prevent extracting some malformed packages downloaded from alternate registries. An attacker able to upload packages to an alternate registry could fill the file system when Cargo downloaded the package.\n\nThe severity of this vulnerability is \"low\" for users of alternate registries. Users relying on crates.io are not affected.\n\nNote that **by design** Cargo allows code execution at build time, due to build scripts and procedural macros. The vulnerabilities in this advisory allow performing a subset of the possible damage in a harder to track down way. Your dependencies must still be trusted if you want to be protected from attacks, as it's possible to perform the same attacks with build scripts and procedural macros.\n\n## Disk space exaustion\n\nIt was discovered that Cargo did not limit the amount of data extracted from compressed archives. An attacker could upload to an alternate registry a specially crafted package that extracts way more data than its size (also known as a \"zip bomb\"), exhausting the disk space on the machine using Cargo to download the package.\n\n## Affected versions\n\nThe vulnerability is present in all versions of Cargo. Rust 1.64, to be released on September 22nd, will include a fix for it.\n\nSince the vulnerability is just a more limited way to accomplish what a malicious build scripts or procedural macros can do, we decided not to publish Rust point releases backporting the security fix. Patch files are available for Rust 1.63.0 are available [in the wg-security-response repository][patches] for people building their own toolchain.\n\n## Mitigations\n\nWe recommend users of alternate registries to excercise care in which package they download, by only including trusted dependencies in their projects. Please note that even with these vulnerabilities fixed, by design Cargo allows arbitrary code execution at build time thanks to build scripts and procedural macros: a malicious dependency will be able to cause damage regardless of these vulnerabilities.\n\ncrates.io implemented server-side checks to reject these kinds of packages years ago, and there are no packages on crates.io exploiting these vulnerabilities. crates.io users still need to excercise care in choosing their dependencies though, as the same concerns about build scripts and procedural macros apply here.\n\n## Acknowledgements\n\nWe want to thank Ori Hollander from JFrog Security Research for responsibly disclosing this to us according to the [Rust security policy][policy].\n\nWe also want to thank Josh Triplett for developing the fixes, Weihang Lo for developing the tests, and Pietro Albini for writing this advisory. The disclosure was coordinated by Pietro Albini and Josh Stone.\n\n[policy]: https://www.rust-lang.org/policies/security\n[patches]: https://github.com/rust-lang/wg-security-response/tree/master/patches",
  "aliases": [
    "CVE-2022-36114"
  ],
  "modified": "2023-11-08T04:10:01.779211Z",
  "published": "2022-09-16T17:12:05Z",
  "database_specific": {
    "nvd_published_at": "2022-09-14T18:15:00Z",
    "cwe_ids": [
      "CWE-400"
    ],
    "severity": "MODERATE",
    "github_reviewed": true,
    "github_reviewed_at": "2022-09-16T17:12:05Z"
  },
  "references": [
    {
      "type": "WEB",
      "url": "https://github.com/rust-lang/cargo/security/advisories/GHSA-2hvr-h6gw-qrxp"
    },
    {
      "type": "ADVISORY",
      "url": "https://nvd.nist.gov/vuln/detail/CVE-2022-36114"
    },
    {
      "type": "WEB",
      "url": "https://github.com/rust-lang/cargo/commit/2b68d3c07a4a056264dc006ecb9f1354a0679cd3"
    },
    {
      "type": "WEB",
      "url": "https://github.com/rust-lang/cargo/commit/d1f9553c825f6d7481453be8d58d0e7f117988a7"
    },
    {
      "type": "WEB",
      "url": "https://github.com/rust-lang/cargo/commit/d87d57dbbda61754f4fab0f329a7ac520e062c46"
    },
    {
      "type": "PACKAGE",
      "url": "https://github.com/rust-lang/cargo"
    },
    {
      "type": "WEB",
      "url": "https://security.gentoo.org/glsa/202210-09"
    }
  ],
  "affected": [
    {
      "package": {
        "name": "cargo",
        "ecosystem": "crates.io",
        "purl": "pkg:cargo/cargo"
      },
      "ranges": [
        {
          "type": "SEMVER",
          "events": [
            {
              "introduced": "0"
            },
            {
              "fixed": "0.65.0"
            }
          ]
        }
      ],
      "database_specific": {
        "source": "https://github.com/github/advisory-database/blob/main/advisories/github-reviewed/2022/09/GHSA-2hvr-h6gw-qrxp/GHSA-2hvr-h6gw-qrxp.json"
      }
    },
    {
      "package": {
        "name": "cargo",
        "ecosystem": "crates.io",
        "purl": "pkg:cargo/cargo"
      },
      "ranges": [
        {
          "type": "SEMVER",
          "events": [
            {
              "introduced": "0.66.0"
            },
            {
              "fixed": "0.67.0"
            }
          ]
        }
      ],
      "versions": [
        "0.66.0"
      ],
      "database_specific": {
        "source": "https://github.com/github/advisory-database/blob/main/advisories/github-reviewed/2022/09/GHSA-2hvr-h6gw-qrxp/GHSA-2hvr-h6gw-qrxp.json"
      }
    }
  ],
  "schema_version": "1.6.0",
  "severity": [
    {
      "type": "CVSS_V3",
      "score": "CVSS:3.1/AV:N/AC:H/PR:H/UI:R/S:U/C:N/I:N/A:H"
    }
  ]
}