{
  "id": "GHSA-4xj5-vv9x-63jp",
  "summary": "Data races in concread",
  "details": "An issue was discovered in the concread crate before 0.2.6 for Rust. Attackers can cause an ARCache<K,V> data race by sending types that do not implement Send/Sync.",
  "aliases": [
    "CVE-2020-35928",
    "RUSTSEC-2020-0092"
  ],
  "modified": "2023-11-08T04:03:39.892156Z",
  "published": "2021-08-25T20:50:22Z",
  "database_specific": {
    "nvd_published_at": null,
    "github_reviewed_at": "2021-08-19T18:56:11Z",
    "severity": "MODERATE",
    "github_reviewed": true,
    "cwe_ids": [
      "CWE-362"
    ]
  },
  "references": [
    {
      "type": "ADVISORY",
      "url": "https://nvd.nist.gov/vuln/detail/CVE-2020-35928"
    },
    {
      "type": "WEB",
      "url": "https://github.com/kanidm/concread/issues/48"
    },
    {
      "type": "PACKAGE",
      "url": "https://github.com/kanidm/concread"
    },
    {
      "type": "WEB",
      "url": "https://rustsec.org/advisories/RUSTSEC-2020-0092.html"
    }
  ],
  "affected": [
    {
      "package": {
        "name": "concread",
        "ecosystem": "crates.io",
        "purl": "pkg:cargo/concread"
      },
      "ranges": [
        {
          "type": "SEMVER",
          "events": [
            {
              "introduced": "0"
            },
            {
              "fixed": "0.2.6"
            }
          ]
        }
      ],
      "database_specific": {
        "source": "https://github.com/github/advisory-database/blob/main/advisories/github-reviewed/2021/08/GHSA-4xj5-vv9x-63jp/GHSA-4xj5-vv9x-63jp.json"
      }
    }
  ],
  "schema_version": "1.6.0",
  "severity": [
    {
      "type": "CVSS_V3",
      "score": "CVSS:3.1/AV:L/AC:H/PR:L/UI:N/S:U/C:N/I:N/A:H"
    }
  ]
}