{
  "id": "GHSA-9cg2-2j2h-59v9",
  "summary": "Data races in atom",
  "details": "The atom crate contains a security issue revolving around its implementation of the Send trait. It incorrectly allows any arbitrary type to be sent across threads potentially leading to use-after-free issues through memory races.",
  "aliases": [
    "CVE-2020-35897",
    "RUSTSEC-2020-0044"
  ],
  "modified": "2023-11-08T04:03:38.113208Z",
  "published": "2021-08-25T20:49:11Z",
  "database_specific": {
    "nvd_published_at": null,
    "cwe_ids": [
      "CWE-362"
    ],
    "severity": "MODERATE",
    "github_reviewed": true,
    "github_reviewed_at": "2021-08-19T20:53:48Z"
  },
  "references": [
    {
      "type": "ADVISORY",
      "url": "https://nvd.nist.gov/vuln/detail/CVE-2020-35897"
    },
    {
      "type": "WEB",
      "url": "https://github.com/slide-rs/atom/issues/13"
    },
    {
      "type": "PACKAGE",
      "url": "https://github.com/slide-rs/atom"
    },
    {
      "type": "WEB",
      "url": "https://rustsec.org/advisories/RUSTSEC-2020-0044.html"
    }
  ],
  "affected": [
    {
      "package": {
        "name": "atom",
        "ecosystem": "crates.io",
        "purl": "pkg:cargo/atom"
      },
      "ranges": [
        {
          "type": "SEMVER",
          "events": [
            {
              "introduced": "0"
            },
            {
              "fixed": "0.3.6"
            }
          ]
        }
      ],
      "database_specific": {
        "source": "https://github.com/github/advisory-database/blob/main/advisories/github-reviewed/2021/08/GHSA-9cg2-2j2h-59v9/GHSA-9cg2-2j2h-59v9.json"
      }
    }
  ],
  "schema_version": "1.6.0",
  "severity": [
    {
      "type": "CVSS_V3",
      "score": "CVSS:3.1/AV:L/AC:H/PR:L/UI:N/S:U/C:N/I:N/A:H"
    }
  ]
}