{
  "id": "GHSA-gffv-5hr2-f9gj",
  "summary": "Flaw in streaming state in orion",
  "details": "Affected versions of this crate did not properly reset a streaming state. Resetting a streaming state, without finalising it first, creates incorrect results. The flaw was corrected by not first checking if the state had already been reset, when calling reset().",
  "aliases": [
    "CVE-2018-20999",
    "RUSTSEC-2018-0012"
  ],
  "modified": "2023-11-08T04:00:13.861514Z",
  "published": "2021-08-25T20:43:18Z",
  "database_specific": {
    "nvd_published_at": null,
    "cwe_ids": [
      "CWE-682"
    ],
    "severity": "HIGH",
    "github_reviewed": true,
    "github_reviewed_at": "2021-08-19T21:24:37Z"
  },
  "references": [
    {
      "type": "ADVISORY",
      "url": "https://nvd.nist.gov/vuln/detail/CVE-2018-20999"
    },
    {
      "type": "WEB",
      "url": "https://github.com/brycx/orion/issues/46"
    },
    {
      "type": "PACKAGE",
      "url": "https://github.com/brycx/orion"
    },
    {
      "type": "WEB",
      "url": "https://rustsec.org/advisories/RUSTSEC-2018-0012.html"
    }
  ],
  "affected": [
    {
      "package": {
        "name": "orion",
        "ecosystem": "crates.io",
        "purl": "pkg:cargo/orion"
      },
      "ranges": [
        {
          "type": "SEMVER",
          "events": [
            {
              "introduced": "0"
            },
            {
              "fixed": "0.11.2"
            }
          ]
        }
      ],
      "database_specific": {
        "source": "https://github.com/github/advisory-database/blob/main/advisories/github-reviewed/2021/08/GHSA-gffv-5hr2-f9gj/GHSA-gffv-5hr2-f9gj.json"
      }
    }
  ],
  "schema_version": "1.6.0",
  "severity": [
    {
      "type": "CVSS_V3",
      "score": "CVSS:3.0/AV:N/AC:L/PR:N/UI:N/S:U/C:N/I:N/A:H"
    }
  ]
}