{
  "id": "GHSA-24g6-5rx7-58wj",
  "summary": "Missing Initialization of Resource in pnet",
  "details": "An issue was discovered in the pnet crate before 0.27.2 for Rust. There is a segmentation fault (upon attempted dereference of an uninitialized descriptor) because of an erroneous IcmpTransportChannelIterator compiler optimization.",
  "aliases": [
    "CVE-2019-25054",
    "GHSA-r6ff-2q3c-v3pv",
    "RUSTSEC-2019-0037"
  ],
  "modified": "2023-11-08T04:01:32.674538Z",
  "published": "2022-01-06T22:18:07Z",
  "database_specific": {
    "nvd_published_at": "2021-12-27T00:15:00Z",
    "cwe_ids": [
      "CWE-909"
    ],
    "severity": "HIGH",
    "github_reviewed": true,
    "github_reviewed_at": "2022-01-06T18:31:07Z"
  },
  "references": [
    {
      "type": "ADVISORY",
      "url": "https://nvd.nist.gov/vuln/detail/CVE-2019-25054"
    },
    {
      "type": "WEB",
      "url": "https://github.com/libpnet/libpnet/issues/449"
    },
    {
      "type": "WEB",
      "url": "https://github.com/libpnet/libpnet"
    },
    {
      "type": "WEB",
      "url": "https://raw.githubusercontent.com/rustsec/advisory-db/main/crates/pnet/RUSTSEC-2019-0037.md"
    },
    {
      "type": "WEB",
      "url": "https://rustsec.org/advisories/RUSTSEC-2019-0037.html"
    }
  ],
  "affected": [
    {
      "package": {
        "name": "pnet",
        "ecosystem": "crates.io",
        "purl": "pkg:cargo/pnet"
      },
      "ranges": [
        {
          "type": "SEMVER",
          "events": [
            {
              "introduced": "0"
            },
            {
              "fixed": "0.27.2"
            }
          ]
        }
      ],
      "ecosystem_specific": {
        "affected_functions": [
          "pnet::transport::IcmpTransportChannelIterator"
        ]
      },
      "database_specific": {
        "source": "https://github.com/github/advisory-database/blob/main/advisories/github-reviewed/2022/01/GHSA-24g6-5rx7-58wj/GHSA-24g6-5rx7-58wj.json"
      }
    }
  ],
  "schema_version": "1.6.0",
  "severity": [
    {
      "type": "CVSS_V3",
      "score": "CVSS:3.1/AV:N/AC:L/PR:N/UI:N/S:U/C:N/I:N/A:H"
    }
  ]
}