{
  "id": "GHSA-h5wh-7h2j-h999",
  "summary": "Exposure of Resource to Wrong Sphere in Simple-Wayland-HotKey-Daemon",
  "details": "SWHKD 1.1.5 consumes the keyboard events of unintended users. This could potentially cause an information leak, but is usually a denial of functionality.",
  "aliases": [
    "CVE-2022-27817"
  ],
  "modified": "2023-11-08T04:09:00.812662Z",
  "published": "2022-04-15T00:00:40Z",
  "database_specific": {
    "nvd_published_at": "2022-04-14T17:15:00Z",
    "github_reviewed_at": "2022-04-26T13:04:22Z",
    "severity": "MODERATE",
    "github_reviewed": true,
    "cwe_ids": [
      "CWE-668"
    ]
  },
  "references": [
    {
      "type": "ADVISORY",
      "url": "https://nvd.nist.gov/vuln/detail/CVE-2022-27817"
    },
    {
      "type": "PACKAGE",
      "url": "https://github.com/waycrate/swhkd"
    },
    {
      "type": "WEB",
      "url": "https://github.com/waycrate/swhkd/releases"
    },
    {
      "type": "WEB",
      "url": "https://www.openwall.com/lists/oss-security/2022/04/14/1"
    }
  ],
  "affected": [
    {
      "package": {
        "name": "Simple-Wayland-HotKey-Daemon",
        "ecosystem": "crates.io",
        "purl": "pkg:cargo/Simple-Wayland-HotKey-Daemon"
      },
      "ranges": [
        {
          "type": "SEMVER",
          "events": [
            {
              "introduced": "0"
            },
            {
              "last_affected": "1.1.5"
            }
          ]
        }
      ],
      "database_specific": {
        "source": "https://github.com/github/advisory-database/blob/main/advisories/github-reviewed/2022/04/GHSA-h5wh-7h2j-h999/GHSA-h5wh-7h2j-h999.json"
      }
    }
  ],
  "schema_version": "1.6.0",
  "severity": [
    {
      "type": "CVSS_V3",
      "score": "CVSS:3.1/AV:L/AC:L/PR:L/UI:N/S:U/C:L/I:N/A:L"
    }
  ]
}