{
  "id": "GHSA-h3qr-rq2j-74w4",
  "summary": "HTTP Request Smuggling in hyper",
  "details": "Vulnerable versions of hyper allow GET requests to have bodies, even if there is no Transfer-Encoding or Content-Length header. As per the HTTP 1.1 specification, such requests do not have bodies, so the body will be interpreted as a separate HTTP request.\n\nThis allows an attacker who can control the body and method of an HTTP request made by hyper to inject a request with headers that would not otherwise be allowed, as demonstrated by sending a malformed HTTP request from a Substrate runtime. This allows bypassing CORS restrictions. In combination with other vulnerabilities, such as an exploitable web server listening on loopback, it may allow remote code execution.\n\nThe flaw was corrected in hyper version 0.12.34.",
  "aliases": [
    "CVE-2020-35863",
    "RUSTSEC-2020-0008"
  ],
  "modified": "2023-11-08T04:03:36.218103Z",
  "published": "2021-08-25T20:46:08Z",
  "database_specific": {
    "nvd_published_at": null,
    "cwe_ids": [
      "CWE-444"
    ],
    "severity": "CRITICAL",
    "github_reviewed": true,
    "github_reviewed_at": "2021-08-19T21:20:11Z"
  },
  "references": [
    {
      "type": "ADVISORY",
      "url": "https://nvd.nist.gov/vuln/detail/CVE-2020-35863"
    },
    {
      "type": "WEB",
      "url": "https://github.com/hyperium/hyper/issues/1925"
    },
    {
      "type": "PACKAGE",
      "url": "https://github.com/hyperium/hyper"
    },
    {
      "type": "WEB",
      "url": "https://rustsec.org/advisories/RUSTSEC-2020-0008.html"
    }
  ],
  "affected": [
    {
      "package": {
        "name": "hyper",
        "ecosystem": "crates.io",
        "purl": "pkg:cargo/hyper"
      },
      "ranges": [
        {
          "type": "SEMVER",
          "events": [
            {
              "introduced": "0.11.0"
            },
            {
              "fixed": "0.12.34"
            }
          ]
        }
      ],
      "database_specific": {
        "source": "https://github.com/github/advisory-database/blob/main/advisories/github-reviewed/2021/08/GHSA-h3qr-rq2j-74w4/GHSA-h3qr-rq2j-74w4.json"
      }
    }
  ],
  "schema_version": "1.6.0",
  "severity": [
    {
      "type": "CVSS_V3",
      "score": "CVSS:3.1/AV:N/AC:L/PR:N/UI:N/S:U/C:H/I:H/A:H"
    }
  ]
}