{
  "id": "GHSA-c6px-4grw-hrjr",
  "summary": "'Read' on uninitialized memory may cause UB",
  "details": "Affected versions of this crate passes an uninitialized buffer to a user-provided `Read` implementation. The crate currently contains 4 occurrences of such cases. Arbitrary `Read` implementations can read from the uninitialized buffer (memory exposure) and also can return incorrect number of bytes written to the buffer.\nReading from uninitialized memory produces undefined values that can quickly invoke undefined behavior.\n",
  "aliases": [
    "CVE-2021-45683",
    "GHSA-cw4j-cf6c-mmfv",
    "RUSTSEC-2021-0085"
  ],
  "modified": "2023-11-08T04:07:21.616611Z",
  "published": "2022-06-16T23:42:49Z",
  "database_specific": {
    "nvd_published_at": null,
    "cwe_ids": [],
    "severity": "HIGH",
    "github_reviewed": true,
    "github_reviewed_at": "2022-06-16T23:42:49Z"
  },
  "references": [
    {
      "type": "WEB",
      "url": "https://github.com/binast/binjs-ref/issues/460"
    },
    {
      "type": "PACKAGE",
      "url": "https://github.com/binast/binjs-ref"
    },
    {
      "type": "WEB",
      "url": "https://rustsec.org/advisories/RUSTSEC-2021-0085.html"
    }
  ],
  "affected": [
    {
      "package": {
        "name": "binjs_io",
        "ecosystem": "crates.io",
        "purl": "pkg:cargo/binjs_io"
      },
      "ranges": [
        {
          "type": "SEMVER",
          "events": [
            {
              "introduced": "0"
            },
            {
              "last_affected": "0.2.1"
            }
          ]
        }
      ],
      "database_specific": {
        "source": "https://github.com/github/advisory-database/blob/main/advisories/github-reviewed/2022/06/GHSA-c6px-4grw-hrjr/GHSA-c6px-4grw-hrjr.json"
      }
    }
  ],
  "schema_version": "1.6.0"
}