{
  "id": "GHSA-7v4j-8wvr-v55r",
  "summary": "`array!` macro is unsound when its length is impure constant",
  "details": "Affected versions of this crate did substitute the array length provided by an user at compile-time multiple times.\n\nWhen an impure constant expression is passed as an array length (such as a result of an impure procedural macro), this can result in the initialization of an array with uninitialized types, which in turn can allow an attacker to execute arbitrary code.\n\nThe flaw was corrected in commit [d5b63f72](https://github.com/xfix/array-macro/commit/d5b63f72090f3809c21ac28f9cfd84f12559bf7d) by making sure that array length is substituted just once.\n",
  "aliases": [
    "RUSTSEC-2022-0017"
  ],
  "modified": "2023-11-08T04:17:00.535399Z",
  "published": "2022-06-16T23:40:38Z",
  "database_specific": {
    "nvd_published_at": null,
    "github_reviewed_at": "2022-06-16T23:40:38Z",
    "severity": "MODERATE",
    "github_reviewed": true,
    "cwe_ids": []
  },
  "references": [
    {
      "type": "WEB",
      "url": "https://github.com/xfix/array-macro/commit/d5b63f72090f3809c21ac28f9cfd84f12559bf7d"
    },
    {
      "type": "WEB",
      "url": "https://github.com/rustsec/advisory-db/blob/main/crates/array-macro/RUSTSEC-2022-0017.md"
    },
    {
      "type": "PACKAGE",
      "url": "https://github.com/xfix/array-macro"
    },
    {
      "type": "WEB",
      "url": "https://gitlab.com/KonradBorowski/array-macro/-/issues/5"
    },
    {
      "type": "WEB",
      "url": "https://rustsec.org/advisories/RUSTSEC-2022-0017.html"
    }
  ],
  "affected": [
    {
      "package": {
        "name": "array-macro",
        "ecosystem": "crates.io",
        "purl": "pkg:cargo/array-macro"
      },
      "ranges": [
        {
          "type": "SEMVER",
          "events": [
            {
              "introduced": "2.1.0"
            },
            {
              "fixed": "2.1.2"
            }
          ]
        }
      ],
      "database_specific": {
        "source": "https://github.com/github/advisory-database/blob/main/advisories/github-reviewed/2022/06/GHSA-7v4j-8wvr-v55r/GHSA-7v4j-8wvr-v55r.json"
      }
    }
  ],
  "schema_version": "1.6.0"
}