{
  "id": "GHSA-3999-5ffv-wp2r",
  "summary": "Yamux Memory Exhaustion Vulnerability via Active::pending_frames property ",
  "details": "### Summary\n\nAttack scenario\nThe Rust implementation of the Yamux stream multiplexer uses a vector for pending frames. This vector is not bounded in length. Every time the Yamux protocol requires sending of a new frame, this frame gets appended to this vector. This can be remotely triggered in a number of ways, for example by:\n\n1. Opening a new libp2p Identify stream. This causes the node to send its Identify message. Of course, every other protocol that causes the sending of data also works. The larger the response, the more data is enqueued.\n2. Sending a Yamux Ping frame. This causes a Pong frame to be enqueued.\n\nUnder normal circumstances, this queue of pending frames would be drained once they\u2019re sent out over the network. However, the attacker can use TCP\u2019s receive window mechanism to prevent the victim from sending out any data: By not reading from the TCP connection, the receive window will never be increased, and the victim won\u2019t be able to send out any new data (this is how TCP implements backpressure). Once this happens, Yamux\u2019s queue of pending frames will start growing indefinitely. The queue will only be drained once the underlying TCP connection is closed.\n\nComponents\nhttps://github.com/libp2p/rust-yamux/blob/yamux-v0.13.1/yamux/src/connection.rs#L289\n\n### Details\nThis attack is inspired by the HTTP/2 Rapid Reset Attack (CVE 2023-44487), HTTP/2 Ping Flood (CVE-2019-9512), and the QUIC Path Validation attack (see my blog post: https://seemann.io/posts/2023-12-18-exploiting-quics-path-validation/).\n\n### Impact\nAn attacker can cause a remote node to run out of memory, which will result in the corresponding process getting terminated by the operating system.\n\nDepending on the application protocols running on top of rust-libp2p, higher amplification factors are possible. For example, image a protocol that sends out 10 MB of data as a result of an incoming request. By issuing that request and sending a Yamux stream window update (together ~100-200 bytes), the victim would now enqueue the entire 10 MB into its frame buffer. Any block transfer / sync protocols might be good candidates.\n\nIn addition to consuming huge amounts of memory, this attack also drives up the victim's CPU load, such that the allocation of memory at some point becomes CPU-limited.\n\nThis was originally submitted by @marteen-seemann to the Ethereum Foundation bug bounty program.",
  "aliases": [
    "CVE-2024-32984"
  ],
  "modified": "2024-05-01T16:58:38.971779Z",
  "published": "2024-05-01T16:40:49Z",
  "database_specific": {
    "nvd_published_at": "2024-05-01T11:15:47Z",
    "cwe_ids": [
      "CWE-400"
    ],
    "severity": "HIGH",
    "github_reviewed": true,
    "github_reviewed_at": "2024-05-01T16:40:49Z"
  },
  "references": [
    {
      "type": "WEB",
      "url": "https://github.com/libp2p/rust-yamux/security/advisories/GHSA-3999-5ffv-wp2r"
    },
    {
      "type": "ADVISORY",
      "url": "https://nvd.nist.gov/vuln/detail/CVE-2024-32984"
    },
    {
      "type": "WEB",
      "url": "https://github.com/libp2p/rust-yamux/commit/460baf2ccb7d5982b266cb3cb9c0bdf75b4fb779"
    },
    {
      "type": "WEB",
      "url": "https://github.com/sigp/rust-yamux/commit/6689e227a48258a52347cd1d984adfc94afc6f7a"
    },
    {
      "type": "PACKAGE",
      "url": "https://github.com/libp2p/rust-yamux"
    },
    {
      "type": "WEB",
      "url": "https://github.com/libp2p/rust-yamux/blob/yamux-v0.13.1/yamux/src/connection.rs#L289"
    }
  ],
  "affected": [
    {
      "package": {
        "name": "yamux",
        "ecosystem": "crates.io",
        "purl": "pkg:cargo/yamux"
      },
      "ranges": [
        {
          "type": "SEMVER",
          "events": [
            {
              "introduced": "0.13.0"
            },
            {
              "fixed": "0.13.2"
            }
          ]
        }
      ],
      "database_specific": {
        "source": "https://github.com/github/advisory-database/blob/main/advisories/github-reviewed/2024/05/GHSA-3999-5ffv-wp2r/GHSA-3999-5ffv-wp2r.json"
      }
    }
  ],
  "schema_version": "1.6.0",
  "severity": [
    {
      "type": "CVSS_V3",
      "score": "CVSS:3.1/AV:N/AC:L/PR:N/UI:N/S:U/C:N/I:N/A:H"
    }
  ]
}