{
  "id": "GHSA-25mx-8f3v-8wh7",
  "summary": "sequoia-openpgp vulnerable to out-of-bounds array access leading to panic",
  "details": "Affected versions of the crate have several bugs where attacker-controlled input can result in the use of an out-of-bound array index.  Rust detects the use of the out-of-bound index and causes the application to panic.  An attacker may be able to use this to cause a denial-of-service.  However, it is not possible for an attacker to read from or write to the application's address space.\n\n",
  "aliases": [
    "RUSTSEC-2023-0038"
  ],
  "modified": "2023-11-08T04:13:54.444331Z",
  "published": "2023-06-06T01:58:04Z",
  "database_specific": {
    "nvd_published_at": null,
    "cwe_ids": [],
    "severity": "LOW",
    "github_reviewed": true,
    "github_reviewed_at": "2023-06-06T01:58:04Z"
  },
  "references": [
    {
      "type": "ADVISORY",
      "url": "https://github.com/advisories/GHSA-29mf-62xx-28jq"
    },
    {
      "type": "PACKAGE",
      "url": "https://gitlab.com/sequoia-pgp/sequoia"
    },
    {
      "type": "WEB",
      "url": "https://gitlab.com/sequoia-pgp/sequoia/-/blob/main/openpgp/NEWS"
    },
    {
      "type": "WEB",
      "url": "https://lists.sequoia-pgp.org/hyperkitty/list/announce@lists.sequoia-pgp.org/thread/SN2E3QRT4DMQ5JNEK6VIN6DJ5SH766DI"
    },
    {
      "type": "WEB",
      "url": "https://rustsec.org/advisories/RUSTSEC-2023-0038.html"
    }
  ],
  "affected": [
    {
      "package": {
        "name": "sequoia-openpgp",
        "ecosystem": "crates.io",
        "purl": "pkg:cargo/sequoia-openpgp"
      },
      "ranges": [
        {
          "type": "SEMVER",
          "events": [
            {
              "introduced": "0"
            },
            {
              "fixed": "1.1.1"
            }
          ]
        }
      ],
      "database_specific": {
        "source": "https://github.com/github/advisory-database/blob/main/advisories/github-reviewed/2023/06/GHSA-25mx-8f3v-8wh7/GHSA-25mx-8f3v-8wh7.json"
      }
    },
    {
      "package": {
        "name": "sequoia-openpgp",
        "ecosystem": "crates.io",
        "purl": "pkg:cargo/sequoia-openpgp"
      },
      "ranges": [
        {
          "type": "SEMVER",
          "events": [
            {
              "introduced": "1.2.0"
            },
            {
              "fixed": "1.8.1"
            }
          ]
        }
      ],
      "database_specific": {
        "source": "https://github.com/github/advisory-database/blob/main/advisories/github-reviewed/2023/06/GHSA-25mx-8f3v-8wh7/GHSA-25mx-8f3v-8wh7.json"
      }
    },
    {
      "package": {
        "name": "sequoia-openpgp",
        "ecosystem": "crates.io",
        "purl": "pkg:cargo/sequoia-openpgp"
      },
      "ranges": [
        {
          "type": "SEMVER",
          "events": [
            {
              "introduced": "1.9.0"
            },
            {
              "fixed": "1.16.0"
            }
          ]
        }
      ],
      "database_specific": {
        "source": "https://github.com/github/advisory-database/blob/main/advisories/github-reviewed/2023/06/GHSA-25mx-8f3v-8wh7/GHSA-25mx-8f3v-8wh7.json"
      }
    }
  ],
  "schema_version": "1.6.0"
}