{
  "id": "GHSA-799f-r78p-gq9c",
  "summary": "Use of Uninitialized Resource in acc_reader.",
  "details": "An issue was discovered in the acc_reader crate through 2020-12-27 for Rust. read_up_to may read from uninitialized memory locations.",
  "aliases": [
    "CVE-2020-36513",
    "CVE-2020-36514",
    "GHSA-hv9v-7w3v-rj6f",
    "GHSA-p4cr-64x4-f92f",
    "RUSTSEC-2020-0155"
  ],
  "modified": "2023-11-08T04:03:47.175334Z",
  "published": "2022-01-06T22:17:38Z",
  "database_specific": {
    "nvd_published_at": "2021-12-27T00:15:00Z",
    "cwe_ids": [
      "CWE-908"
    ],
    "severity": "CRITICAL",
    "github_reviewed": true,
    "github_reviewed_at": "2022-01-06T18:13:55Z"
  },
  "references": [
    {
      "type": "ADVISORY",
      "url": "https://nvd.nist.gov/vuln/detail/CVE-2020-36513"
    },
    {
      "type": "WEB",
      "url": "https://github.com/netvl/acc_reader/issues/1"
    },
    {
      "type": "PACKAGE",
      "url": "https://github.com/netvl/acc_reader"
    },
    {
      "type": "WEB",
      "url": "https://raw.githubusercontent.com/rustsec/advisory-db/main/crates/acc_reader/RUSTSEC-2020-0155.md"
    },
    {
      "type": "WEB",
      "url": "https://rustsec.org/advisories/RUSTSEC-2020-0155.html"
    }
  ],
  "affected": [
    {
      "package": {
        "name": "acc_reader",
        "ecosystem": "crates.io",
        "purl": "pkg:cargo/acc_reader"
      },
      "ranges": [
        {
          "type": "SEMVER",
          "events": [
            {
              "introduced": "0"
            },
            {
              "last_affected": "2.0.0"
            }
          ]
        }
      ],
      "database_specific": {
        "source": "https://github.com/github/advisory-database/blob/main/advisories/github-reviewed/2022/01/GHSA-799f-r78p-gq9c/GHSA-799f-r78p-gq9c.json"
      }
    }
  ],
  "schema_version": "1.6.0",
  "severity": [
    {
      "type": "CVSS_V3",
      "score": "CVSS:3.1/AV:N/AC:L/PR:N/UI:N/S:U/C:H/I:H/A:H"
    }
  ]
}