{
  "id": "GHSA-fgfm-hqjw-3265",
  "summary": "Out-of-bounds Write in actix-web",
  "details": "An issue was discovered in the actix-web crate before 0.7.15 for Rust. It can unsoundly extend the lifetime of a string, leading to memory corruption.",
  "aliases": [
    "CVE-2018-25024",
    "CVE-2018-25025",
    "CVE-2018-25026",
    "GHSA-7x36-h62w-vw65",
    "GHSA-9qj6-4rfq-vm84",
    "GHSA-w65j-g6c7-g3m4",
    "RUSTSEC-2018-0019"
  ],
  "modified": "2024-03-15T00:05:26.941600Z",
  "published": "2022-01-06T22:18:46Z",
  "database_specific": {
    "nvd_published_at": "2021-12-27T00:15:00Z",
    "cwe_ids": [
      "CWE-787"
    ],
    "severity": "CRITICAL",
    "github_reviewed": true,
    "github_reviewed_at": "2022-01-06T18:35:59Z"
  },
  "references": [
    {
      "type": "ADVISORY",
      "url": "https://nvd.nist.gov/vuln/detail/CVE-2018-25025"
    },
    {
      "type": "WEB",
      "url": "https://github.com/actix/actix-web/issues/289"
    },
    {
      "type": "PACKAGE",
      "url": "https://github.com/actix/actix-web.git"
    },
    {
      "type": "WEB",
      "url": "https://raw.githubusercontent.com/rustsec/advisory-db/main/crates/actix-web/RUSTSEC-2018-0019.md"
    },
    {
      "type": "WEB",
      "url": "https://rustsec.org/advisories/RUSTSEC-2018-0019.html"
    }
  ],
  "affected": [
    {
      "package": {
        "name": "actix-web",
        "ecosystem": "crates.io",
        "purl": "pkg:cargo/actix-web"
      },
      "ranges": [
        {
          "type": "SEMVER",
          "events": [
            {
              "introduced": "0"
            },
            {
              "fixed": "0.7.15"
            }
          ]
        }
      ],
      "database_specific": {
        "source": "https://github.com/github/advisory-database/blob/main/advisories/github-reviewed/2022/01/GHSA-fgfm-hqjw-3265/GHSA-fgfm-hqjw-3265.json"
      }
    }
  ],
  "schema_version": "1.6.0",
  "severity": [
    {
      "type": "CVSS_V3",
      "score": "CVSS:3.1/AV:N/AC:L/PR:N/UI:N/S:U/C:H/I:H/A:H"
    }
  ]
}