{
  "id": "GHSA-gq4p-4hxv-5rg9",
  "summary": "WASM3 segmentation fault",
  "details": "WASM3 v0.5.0 was discovered to contain a segmentation fault via the component `Compile_Memory_CopyFill`.",
  "aliases": [
    "CVE-2022-34529",
    "PYSEC-2022-43057"
  ],
  "modified": "2024-02-16T08:23:58.215595Z",
  "published": "2022-07-28T00:00:49Z",
  "database_specific": {
    "nvd_published_at": "2022-07-27T14:15:00Z",
    "cwe_ids": [
      "CWE-119",
      "CWE-125"
    ],
    "severity": "MODERATE",
    "github_reviewed": true,
    "github_reviewed_at": "2023-08-18T22:45:46Z"
  },
  "references": [
    {
      "type": "ADVISORY",
      "url": "https://nvd.nist.gov/vuln/detail/CVE-2022-34529"
    },
    {
      "type": "WEB",
      "url": "https://github.com/wasm3/wasm3/issues/337"
    },
    {
      "type": "WEB",
      "url": "https://github.com/pypa/advisory-database/tree/main/vulns/pywasm3/PYSEC-2022-43057.yaml"
    }
  ],
  "affected": [
    {
      "package": {
        "name": "pywasm3",
        "ecosystem": "PyPI",
        "purl": "pkg:pypi/pywasm3"
      },
      "ranges": [
        {
          "type": "ECOSYSTEM",
          "events": [
            {
              "introduced": "0"
            },
            {
              "last_affected": "0.5.0"
            }
          ]
        }
      ],
      "versions": [
        "0.0.1",
        "0.0.2",
        "0.4.8",
        "0.4.9",
        "0.5.0"
      ],
      "database_specific": {
        "source": "https://github.com/github/advisory-database/blob/main/advisories/github-reviewed/2022/07/GHSA-gq4p-4hxv-5rg9/GHSA-gq4p-4hxv-5rg9.json"
      }
    },
    {
      "package": {
        "name": "wasm3",
        "ecosystem": "crates.io",
        "purl": "pkg:cargo/wasm3"
      },
      "ranges": [
        {
          "type": "SEMVER",
          "events": [
            {
              "introduced": "0"
            },
            {
              "last_affected": "0.5.0"
            }
          ]
        }
      ],
      "database_specific": {
        "source": "https://github.com/github/advisory-database/blob/main/advisories/github-reviewed/2022/07/GHSA-gq4p-4hxv-5rg9/GHSA-gq4p-4hxv-5rg9.json"
      }
    }
  ],
  "schema_version": "1.6.0",
  "severity": [
    {
      "type": "CVSS_V3",
      "score": "CVSS:3.1/AV:L/AC:L/PR:N/UI:R/S:U/C:N/I:N/A:H"
    }
  ]
}