{
  "id": "GHSA-8mjx-h23h-w2pg",
  "summary": "Double free in stack_dst",
  "details": "Affected versions of stack_dst used a push_inner function that increased the internal length of the array and then called val.clone(). If the val.clone() call panics, the stack could drop an already dropped element or drop uninitialized memory. This issue was fixed in `2a4d538` by increasing the length of the array after elements are cloned.",
  "aliases": [
    "CVE-2021-28034",
    "CVE-2021-28035",
    "GHSA-45w7-7g63-2m5w",
    "RUSTSEC-2021-0033"
  ],
  "modified": "2023-11-08T04:05:27.911039Z",
  "published": "2021-09-01T18:30:44Z",
  "database_specific": {
    "nvd_published_at": "2021-03-05T09:15:00Z",
    "cwe_ids": [
      "CWE-415"
    ],
    "severity": "CRITICAL",
    "github_reviewed": true,
    "github_reviewed_at": "2021-08-30T21:56:32Z"
  },
  "references": [
    {
      "type": "ADVISORY",
      "url": "https://nvd.nist.gov/vuln/detail/CVE-2021-28034"
    },
    {
      "type": "WEB",
      "url": "https://github.com/thepowersgang/stack_dst-rs/issues/5"
    },
    {
      "type": "WEB",
      "url": "https://github.com/thepowersgang/stack_dst-rs/commit/2a4d538"
    },
    {
      "type": "WEB",
      "url": "https://github.com/thepowersgang/stack_dst-rs/commit/2a4d53809e3000f40085f2b229b6b1a33759881d"
    },
    {
      "type": "PACKAGE",
      "url": "https://github.com/thepowersgang/stack_dst-rs"
    },
    {
      "type": "WEB",
      "url": "https://rustsec.org/advisories/RUSTSEC-2021-0033.html"
    }
  ],
  "affected": [
    {
      "package": {
        "name": "stack_dst",
        "ecosystem": "crates.io",
        "purl": "pkg:cargo/stack_dst"
      },
      "ranges": [
        {
          "type": "SEMVER",
          "events": [
            {
              "introduced": "0"
            },
            {
              "fixed": "0.6.1"
            }
          ]
        }
      ],
      "ecosystem_specific": {
        "affected_functions": [
          "stack_dst::StackA::push_cloned"
        ]
      },
      "database_specific": {
        "source": "https://github.com/github/advisory-database/blob/main/advisories/github-reviewed/2021/09/GHSA-8mjx-h23h-w2pg/GHSA-8mjx-h23h-w2pg.json"
      }
    }
  ],
  "schema_version": "1.6.0",
  "severity": [
    {
      "type": "CVSS_V3",
      "score": "CVSS:3.1/AV:N/AC:L/PR:N/UI:N/S:U/C:H/I:H/A:H"
    }
  ]
}