{
  "id": "GHSA-6hcf-g6gr-hhcr",
  "summary": "`openssl` `X509Extension::new` and `X509Extension::new_nid` null pointer dereference",
  "details": "These functions would crash when the context argument was None with certain extension types.\n\nThanks to David Benjamin (Google) for reporting this issue.\n",
  "aliases": [
    "RUSTSEC-2023-0024"
  ],
  "modified": "2023-11-08T04:16:17.438606Z",
  "published": "2023-03-24T22:01:23Z",
  "database_specific": {
    "nvd_published_at": null,
    "github_reviewed_at": "2023-03-24T22:01:23Z",
    "severity": "HIGH",
    "github_reviewed": true,
    "cwe_ids": [
      "CWE-476"
    ]
  },
  "references": [
    {
      "type": "WEB",
      "url": "https://github.com/sfackler/rust-openssl/pull/1854"
    },
    {
      "type": "PACKAGE",
      "url": "https://github.com/sfackler/rust-openssl"
    },
    {
      "type": "WEB",
      "url": "https://rustsec.org/advisories/RUSTSEC-2023-0024.html"
    }
  ],
  "affected": [
    {
      "package": {
        "name": "openssl",
        "ecosystem": "crates.io",
        "purl": "pkg:cargo/openssl"
      },
      "ranges": [
        {
          "type": "SEMVER",
          "events": [
            {
              "introduced": "0.9.7"
            },
            {
              "fixed": "0.10.48"
            }
          ]
        }
      ],
      "database_specific": {
        "source": "https://github.com/github/advisory-database/blob/main/advisories/github-reviewed/2023/03/GHSA-6hcf-g6gr-hhcr/GHSA-6hcf-g6gr-hhcr.json"
      }
    }
  ],
  "schema_version": "1.6.0"
}