{
  "id": "GHSA-g4h2-4wvh-grc5",
  "summary": "Uncontrolled Resource Consumption in simple_asn1",
  "details": "An issue was discovered in the simple_asn1 crate 0.6.0 before 0.6.1 for Rust. There is a panic if UTCTime data, supplied by a remote attacker, has a second character greater than 0x7f.",
  "aliases": [
    "CVE-2021-45711",
    "GHSA-3m6f-3gfg-4x56",
    "RUSTSEC-2021-0125"
  ],
  "modified": "2023-11-08T04:07:23.302312Z",
  "published": "2022-01-06T22:05:05Z",
  "database_specific": {
    "nvd_published_at": "2021-12-27T00:15:00Z",
    "cwe_ids": [
      "CWE-400"
    ],
    "severity": "HIGH",
    "github_reviewed": true,
    "github_reviewed_at": "2022-01-05T21:37:42Z"
  },
  "references": [
    {
      "type": "ADVISORY",
      "url": "https://nvd.nist.gov/vuln/detail/CVE-2021-45711"
    },
    {
      "type": "WEB",
      "url": "https://github.com/acw/simple_asn1/issues/27"
    },
    {
      "type": "WEB",
      "url": "https://github.com/acw/simple_asn1/commit/d7d39d709577710e9dc8833ee57d200eef366db8"
    },
    {
      "type": "PACKAGE",
      "url": "https://github.com/acw/simple_asn1"
    },
    {
      "type": "WEB",
      "url": "https://raw.githubusercontent.com/rustsec/advisory-db/main/crates/simple_asn1/RUSTSEC-2021-0125.md"
    },
    {
      "type": "WEB",
      "url": "https://rustsec.org/advisories/RUSTSEC-2021-0125.html"
    }
  ],
  "affected": [
    {
      "package": {
        "name": "simple_asn1",
        "ecosystem": "crates.io",
        "purl": "pkg:cargo/simple_asn1"
      },
      "ranges": [
        {
          "type": "SEMVER",
          "events": [
            {
              "introduced": "0.6.0"
            },
            {
              "fixed": "0.6.1"
            }
          ]
        }
      ],
      "versions": [
        "0.6.0"
      ],
      "database_specific": {
        "source": "https://github.com/github/advisory-database/blob/main/advisories/github-reviewed/2022/01/GHSA-g4h2-4wvh-grc5/GHSA-g4h2-4wvh-grc5.json"
      }
    }
  ],
  "schema_version": "1.6.0",
  "severity": [
    {
      "type": "CVSS_V3",
      "score": "CVSS:3.1/AV:N/AC:L/PR:N/UI:N/S:U/C:N/I:N/A:H"
    }
  ]
}