{
  "id": "GHSA-gx5w-rrhp-f436",
  "summary": "XSS in mdBook",
  "details": "> This is a cross-post of [the official security advisory][ml]. The official post contains a signed version with our PGP key, as well.\n\n[ml]: https://groups.google.com/g/rustlang-security-announcements/c/3-sO6of29O0\n\nThe Rust Security Response Working Group was recently notified of a security issue affecting the search feature of mdBook, which could allow an attacker to execute arbitrary JavaScript code on the page.\n\nThe CVE for this vulnerability is [CVE-2020-26297](https://cve.mitre.org/cgi-bin/cvename.cgi?name=CVE-2020-26297).\n\n## Overview\n\nThe search feature of mdBook (introduced in version 0.1.4) was affected by a cross site scripting vulnerability that allowed an attacker to execute arbitrary JavaScript code on an user's browser by tricking the user into typing a malicious search query, or tricking the user into clicking a link to the search page with the malicious search query prefilled.\n\nmdBook 0.4.5 fixes the vulnerability by properly escaping the search query.\n\n## Mitigations\n\nOwners of websites built with mdBook have to upgrade to mdBook 0.4.5 or greater and rebuild their website contents with it. It's possible to install mdBook 0.4.5 on the local system with:\n\n```\ncargo install mdbook --version 0.4.5 --force\n```\n\n## Acknowledgements\n\nThanks to Kamil Vavra for responsibly disclosing the vulnerability to us according to [our security policy](https://www.rust-lang.org/policies/security).\n\n## Timeline of events\n\nAll times are listed in UTC.\n\n- 2020-12-30 20:14 - The issue is reported to the Rust Security Response WG\n- 2020-12-30 20:32 - The issue is acknowledged and the investigation began\n- 2020-12-30 21:21 - Found the cause of the vulnerability and prepared the patch\n- 2021-01-04 15:00 - Patched version released and vulnerability disclosed",
  "aliases": [
    "CVE-2020-26297",
    "RUSTSEC-2021-0001"
  ],
  "modified": "2023-11-08T04:03:18.452926Z",
  "published": "2021-08-25T20:56:20Z",
  "database_specific": {
    "nvd_published_at": "2021-01-04T19:15:00Z",
    "github_reviewed_at": "2021-08-18T21:06:53Z",
    "severity": "HIGH",
    "github_reviewed": true,
    "cwe_ids": [
      "CWE-79"
    ]
  },
  "references": [
    {
      "type": "WEB",
      "url": "https://github.com/rust-lang/mdBook/security/advisories/GHSA-gx5w-rrhp-f436"
    },
    {
      "type": "ADVISORY",
      "url": "https://nvd.nist.gov/vuln/detail/CVE-2020-26297"
    },
    {
      "type": "WEB",
      "url": "https://github.com/rust-lang/mdBook/commit/32abeef088e98327ca0dfccdad92e84afa9d2e9b"
    },
    {
      "type": "PACKAGE",
      "url": "https://github.com/rust-lang/mdBook"
    },
    {
      "type": "WEB",
      "url": "https://github.com/rust-lang/mdBook/blob/master/CHANGELOG.md#mdbook-045"
    },
    {
      "type": "WEB",
      "url": "https://groups.google.com/g/rustlang-security-announcements/c/3-sO6of29O0"
    },
    {
      "type": "WEB",
      "url": "https://rustsec.org/advisories/RUSTSEC-2021-0001.html"
    }
  ],
  "affected": [
    {
      "package": {
        "name": "mdBook",
        "ecosystem": "crates.io",
        "purl": "pkg:cargo/mdBook"
      },
      "ranges": [
        {
          "type": "SEMVER",
          "events": [
            {
              "introduced": "0.1.4"
            },
            {
              "fixed": "0.4.5"
            }
          ]
        }
      ],
      "database_specific": {
        "source": "https://github.com/github/advisory-database/blob/main/advisories/github-reviewed/2021/08/GHSA-gx5w-rrhp-f436/GHSA-gx5w-rrhp-f436.json"
      }
    }
  ],
  "schema_version": "1.6.0",
  "severity": [
    {
      "type": "CVSS_V3",
      "score": "CVSS:3.1/AV:N/AC:L/PR:N/UI:R/S:C/C:L/I:H/A:N"
    }
  ]
}