{
  "id": "GHSA-5hp8-35wj-m525",
  "summary": "Uncontrolled recursion in ammonia",
  "details": "An issue was discovered in the ammonia crate before 2.1.0 for Rust. There is uncontrolled recursion during HTML DOM tree serialization.",
  "aliases": [
    "CVE-2019-15542",
    "RUSTSEC-2019-0001"
  ],
  "modified": "2023-11-08T04:01:13.675058Z",
  "published": "2021-08-25T20:44:03Z",
  "database_specific": {
    "nvd_published_at": null,
    "github_reviewed_at": "2021-08-19T21:23:38Z",
    "severity": "HIGH",
    "github_reviewed": true,
    "cwe_ids": [
      "CWE-674"
    ]
  },
  "references": [
    {
      "type": "ADVISORY",
      "url": "https://nvd.nist.gov/vuln/detail/CVE-2019-15542"
    },
    {
      "type": "PACKAGE",
      "url": "https://github.com/rust-ammonia/ammonia"
    },
    {
      "type": "WEB",
      "url": "https://github.com/rust-ammonia/ammonia/blob/master/CHANGELOG.md#210"
    },
    {
      "type": "WEB",
      "url": "https://rustsec.org/advisories/RUSTSEC-2019-0001.html"
    }
  ],
  "affected": [
    {
      "package": {
        "name": "ammonia",
        "ecosystem": "crates.io",
        "purl": "pkg:cargo/ammonia"
      },
      "ranges": [
        {
          "type": "SEMVER",
          "events": [
            {
              "introduced": "0"
            },
            {
              "fixed": "2.1.0"
            }
          ]
        }
      ],
      "database_specific": {
        "source": "https://github.com/github/advisory-database/blob/main/advisories/github-reviewed/2021/08/GHSA-5hp8-35wj-m525/GHSA-5hp8-35wj-m525.json"
      }
    }
  ],
  "schema_version": "1.6.0",
  "severity": [
    {
      "type": "CVSS_V3",
      "score": "CVSS:3.0/AV:N/AC:L/PR:N/UI:N/S:U/C:N/I:N/A:H"
    }
  ]
}