{
  "id": "GHSA-fqpx-cq8x-9wp4",
  "summary": "Unaligned references in sized-chunks",
  "details": "An issue was discovered in the sized-chunks crate through 0.6.2 for Rust. In the InlineArray implementation, an unaligned reference may be generated for a type that has a large alignment requirement.",
  "aliases": [
    "CVE-2020-25791",
    "CVE-2020-25792",
    "CVE-2020-25793",
    "CVE-2020-25794",
    "CVE-2020-25795",
    "CVE-2020-25796",
    "GHSA-64gv-qg2v-vxv6",
    "GHSA-9p9m-9xww-qjcx",
    "GHSA-mp6f-p9gp-vpj9",
    "GHSA-rfgg-vccr-m46m",
    "GHSA-x54v-qxxr-93qc",
    "RUSTSEC-2020-0041"
  ],
  "modified": "2024-03-15T00:05:17.938691Z",
  "published": "2021-08-25T20:46:03Z",
  "database_specific": {
    "nvd_published_at": null,
    "github_reviewed_at": "2021-08-19T21:20:35Z",
    "severity": "HIGH",
    "github_reviewed": true,
    "cwe_ids": [
      "CWE-129"
    ]
  },
  "references": [
    {
      "type": "ADVISORY",
      "url": "https://nvd.nist.gov/vuln/detail/CVE-2020-25796"
    },
    {
      "type": "WEB",
      "url": "https://github.com/bodil/sized-chunks/issues/11"
    },
    {
      "type": "PACKAGE",
      "url": "https://github.com/bodil/sized-chunks"
    },
    {
      "type": "WEB",
      "url": "https://rustsec.org/advisories/RUSTSEC-2020-0041.html"
    }
  ],
  "affected": [
    {
      "package": {
        "name": "sized-chunks",
        "ecosystem": "crates.io",
        "purl": "pkg:cargo/sized-chunks"
      },
      "ranges": [
        {
          "type": "SEMVER",
          "events": [
            {
              "introduced": "0"
            },
            {
              "fixed": "0.6.3"
            }
          ]
        }
      ],
      "database_specific": {
        "source": "https://github.com/github/advisory-database/blob/main/advisories/github-reviewed/2021/08/GHSA-fqpx-cq8x-9wp4/GHSA-fqpx-cq8x-9wp4.json"
      }
    }
  ],
  "schema_version": "1.6.0",
  "severity": [
    {
      "type": "CVSS_V3",
      "score": "CVSS:3.1/AV:N/AC:L/PR:N/UI:N/S:U/C:N/I:N/A:H"
    }
  ]
}