{
  "id": "GHSA-h7qh-3h6f-w79p",
  "summary": "Unexpected panic in multihash",
  "details": "In versions prior 0.11.3 it's possible to make from_slice panic by feeding it certain malformed input. It's never documented that from_slice (and from_bytes which wraps it) can panic, and its' return type (Result<Self, DecodeError>) suggests otherwise. In practice, from_slice/from_bytes is frequently used in networking code and is being called with unsanitized data from untrusted sources. This can allow attackers to cause DoS by causing an unexpected panic in the network client's code..",
  "aliases": [
    "CVE-2020-35909",
    "RUSTSEC-2020-0068"
  ],
  "modified": "2023-11-08T04:03:38.796770Z",
  "published": "2021-08-25T20:49:41Z",
  "database_specific": {
    "nvd_published_at": null,
    "cwe_ids": [
      "CWE-20"
    ],
    "severity": "HIGH",
    "github_reviewed": true,
    "github_reviewed_at": "2021-08-19T20:51:29Z"
  },
  "references": [
    {
      "type": "ADVISORY",
      "url": "https://nvd.nist.gov/vuln/detail/CVE-2020-35909"
    },
    {
      "type": "WEB",
      "url": "https://github.com/multiformats/rust-multihash/pull/72"
    },
    {
      "type": "PACKAGE",
      "url": "https://github.com/multiformats/rust-multihash"
    },
    {
      "type": "WEB",
      "url": "https://rustsec.org/advisories/RUSTSEC-2020-0068.html"
    }
  ],
  "affected": [
    {
      "package": {
        "name": "multihash",
        "ecosystem": "crates.io",
        "purl": "pkg:cargo/multihash"
      },
      "ranges": [
        {
          "type": "SEMVER",
          "events": [
            {
              "introduced": "0"
            },
            {
              "fixed": "0.11.3"
            }
          ]
        }
      ],
      "ecosystem_specific": {
        "affected_functions": [
          "multihash::digests::MultihashGeneric::from_bytes",
          "multihash::digests::MultihashRefGeneric::from_slice"
        ]
      },
      "database_specific": {
        "source": "https://github.com/github/advisory-database/blob/main/advisories/github-reviewed/2021/08/GHSA-h7qh-3h6f-w79p/GHSA-h7qh-3h6f-w79p.json"
      }
    }
  ],
  "schema_version": "1.6.0",
  "severity": [
    {
      "type": "CVSS_V3",
      "score": "CVSS:3.1/AV:N/AC:L/PR:N/UI:N/S:U/C:N/I:N/A:H"
    }
  ]
}