{
  "id": "GHSA-76w9-p8mg-j927",
  "summary": "Out-of-bounds Write in nix",
  "details": "On certain platforms, if a user has more than 16 groups, the nix::unistd::getgrouplist function will call the libc getgrouplist function with a length parameter greater than the size of the buffer it provides, resulting in an out-of-bounds write and memory corruption.\n\nThe libc getgrouplist function takes an in/out parameter ngroups specifying the size of the group buffer. When the buffer is too small to hold all of the requested user's group memberships, some libc implementations, including glibc and Solaris libc, will modify ngroups to indicate the actual number of groups for the user, in addition to returning an error. The version of nix::unistd::getgrouplist in nix 0.16.0 and up will resize the buffer to twice its size, but will not read or modify the ngroups variable. Thus, if the user has more than twice as many groups as the initial buffer size of 8, the next call to getgrouplist will then write past the end of the buffer.\n\nThe issue would require editing /etc/groups to exploit, which is usually only editable by the root user.",
  "aliases": [
    "CVE-2021-45707",
    "GHSA-wgrg-5h56-jg27",
    "RUSTSEC-2021-0119"
  ],
  "modified": "2024-02-21T19:15:12Z",
  "published": "2022-01-06T22:07:14Z",
  "database_specific": {
    "nvd_published_at": "2021-12-27T00:15:00Z",
    "cwe_ids": [
      "CWE-787"
    ],
    "severity": "MODERATE",
    "github_reviewed": true,
    "github_reviewed_at": "2022-01-05T23:13:23Z"
  },
  "references": [
    {
      "type": "ADVISORY",
      "url": "https://nvd.nist.gov/vuln/detail/CVE-2021-45707"
    },
    {
      "type": "WEB",
      "url": "https://github.com/nix-rust/nix/issues/1541"
    },
    {
      "type": "ADVISORY",
      "url": "https://github.com/advisories/GHSA-wgrg-5h56-jg27"
    },
    {
      "type": "PACKAGE",
      "url": "https://github.com/nix-rust/nix"
    },
    {
      "type": "WEB",
      "url": "https://raw.githubusercontent.com/rustsec/advisory-db/main/crates/nix/RUSTSEC-2021-0119.md"
    },
    {
      "type": "WEB",
      "url": "https://rustsec.org/advisories/RUSTSEC-2021-0119.html"
    }
  ],
  "affected": [
    {
      "package": {
        "name": "nix",
        "ecosystem": "crates.io",
        "purl": "pkg:cargo/nix"
      },
      "ranges": [
        {
          "type": "SEMVER",
          "events": [
            {
              "introduced": "0.16.0"
            },
            {
              "fixed": "0.20.2"
            }
          ]
        }
      ],
      "ecosystem_specific": {
        "affected_functions": [
          "nix::unistd::getgrouplist"
        ]
      },
      "database_specific": {
        "source": "https://github.com/github/advisory-database/blob/main/advisories/github-reviewed/2022/01/GHSA-76w9-p8mg-j927/GHSA-76w9-p8mg-j927.json"
      }
    },
    {
      "package": {
        "name": "nix",
        "ecosystem": "crates.io",
        "purl": "pkg:cargo/nix"
      },
      "ranges": [
        {
          "type": "SEMVER",
          "events": [
            {
              "introduced": "0.21.0"
            },
            {
              "fixed": "0.21.2"
            }
          ]
        }
      ],
      "ecosystem_specific": {
        "affected_functions": [
          "nix::unistd::getgrouplist"
        ]
      },
      "database_specific": {
        "source": "https://github.com/github/advisory-database/blob/main/advisories/github-reviewed/2022/01/GHSA-76w9-p8mg-j927/GHSA-76w9-p8mg-j927.json"
      }
    },
    {
      "package": {
        "name": "nix",
        "ecosystem": "crates.io",
        "purl": "pkg:cargo/nix"
      },
      "ranges": [
        {
          "type": "SEMVER",
          "events": [
            {
              "introduced": "0.22.0"
            },
            {
              "fixed": "0.22.2"
            }
          ]
        }
      ],
      "ecosystem_specific": {
        "affected_functions": [
          "nix::unistd::getgrouplist"
        ]
      },
      "database_specific": {
        "source": "https://github.com/github/advisory-database/blob/main/advisories/github-reviewed/2022/01/GHSA-76w9-p8mg-j927/GHSA-76w9-p8mg-j927.json"
      }
    }
  ],
  "schema_version": "1.6.0",
  "severity": [
    {
      "type": "CVSS_V3",
      "score": "CVSS:3.1/AV:L/AC:L/PR:H/UI:N/S:U/C:H/I:H/A:H"
    }
  ]
}