{
  "id": "GHSA-34p9-f4q3-c4r7",
  "summary": "Improper Certificate Validation in openssl",
  "details": "All versions of rust-openssl prior to 0.9.0 contained numerous insecure defaults including off-by-default certificate verification and no API to perform hostname verification. Unless configured correctly by a developer, these defaults could allow an attacker to perform man-in-the-middle attacks. The problem was addressed in newer versions by enabling certificate verification by default and exposing APIs to perform hostname verification. Use the SslConnector and SslAcceptor types to take advantage of these new features (as opposed to the lower-level SslContext type).",
  "aliases": [
    "CVE-2016-10931",
    "RUSTSEC-2016-0001"
  ],
  "modified": "2023-11-08T03:58:21.575910Z",
  "published": "2021-08-25T20:43:11Z",
  "database_specific": {
    "nvd_published_at": "2019-08-26T12:15:00Z",
    "cwe_ids": [
      "CWE-295"
    ],
    "severity": "HIGH",
    "github_reviewed": true,
    "github_reviewed_at": "2021-08-19T21:25:06Z"
  },
  "references": [
    {
      "type": "ADVISORY",
      "url": "https://nvd.nist.gov/vuln/detail/CVE-2016-10931"
    },
    {
      "type": "PACKAGE",
      "url": "https://github.com/sfackler/rust-openssl"
    },
    {
      "type": "WEB",
      "url": "https://github.com/sfackler/rust-openssl/releases/tag/v0.9.0"
    },
    {
      "type": "WEB",
      "url": "https://rustsec.org/advisories/RUSTSEC-2016-0001.html"
    }
  ],
  "affected": [
    {
      "package": {
        "name": "openssl",
        "ecosystem": "crates.io",
        "purl": "pkg:cargo/openssl"
      },
      "ranges": [
        {
          "type": "SEMVER",
          "events": [
            {
              "introduced": "0"
            },
            {
              "fixed": "0.9.0"
            }
          ]
        }
      ],
      "database_specific": {
        "source": "https://github.com/github/advisory-database/blob/main/advisories/github-reviewed/2021/08/GHSA-34p9-f4q3-c4r7/GHSA-34p9-f4q3-c4r7.json"
      }
    }
  ],
  "schema_version": "1.6.0",
  "severity": [
    {
      "type": "CVSS_V3",
      "score": "CVSS:3.0/AV:N/AC:H/PR:N/UI:N/S:U/C:H/I:H/A:H"
    }
  ]
}