{
  "id": "GHSA-7pwq-f4pq-78gm",
  "summary": "`rustdecimal` is a malicious crate",
  "details": "The Rust Security Response WG and the crates.io team [were notified][1] on 2022-05-02 of the existence of the malicious crate `rustdecimal`, which contained malware. The crate name was intentionally similar to the name of the popular [`rust_decimal`][2] crate, hoping that potential victims would misspell its name (an attack called \"typosquatting\").\n\nTo protect the security of the ecosystem, the crates.io team permanently removed the crate from the registry as soon as it was made aware of the malware. An analysis of all the crates on crates.io was also performed, and no other crate with similar code patterns was found.\n\nKeep in mind that the [`rust_decimal`][2] crate was **not** compromised, and it is still safe to use.\n\n## Analysis of the crate\n\nThe crate had less than 500 downloads since its first release on 2022-03-25, and no crates on the crates.io registry depended on it.\n\nThe crate contained identical source code and functionality as the legit `rust_decimal` crate, except for the `Decimal::new` function.\n\nIf your project or organization is running GitLab CI, we strongly recommend checking whether your project or one of its dependencies depended on the `rustdecimal` crate, starting from 2022-03-25. If you notice a dependency on that crate, you should consider your CI environment to be compromised.",
  "aliases": [
    "MAL-2022-1",
    "RUSTSEC-2022-0042"
  ],
  "modified": "2023-11-08T04:16:56.871426Z",
  "published": "2022-08-11T15:43:35Z",
  "database_specific": {
    "nvd_published_at": null,
    "github_reviewed_at": "2022-08-11T15:43:35Z",
    "severity": "HIGH",
    "github_reviewed": true,
    "cwe_ids": []
  },
  "references": [
    {
      "type": "WEB",
      "url": "https://github.com/paupino/rust-decimal/issues/514#issuecomment-1115408888"
    },
    {
      "type": "WEB",
      "url": "https://groups.google.com/g/rustlang-security-announcements/c/5DVtC8pgJLw?pli=1"
    },
    {
      "type": "WEB",
      "url": "https://raw.globalsecuritydatabase.org/GSD-2022-1002520"
    },
    {
      "type": "WEB",
      "url": "https://rustsec.org/advisories/RUSTSEC-2022-0042.html"
    }
  ],
  "affected": [
    {
      "package": {
        "name": "rustdecimal",
        "ecosystem": "crates.io",
        "purl": "pkg:cargo/rustdecimal"
      },
      "ranges": [
        {
          "type": "SEMVER",
          "events": [
            {
              "introduced": "0"
            }
          ]
        }
      ],
      "database_specific": {
        "source": "https://github.com/github/advisory-database/blob/main/advisories/github-reviewed/2022/08/GHSA-7pwq-f4pq-78gm/GHSA-7pwq-f4pq-78gm.json"
      }
    }
  ],
  "schema_version": "1.6.0"
}