{
  "id": "GHSA-5wg8-7c9q-794v",
  "summary": "Data races in lock_api",
  "details": "An issue was discovered in the lock_api crate before 0.4.2 for Rust. A data race can occur because of MappedRwLockWriteGuard unsoundness.",
  "aliases": [
    "CVE-2020-35910",
    "CVE-2020-35911",
    "CVE-2020-35912",
    "CVE-2020-35913",
    "CVE-2020-35914",
    "GHSA-gmv4-vmx3-x9f3",
    "GHSA-hj9h-wrgg-hgmx",
    "GHSA-ppj3-7jw3-8vc4",
    "GHSA-vh4p-6j7g-f4j9",
    "RUSTSEC-2020-0070"
  ],
  "modified": "2024-03-15T00:05:20.102470Z",
  "published": "2021-08-25T20:50:00Z",
  "database_specific": {
    "nvd_published_at": null,
    "cwe_ids": [
      "CWE-362"
    ],
    "severity": "MODERATE",
    "github_reviewed": true,
    "github_reviewed_at": "2021-08-19T18:59:40Z"
  },
  "references": [
    {
      "type": "ADVISORY",
      "url": "https://nvd.nist.gov/vuln/detail/CVE-2020-35912"
    },
    {
      "type": "WEB",
      "url": "https://github.com/Amanieu/parking_lot/pull/262"
    },
    {
      "type": "PACKAGE",
      "url": "https://github.com/Amanieu/parking_lot"
    },
    {
      "type": "WEB",
      "url": "https://rustsec.org/advisories/RUSTSEC-2020-0070.html"
    }
  ],
  "affected": [
    {
      "package": {
        "name": "lock_api",
        "ecosystem": "crates.io",
        "purl": "pkg:cargo/lock_api"
      },
      "ranges": [
        {
          "type": "SEMVER",
          "events": [
            {
              "introduced": "0"
            },
            {
              "fixed": "0.4.2"
            }
          ]
        }
      ],
      "ecosystem_specific": {
        "affected_functions": [
          "lock_api::MappedRwLockWriteGuard"
        ]
      },
      "database_specific": {
        "source": "https://github.com/github/advisory-database/blob/main/advisories/github-reviewed/2021/08/GHSA-5wg8-7c9q-794v/GHSA-5wg8-7c9q-794v.json"
      }
    }
  ],
  "schema_version": "1.6.0",
  "severity": [
    {
      "type": "CVSS_V3",
      "score": "CVSS:3.1/AV:L/AC:H/PR:L/UI:N/S:U/C:N/I:N/A:H"
    }
  ]
}