{
  "id": "GHSA-6wr5-jmpr-mjcx",
  "summary": "Uncaught Exception in Macro Expecting Native Function to Exist",
  "details": "The query executor would panic when executing a query containing a call to a built-in SurrealDB function that did not exist. This could occur accidentally in situations where the version of the SurrealDB client was newer than the SurrealDB server or when a pre-parsed query was provided to the server via a newer version of the SurrealDB SDK.\n\n### Impact\n\nA client that is authorized to run queries in a SurrealDB server is able to craft and execute a pre-parsed query invoking a nonexistent built-in function, which will cause a panic. This will crash the server, leading to denial of service.\n\n### Patches\n\n- Version 1.2.0 and later are not affected by this issue.\n\n### Workarounds\n\nConcerned users unable to update may want to limit the ability of untrusted users to run arbitrary SurrealQL queries in the affected versions of SurrealDB. To limit the impact of the denial of service, SurrealDB administrators may also want to ensure that the SurrealDB process is running so that it can be automatically re-started after a crash.\n\n### References\n\n- #3454\n- https://bugs.chromium.org/p/oss-fuzz/issues/detail?id=65755",
  "modified": "2024-02-21T00:03:06Z",
  "published": "2024-02-21T00:03:06Z",
  "database_specific": {
    "nvd_published_at": null,
    "cwe_ids": [
      "CWE-248"
    ],
    "severity": "MODERATE",
    "github_reviewed": true,
    "github_reviewed_at": "2024-02-21T00:03:06Z"
  },
  "references": [
    {
      "type": "WEB",
      "url": "https://github.com/surrealdb/surrealdb/security/advisories/GHSA-6wr5-jmpr-mjcx"
    },
    {
      "type": "WEB",
      "url": "https://github.com/surrealdb/surrealdb/pull/3454"
    },
    {
      "type": "WEB",
      "url": "https://bugs.chromium.org/p/oss-fuzz/issues/detail?id=65755"
    },
    {
      "type": "PACKAGE",
      "url": "https://github.com/surrealdb/surrealdb"
    }
  ],
  "affected": [
    {
      "package": {
        "name": "surrealdb",
        "ecosystem": "crates.io",
        "purl": "pkg:cargo/surrealdb"
      },
      "ranges": [
        {
          "type": "SEMVER",
          "events": [
            {
              "introduced": "0"
            },
            {
              "fixed": "1.2.0"
            }
          ]
        }
      ],
      "database_specific": {
        "last_known_affected_version_range": "<= 1.1.1",
        "source": "https://github.com/github/advisory-database/blob/main/advisories/github-reviewed/2024/02/GHSA-6wr5-jmpr-mjcx/GHSA-6wr5-jmpr-mjcx.json"
      }
    }
  ],
  "schema_version": "1.6.0",
  "severity": [
    {
      "type": "CVSS_V3",
      "score": "CVSS:3.1/AV:N/AC:L/PR:L/UI:N/S:U/C:N/I:N/A:H"
    }
  ]
}