{
  "id": "GHSA-638m-m8mh-7gw2",
  "summary": "Incorrect MAC key used in the RC4-MD5 ciphersuite",
  "details": "The OpenSSL 3.0 implementation of the RC4-MD5 ciphersuite incorrectly uses the AAD data as the MAC key. This makes the MAC key trivially predictable. An attacker could exploit this issue by performing a man-in-the-middle attack to modify data being sent from one endpoint to an OpenSSL 3.0 recipient such that the modified data would still pass the MAC integrity check. Note that data sent from an OpenSSL 3.0 endpoint to a non-OpenSSL 3.0 endpoint will always be rejected by the recipient and the connection will fail at that point. Many application protocols require data to be sent from the client to the server first. Therefore, in such a case, only an OpenSSL 3.0 server would be impacted when talking to a non-OpenSSL 3.0 client. If both endpoints are OpenSSL 3.0 then the attacker could modify data being sent in both directions. In this case both clients and servers could be affected, regardless of the application protocol. Note that in the absence of an attacker this bug means that an OpenSSL 3.0 endpoint communicating with a non-OpenSSL 3.0 endpoint will fail to complete the handshake when using this ciphersuite. The confidentiality of data is not impacted by this issue, i.e. an attacker cannot decrypt data that has been encrypted using this ciphersuite - they can only modify it. In order for this attack to work both endpoints must legitimately negotiate the RC4-MD5 ciphersuite. This ciphersuite is not compiled by default in OpenSSL 3.0, and is not available within the default provider or the default ciphersuite list. This ciphersuite will never be used if TLSv1.3 has been negotiated. In order for an OpenSSL 3.0 endpoint to use this ciphersuite the following must have occurred: 1) OpenSSL must have been compiled with the (non-default) compile time option enable-weak-ssl-ciphers 2) OpenSSL must have had the legacy provider explicitly loaded (either through application code or via configuration) 3) The ciphersuite must have been explicitly added to the ciphersuite list 4) The libssl security level must have been set to 0 (default is 1) 5) A version of SSL/TLS below TLSv1.3 must have been negotiated 6) Both endpoints must negotiate the RC4-MD5 ciphersuite in preference to any others that both endpoints have in common Fixed in OpenSSL 3.0.3 (Affected 3.0.0,3.0.1,3.0.2).",
  "aliases": [
    "CVE-2022-1434",
    "RUSTSEC-2022-0026"
  ],
  "modified": "2023-11-08T04:07:48.871438Z",
  "published": "2022-05-04T00:00:22Z",
  "related": [
    "CGA-w4c2-jm2m-963p"
  ],
  "database_specific": {
    "nvd_published_at": "2022-05-03T16:15:00Z",
    "cwe_ids": [
      "CWE-327"
    ],
    "severity": "MODERATE",
    "github_reviewed": true,
    "github_reviewed_at": "2022-06-17T00:01:47Z"
  },
  "references": [
    {
      "type": "ADVISORY",
      "url": "https://nvd.nist.gov/vuln/detail/CVE-2022-1434"
    },
    {
      "type": "WEB",
      "url": "https://github.com/github/advisory-database/issues/405"
    },
    {
      "type": "WEB",
      "url": "https://cert-portal.siemens.com/productcert/pdf/ssa-953464.pdf"
    },
    {
      "type": "WEB",
      "url": "https://git.openssl.org/gitweb/?p=openssl.git;a=commitdiff;h=7d56a74a96828985db7354a55227a511615f732b"
    },
    {
      "type": "WEB",
      "url": "https://rustsec.org/advisories/RUSTSEC-2022-0026.html"
    },
    {
      "type": "WEB",
      "url": "https://security.netapp.com/advisory/ntap-20220602-0009"
    },
    {
      "type": "WEB",
      "url": "https://www.openssl.org/news/secadv/20220503.txt"
    }
  ],
  "affected": [
    {
      "package": {
        "name": "openssl-src",
        "ecosystem": "crates.io",
        "purl": "pkg:cargo/openssl-src"
      },
      "ranges": [
        {
          "type": "SEMVER",
          "events": [
            {
              "introduced": "300.0.0"
            },
            {
              "fixed": "300.0.6"
            }
          ]
        }
      ],
      "database_specific": {
        "source": "https://github.com/github/advisory-database/blob/main/advisories/github-reviewed/2022/05/GHSA-638m-m8mh-7gw2/GHSA-638m-m8mh-7gw2.json"
      }
    }
  ],
  "schema_version": "1.6.0",
  "severity": [
    {
      "type": "CVSS_V3",
      "score": "CVSS:3.1/AV:N/AC:H/PR:N/UI:N/S:U/C:N/I:H/A:N"
    }
  ]
}