{
  "id": "GHSA-53wj-6m7w-j6mj",
  "summary": "MoinMoin Cross-site scripting (XSS) vulnerability",
  "details": "Cross-site scripting (XSS) vulnerability in MoinMoin 1.5.x through 1.5.8 and 1.6.x before 1.6.1 allows remote attackers to inject arbitrary web script or HTML via the login action.",
  "aliases": [
    "CVE-2008-0780"
  ],
  "modified": "2024-05-19T02:24:36.334422Z",
  "published": "2022-05-01T23:33:02Z",
  "database_specific": {
    "nvd_published_at": "2008-02-14T21:00:00Z",
    "cwe_ids": [
      "CWE-79"
    ],
    "severity": "MODERATE",
    "github_reviewed": true,
    "github_reviewed_at": "2024-05-14T20:41:24Z"
  },
  "references": [
    {
      "type": "ADVISORY",
      "url": "https://nvd.nist.gov/vuln/detail/CVE-2008-0780"
    },
    {
      "type": "WEB",
      "url": "https://bugzilla.redhat.com/show_bug.cgi?id=432747"
    },
    {
      "type": "WEB",
      "url": "https://usn.ubuntu.com/716-1"
    },
    {
      "type": "WEB",
      "url": "https://www.redhat.com/archives/fedora-package-announce/2008-February/msg00726.html"
    },
    {
      "type": "WEB",
      "url": "https://www.redhat.com/archives/fedora-package-announce/2008-February/msg00752.html"
    },
    {
      "type": "WEB",
      "url": "http://hg.moinmo.in/moin/1.5/rev/2f952fa361c7"
    },
    {
      "type": "WEB",
      "url": "http://hg.moinmo.in/moin/1.6/rev/9f4bdc7ef80d"
    },
    {
      "type": "WEB",
      "url": "http://secunia.com/advisories/28987"
    },
    {
      "type": "WEB",
      "url": "http://secunia.com/advisories/29010"
    },
    {
      "type": "WEB",
      "url": "http://secunia.com/advisories/29262"
    },
    {
      "type": "WEB",
      "url": "http://secunia.com/advisories/29444"
    },
    {
      "type": "WEB",
      "url": "http://secunia.com/advisories/33755"
    },
    {
      "type": "WEB",
      "url": "http://www.debian.org/security/2008/dsa-1514"
    },
    {
      "type": "WEB",
      "url": "http://www.gentoo.org/security/en/glsa/glsa-200803-27.xml"
    },
    {
      "type": "WEB",
      "url": "http://www.securityfocus.com/bid/27904"
    },
    {
      "type": "WEB",
      "url": "http://www.vupen.com/english/advisories/2008/0569/references"
    }
  ],
  "affected": [
    {
      "package": {
        "name": "moin",
        "ecosystem": "PyPI",
        "purl": "pkg:pypi/moin"
      },
      "ranges": [
        {
          "type": "ECOSYSTEM",
          "events": [
            {
              "introduced": "1.5"
            },
            {
              "last_affected": "1.5.8"
            }
          ]
        }
      ],
      "database_specific": {
        "source": "https://github.com/github/advisory-database/blob/main/advisories/github-reviewed/2022/05/GHSA-53wj-6m7w-j6mj/GHSA-53wj-6m7w-j6mj.json"
      },
      "versions": []
    },
    {
      "package": {
        "name": "moin",
        "ecosystem": "PyPI",
        "purl": "pkg:pypi/moin"
      },
      "ranges": [
        {
          "type": "ECOSYSTEM",
          "events": [
            {
              "introduced": "1.6"
            },
            {
              "fixed": "1.6.1"
            }
          ]
        }
      ],
      "database_specific": {
        "source": "https://github.com/github/advisory-database/blob/main/advisories/github-reviewed/2022/05/GHSA-53wj-6m7w-j6mj/GHSA-53wj-6m7w-j6mj.json"
      },
      "versions": []
    }
  ],
  "schema_version": "1.6.0"
}