{
  "id": "GHSA-4w8f-hjm9-xwgf",
  "summary": "Path Traversal in django-s3file",
  "details": "### Impact\n\nIt was possible to traverse the entire AWS S3 bucket and in most cases to access or delete files.\nThe issue was discovered by the maintainer. There were no reports of the vulnerability\nbeing known to or exploited by a third party, before the release of the patch.\n\nIf the `AWS_LOCATION` setting was set, traversal was limited to that location only.\nIf all your files handling views (like form views) require authentication or special permission, the thread is limited to privileged users.\n\n### Patches\n\nThe vulnerability has been fixed in version 5.5.1 and above.\n\n### Workarounds\n\nThere is no feasible workaround. We must urge all users to immediately updated to a patched version.\n\n### Detailed attack vector description\n\nAn attacker may use a request with malicious form data to traverse the entire AWS S3 bucket and perform destructive operations.\n\nAn attack could look as follows:\n```bash\ncurl -X POST -F \"s3file=file\" -F \"file=/priviliged/location/secrets.txt\" https://www.example.com/any/path/will/work/\n```\n\nThis will result in a request with files set and opened:\n\n```python\n>>> request.FILES.getlist(\"file\")\n[File(\"/priviliged/location/secrets.txt\")]\n```\n\nSince this behavior is injected via a middleware, any view can be called this way and will carry any files defined by the attacker.\n\nVia the `s3file` form field, any input name can be specified, including multiple inputs. For each input, multiple files can be freely\npicked of the S3 bucket.\n\n#### Scenarios and their practicality\n\nThere are four scenarios that would be considered practical in most setups:\n\n1. Illegal file injection,\n2. file deletion,\n3. file retrieval & tree traversal.\n4. code injection & remote code execution.\n\n##### File deletion\n\nAn attacker knows the location of a privileged file, like a static asset. Next, the file is injected into a form view. The upload to function will move the file to a new location. This is effectively deleting the file, since the previous references to it are invalid, and will cause S3 to return a 404. Furthermore, the new location is unknown to the site operator.\n\n##### File retrieval & tree traversal\n\nAn attacker knows the URL of a secret file and injects it into a form view. The view will move the file to a public location, making it accessible to the attacker. Since most form views will not be rate limited, this could also be used to guess files and traverse the file tree.\n\n##### Illegal file injection\n\nAn attacker uses any form to upload a file to the temporary upload location. Next, the attacker injects that file into a request, does not validate the contents or is not equipped to handle the mime type. The latter could be used as a potential DOS vector.\n\nIn practice, this is not a practical risk in most hardened setup. Files should always be sanitized before processing, since files can be included in a request even without this security issues.\n\n### For more information\nIf you have any questions or comments about this advisory:\n* Open an issue on [GitHub](https://github.com/codingjoe/django-s3file/issues)\n* Email us at [johannes@maron.family](mailto:johannes@maron.family)\n",
  "aliases": [
    "CVE-2022-24840",
    "PYSEC-2022-208"
  ],
  "modified": "2023-11-08T04:08:38.371661Z",
  "published": "2022-06-06T21:24:24Z",
  "database_specific": {
    "nvd_published_at": "2022-06-09T04:15:00Z",
    "github_reviewed_at": "2022-06-06T21:24:24Z",
    "severity": "CRITICAL",
    "github_reviewed": true,
    "cwe_ids": [
      "CWE-22",
      "CWE-96"
    ]
  },
  "references": [
    {
      "type": "WEB",
      "url": "https://github.com/codingjoe/django-s3file/security/advisories/GHSA-4w8f-hjm9-xwgf"
    },
    {
      "type": "ADVISORY",
      "url": "https://nvd.nist.gov/vuln/detail/CVE-2022-24840"
    },
    {
      "type": "WEB",
      "url": "https://github.com/codingjoe/django-s3file/commit/68ccd2c621a40eb66fdd6af2be9d5fcc9c373318"
    },
    {
      "type": "PACKAGE",
      "url": "https://github.com/codingjoe/django-s3file"
    },
    {
      "type": "WEB",
      "url": "https://github.com/codingjoe/django-s3file/releases/tag/5.5.1"
    },
    {
      "type": "WEB",
      "url": "https://github.com/pypa/advisory-database/tree/main/vulns/django-s3file/PYSEC-2022-208.yaml"
    }
  ],
  "affected": [
    {
      "package": {
        "name": "django-s3file",
        "ecosystem": "PyPI",
        "purl": "pkg:pypi/django-s3file"
      },
      "ranges": [
        {
          "type": "ECOSYSTEM",
          "events": [
            {
              "introduced": "0"
            },
            {
              "fixed": "5.5.1"
            }
          ]
        }
      ],
      "versions": [
        "0.1.0",
        "0.1.1",
        "0.1.10",
        "0.1.11",
        "0.1.12",
        "0.1.13",
        "0.1.14",
        "0.1.15",
        "0.1.16",
        "0.1.17",
        "0.1.18",
        "0.1.19",
        "0.1.2",
        "0.1.20",
        "0.1.21",
        "0.1.22",
        "0.1.23",
        "0.1.3",
        "0.1.4",
        "0.1.5",
        "0.1.6",
        "0.1.7",
        "0.1.8",
        "0.1.9",
        "0.2.0",
        "0.3.0",
        "0.3.1",
        "0.3.2",
        "0.3.3",
        "0.3.4",
        "0.3.5",
        "0.3.6",
        "0.3.7",
        "0.4.0",
        "0.4.1",
        "0.5.0",
        "0.5.1",
        "0.5.2",
        "0.5.3",
        "0.5.4",
        "0.6.0",
        "0.6.1",
        "0.6.2",
        "1.0.0",
        "1.0.1",
        "1.0.2",
        "1.1.0",
        "1.2.0",
        "1.2.1",
        "2.0.0",
        "3.0.0",
        "3.0.1",
        "3.0.2",
        "3.0.3",
        "3.0.4",
        "3.0.5",
        "4.0.0",
        "4.0.1",
        "4.0.2",
        "4.1.0",
        "4.2.0",
        "5.0.0",
        "5.0.1",
        "5.0.2",
        "5.0.4",
        "5.0.5",
        "5.0.6",
        "5.1.0",
        "5.1.1",
        "5.1.2",
        "5.1.3",
        "5.2.0",
        "5.3.0",
        "5.4.0",
        "5.5.0"
      ],
      "ecosystem_specific": {
        "affected_functions": [
          "s3file.forms.S3FileInputMixin",
          "s3file.forms.S3FileInputMixin.build_attrs",
          "s3file.middleware.S3FileMiddleware.__call__",
          "s3file.middleware.S3FileMiddleware.get_files_from_storage"
        ]
      },
      "database_specific": {
        "source": "https://github.com/github/advisory-database/blob/main/advisories/github-reviewed/2022/06/GHSA-4w8f-hjm9-xwgf/GHSA-4w8f-hjm9-xwgf.json"
      }
    }
  ],
  "schema_version": "1.6.0",
  "severity": [
    {
      "type": "CVSS_V3",
      "score": "CVSS:3.1/AV:N/AC:L/PR:N/UI:N/S:U/C:H/I:H/A:N"
    }
  ]
}