{
  "id": "GHSA-22q6-wwq7-2jj9",
  "summary": "OpenStack Keystone Improper Authentication vulnerability",
  "details": "OpenStack Keystone Folsom (2012.2) does not properly perform revocation checks for Keystone PKI tokens when done through a server, which allows remote attackers to bypass intended access restrictions via a revoked PKI token.",
  "aliases": [
    "CVE-2013-1865"
  ],
  "modified": "2023-11-08T03:57:15.759652Z",
  "published": "2022-05-17T04:56:52Z",
  "database_specific": {
    "nvd_published_at": "2013-03-22T21:55:00Z",
    "cwe_ids": [
      "CWE-287"
    ],
    "severity": "MODERATE",
    "github_reviewed": true,
    "github_reviewed_at": "2023-02-08T18:06:23Z"
  },
  "references": [
    {
      "type": "ADVISORY",
      "url": "https://nvd.nist.gov/vuln/detail/CVE-2013-1865"
    },
    {
      "type": "WEB",
      "url": "https://access.redhat.com/errata/RHSA-2013:0708"
    },
    {
      "type": "WEB",
      "url": "https://access.redhat.com/security/cve/CVE-2013-1865"
    },
    {
      "type": "WEB",
      "url": "https://bugs.launchpad.net/keystone/+bug/1129713"
    },
    {
      "type": "WEB",
      "url": "https://bugzilla.redhat.com/show_bug.cgi?id=922230"
    },
    {
      "type": "PACKAGE",
      "url": "https://opendev.org/openstack/keystone"
    },
    {
      "type": "WEB",
      "url": "https://review.openstack.org/#/c/24906"
    },
    {
      "type": "WEB",
      "url": "https://review.openstack.org/24906"
    },
    {
      "type": "WEB",
      "url": "https://web.archive.org/web/20170715155558/http://www.securityfocus.com/bid/58616"
    },
    {
      "type": "WEB",
      "url": "http://github.com/openstack/keystone/commit/255b1d43500f5d98ec73a0056525b492b14fec05"
    },
    {
      "type": "WEB",
      "url": "http://lists.fedoraproject.org/pipermail/package-announce/2013-April/101719.html"
    },
    {
      "type": "WEB",
      "url": "http://lists.opensuse.org/opensuse-updates/2013-04/msg00000.html"
    },
    {
      "type": "WEB",
      "url": "http://rhn.redhat.com/errata/RHSA-2013-0708.html"
    },
    {
      "type": "WEB",
      "url": "http://www.openwall.com/lists/oss-security/2013/03/20/13"
    },
    {
      "type": "WEB",
      "url": "http://www.ubuntu.com/usn/USN-1772-1"
    }
  ],
  "affected": [
    {
      "package": {
        "name": "keystone",
        "ecosystem": "PyPI",
        "purl": "pkg:pypi/keystone"
      },
      "ranges": [
        {
          "type": "ECOSYSTEM",
          "events": [
            {
              "introduced": "2012.2"
            },
            {
              "fixed": "2012.2.4"
            }
          ]
        }
      ],
      "database_specific": {
        "source": "https://github.com/github/advisory-database/blob/main/advisories/github-reviewed/2022/05/GHSA-22q6-wwq7-2jj9/GHSA-22q6-wwq7-2jj9.json"
      },
      "versions": []
    }
  ],
  "schema_version": "1.6.0"
}