{
  "id": "GHSA-3gh2-xw74-jmcw",
  "summary": "SQL injection in Django",
  "details": "Django 1.11 before 1.11.29, 2.2 before 2.2.11, and 3.0 before 3.0.4 allows SQL Injection if untrusted data is used as a tolerance parameter in GIS functions and aggregates on Oracle. By passing a suitably crafted tolerance to GIS functions and aggregates on Oracle, it was possible to break escaping and inject malicious SQL.",
  "aliases": [
    "BIT-django-2020-9402",
    "CVE-2020-9402",
    "PYSEC-2020-36"
  ],
  "modified": "2024-04-01T18:31:00.053949Z",
  "published": "2020-06-05T14:52:07Z",
  "database_specific": {
    "nvd_published_at": "2020-03-05T15:15:00Z",
    "cwe_ids": [
      "CWE-89"
    ],
    "severity": "HIGH",
    "github_reviewed": true,
    "github_reviewed_at": "2020-06-04T18:32:29Z"
  },
  "references": [
    {
      "type": "ADVISORY",
      "url": "https://nvd.nist.gov/vuln/detail/CVE-2020-9402"
    },
    {
      "type": "WEB",
      "url": "https://github.com/django/django/commit/6695d29b1c1ce979725816295a26ecc64ae0e927"
    },
    {
      "type": "WEB",
      "url": "https://docs.djangoproject.com/en/3.0/releases/security"
    },
    {
      "type": "PACKAGE",
      "url": "https://github.com/django/django"
    },
    {
      "type": "WEB",
      "url": "https://groups.google.com/forum/#!topic/django-announce/fLUh_pOaKrY"
    },
    {
      "type": "WEB",
      "url": "https://lists.debian.org/debian-lts-announce/2022/05/msg00035.html"
    },
    {
      "type": "WEB",
      "url": "https://lists.fedoraproject.org/archives/list/package-announce@lists.fedoraproject.org/message/4A2AP4T7RKPBCLTI2NNQG3T6MINDUUMZ"
    },
    {
      "type": "WEB",
      "url": "https://lists.fedoraproject.org/archives/list/package-announce@lists.fedoraproject.org/message/UZMN2NKAGTFE3YKMNM2JVJG7R2W7LLHY"
    },
    {
      "type": "WEB",
      "url": "https://security.gentoo.org/glsa/202004-17"
    },
    {
      "type": "WEB",
      "url": "https://security.netapp.com/advisory/ntap-20200327-0004"
    },
    {
      "type": "WEB",
      "url": "https://usn.ubuntu.com/4296-1"
    },
    {
      "type": "WEB",
      "url": "https://www.debian.org/security/2020/dsa-4705"
    },
    {
      "type": "WEB",
      "url": "https://www.djangoproject.com/weblog/2020/mar/04/security-releases"
    }
  ],
  "affected": [
    {
      "package": {
        "name": "django",
        "ecosystem": "PyPI",
        "purl": "pkg:pypi/django"
      },
      "ranges": [
        {
          "type": "ECOSYSTEM",
          "events": [
            {
              "introduced": "1.11.0"
            },
            {
              "fixed": "1.11.29"
            }
          ]
        }
      ],
      "versions": [
        "1.11",
        "1.11.1",
        "1.11.10",
        "1.11.11",
        "1.11.12",
        "1.11.13",
        "1.11.14",
        "1.11.15",
        "1.11.16",
        "1.11.17",
        "1.11.18",
        "1.11.2",
        "1.11.20",
        "1.11.21",
        "1.11.22",
        "1.11.23",
        "1.11.24",
        "1.11.25",
        "1.11.26",
        "1.11.27",
        "1.11.28",
        "1.11.3",
        "1.11.4",
        "1.11.5",
        "1.11.6",
        "1.11.7",
        "1.11.8",
        "1.11.9"
      ],
      "database_specific": {
        "source": "https://github.com/github/advisory-database/blob/main/advisories/github-reviewed/2020/06/GHSA-3gh2-xw74-jmcw/GHSA-3gh2-xw74-jmcw.json"
      }
    },
    {
      "package": {
        "name": "django",
        "ecosystem": "PyPI",
        "purl": "pkg:pypi/django"
      },
      "ranges": [
        {
          "type": "ECOSYSTEM",
          "events": [
            {
              "introduced": "2.2.0"
            },
            {
              "fixed": "2.2.11"
            }
          ]
        }
      ],
      "versions": [
        "2.2",
        "2.2.1",
        "2.2.10",
        "2.2.2",
        "2.2.3",
        "2.2.4",
        "2.2.5",
        "2.2.6",
        "2.2.7",
        "2.2.8",
        "2.2.9"
      ],
      "database_specific": {
        "source": "https://github.com/github/advisory-database/blob/main/advisories/github-reviewed/2020/06/GHSA-3gh2-xw74-jmcw/GHSA-3gh2-xw74-jmcw.json"
      }
    },
    {
      "package": {
        "name": "django",
        "ecosystem": "PyPI",
        "purl": "pkg:pypi/django"
      },
      "ranges": [
        {
          "type": "ECOSYSTEM",
          "events": [
            {
              "introduced": "3.0.0"
            },
            {
              "fixed": "3.0.4"
            }
          ]
        }
      ],
      "versions": [
        "3.0",
        "3.0.1",
        "3.0.2",
        "3.0.3"
      ],
      "database_specific": {
        "source": "https://github.com/github/advisory-database/blob/main/advisories/github-reviewed/2020/06/GHSA-3gh2-xw74-jmcw/GHSA-3gh2-xw74-jmcw.json"
      }
    }
  ],
  "schema_version": "1.6.0",
  "severity": [
    {
      "type": "CVSS_V3",
      "score": "CVSS:3.1/AV:N/AC:L/PR:L/UI:N/S:U/C:H/I:H/A:H"
    }
  ]
}