{
  "id": "GHSA-4258-vcjw-wwxx",
  "summary": "furlongm openvpn-monitor command injection",
  "details": "furlongm openvpn-monitor through 1.1.3 allows `%0a` command injection via the OpenVPN management interface socket. This can shut down the server via signal `SIGTERM`.",
  "aliases": [
    "CVE-2021-31605",
    "PYSEC-2021-353"
  ],
  "modified": "2024-02-23T21:13:26.219811Z",
  "published": "2022-05-24T19:15:55Z",
  "database_specific": {
    "nvd_published_at": "2021-09-27T06:15:00Z",
    "cwe_ids": [
      "CWE-77"
    ],
    "severity": "HIGH",
    "github_reviewed": true,
    "github_reviewed_at": "2024-02-23T20:51:55Z"
  },
  "references": [
    {
      "type": "ADVISORY",
      "url": "https://nvd.nist.gov/vuln/detail/CVE-2021-31605"
    },
    {
      "type": "PACKAGE",
      "url": "https://github.com/furlongm/openvpn-monitor"
    },
    {
      "type": "WEB",
      "url": "https://github.com/furlongm/openvpn-monitor/releases"
    },
    {
      "type": "WEB",
      "url": "http://packetstormsecurity.com/files/164278/OpenVPN-Monitor-1.1.3-Command-Injection.html"
    }
  ],
  "affected": [
    {
      "package": {
        "name": "openvpn-monitor",
        "ecosystem": "PyPI",
        "purl": "pkg:pypi/openvpn-monitor"
      },
      "ranges": [
        {
          "type": "ECOSYSTEM",
          "events": [
            {
              "introduced": "0"
            },
            {
              "last_affected": "1.1.3"
            }
          ]
        }
      ],
      "versions": [
        "1.0.0",
        "1.1.2",
        "1.1.3"
      ],
      "database_specific": {
        "source": "https://github.com/github/advisory-database/blob/main/advisories/github-reviewed/2022/05/GHSA-4258-vcjw-wwxx/GHSA-4258-vcjw-wwxx.json"
      }
    }
  ],
  "schema_version": "1.6.0",
  "severity": [
    {
      "type": "CVSS_V3",
      "score": "CVSS:3.1/AV:N/AC:L/PR:N/UI:N/S:U/C:N/I:N/A:H"
    }
  ]
}