{
  "id": "GHSA-3pmw-h7j4-rf54",
  "summary": "Mercurial vulnerable to arbitrary command execution via a crafted repository name in a clone command",
  "details": "The _validaterepo function in sshpeer in Mercurial before 3.2.4 allows remote attackers to execute arbitrary commands via a crafted repository name in a clone command.",
  "aliases": [
    "CVE-2014-9462",
    "PYSEC-2015-14"
  ],
  "modified": "2024-05-01T17:12:42.049933Z",
  "published": "2022-05-14T02:05:56Z",
  "database_specific": {
    "nvd_published_at": "2015-03-31T14:59:00Z",
    "cwe_ids": [
      "CWE-20"
    ],
    "severity": "HIGH",
    "github_reviewed": true,
    "github_reviewed_at": "2024-05-01T16:51:43Z"
  },
  "references": [
    {
      "type": "ADVISORY",
      "url": "https://nvd.nist.gov/vuln/detail/CVE-2014-9462"
    },
    {
      "type": "WEB",
      "url": "https://security.gentoo.org/glsa/201612-19"
    },
    {
      "type": "WEB",
      "url": "http://chargen.matasano.com/chargen/2015/3/17/this-new-vulnerability-mercurial-command-injection-cve-2014-9462.html"
    },
    {
      "type": "WEB",
      "url": "http://lists.opensuse.org/opensuse-updates/2015-03/msg00085.html"
    },
    {
      "type": "WEB",
      "url": "http://mercurial.selenic.com/wiki/WhatsNew"
    },
    {
      "type": "WEB",
      "url": "http://www.debian.org/security/2015/dsa-3257"
    },
    {
      "type": "WEB",
      "url": "http://www.oracle.com/technetwork/topics/security/bulletinjul2015-2511963.html"
    }
  ],
  "affected": [
    {
      "package": {
        "name": "mercurial",
        "ecosystem": "PyPI",
        "purl": "pkg:pypi/mercurial"
      },
      "ranges": [
        {
          "type": "ECOSYSTEM",
          "events": [
            {
              "introduced": "0"
            },
            {
              "fixed": "3.2.4"
            }
          ]
        }
      ],
      "versions": [
        "0.8.1",
        "0.9",
        "0.9.1",
        "0.9.2",
        "0.9.3",
        "0.9.4",
        "0.9.5",
        "1.0",
        "1.0.1",
        "1.0.2",
        "1.1",
        "1.1.1",
        "1.1.2",
        "1.2",
        "1.2.1",
        "1.3",
        "1.3.1",
        "1.4",
        "1.4.1",
        "1.4.2",
        "1.4.3",
        "1.5",
        "1.5.1",
        "1.5.2",
        "1.5.3",
        "1.5.4",
        "1.6",
        "1.6.1",
        "1.6.2",
        "1.6.3",
        "1.6.4",
        "1.7",
        "1.7.1",
        "1.7.2",
        "1.7.3",
        "1.7.5",
        "1.8",
        "1.8.1",
        "1.8.2",
        "1.8.3",
        "1.8.4",
        "1.9",
        "1.9.1",
        "1.9.2",
        "1.9.3",
        "2.0",
        "2.0.1",
        "2.0.2",
        "2.1",
        "2.1.1",
        "2.1.2",
        "2.2",
        "2.2.2",
        "2.3",
        "2.4.1",
        "2.5",
        "2.5.1",
        "2.5.2",
        "2.6",
        "2.6.1",
        "2.6.2",
        "2.6.3",
        "2.7.0",
        "2.7.1",
        "2.7.2",
        "2.8",
        "2.8.1",
        "2.8.2",
        "2.9",
        "2.9.1",
        "3.0",
        "3.0.1",
        "3.1",
        "3.1.1",
        "3.1.2",
        "3.2",
        "3.2.1",
        "3.2.2",
        "3.2.3"
      ],
      "database_specific": {
        "source": "https://github.com/github/advisory-database/blob/main/advisories/github-reviewed/2022/05/GHSA-3pmw-h7j4-rf54/GHSA-3pmw-h7j4-rf54.json"
      }
    }
  ],
  "schema_version": "1.6.0"
}