{
  "id": "GHSA-4j3w-g62x-hrcp",
  "summary": "Plone Cross-site request forgery (CSRF)",
  "details": "Multiple cross-site request forgery (CSRF) vulnerabilities in Plone CMS before 3.1 allow remote attackers to (1) add arbitrary accounts via the join_form page and (2) change the privileges of arbitrary groups via the prefs_groups_overview page.",
  "aliases": [
    "CVE-2008-0164"
  ],
  "modified": "2024-05-19T02:24:36.250797Z",
  "published": "2022-05-01T23:28:05Z",
  "database_specific": {
    "nvd_published_at": "2008-03-20T00:44:00Z",
    "cwe_ids": [
      "CWE-352"
    ],
    "severity": "MODERATE",
    "github_reviewed": true,
    "github_reviewed_at": "2024-05-14T17:23:26Z"
  },
  "references": [
    {
      "type": "ADVISORY",
      "url": "https://nvd.nist.gov/vuln/detail/CVE-2008-0164"
    },
    {
      "type": "WEB",
      "url": "https://exchange.xforce.ibmcloud.com/vulnerabilities/41263"
    },
    {
      "type": "WEB",
      "url": "http://plone.org/about/security/advisories/cve-2008-0164"
    },
    {
      "type": "WEB",
      "url": "http://plone.org/products/plone-hotfix/releases/CVE-2008-0164"
    },
    {
      "type": "WEB",
      "url": "http://secunia.com/advisories/29361"
    },
    {
      "type": "WEB",
      "url": "http://securityreason.com/securityalert/3754"
    },
    {
      "type": "WEB",
      "url": "http://www.procheckup.com/Hacking_Plone_CMS.pdf"
    },
    {
      "type": "WEB",
      "url": "http://www.securityfocus.com/archive/1/489544/100/0/threaded"
    }
  ],
  "affected": [
    {
      "package": {
        "name": "plone",
        "ecosystem": "PyPI",
        "purl": "pkg:pypi/plone"
      },
      "ranges": [
        {
          "type": "ECOSYSTEM",
          "events": [
            {
              "introduced": "0"
            },
            {
              "fixed": "3.1"
            }
          ]
        }
      ],
      "database_specific": {
        "source": "https://github.com/github/advisory-database/blob/main/advisories/github-reviewed/2022/05/GHSA-4j3w-g62x-hrcp/GHSA-4j3w-g62x-hrcp.json"
      },
      "versions": []
    }
  ],
  "schema_version": "1.6.0"
}