{
  "id": "GHSA-3c67-gc48-983w",
  "summary": "Path Traversal in Ansible",
  "details": "An archive traversal flaw was found in all ansible-engine versions 2.9.x prior to 2.9.7, when running `ansible-galaxy collection` install. When extracting a collection .tar.gz file, the directory is created without sanitizing the filename. An attacker could take advantage to overwrite any file within the system.",
  "aliases": [
    "CVE-2020-10691",
    "PYSEC-2020-2"
  ],
  "modified": "2024-09-04T21:02:09.201617Z",
  "published": "2021-04-20T16:44:37Z",
  "database_specific": {
    "nvd_published_at": "2020-04-30T17:15:00Z",
    "cwe_ids": [
      "CWE-22"
    ],
    "severity": "MODERATE",
    "github_reviewed": true,
    "github_reviewed_at": "2021-04-05T14:22:26Z"
  },
  "references": [
    {
      "type": "ADVISORY",
      "url": "https://nvd.nist.gov/vuln/detail/CVE-2020-10691"
    },
    {
      "type": "WEB",
      "url": "https://github.com/ansible/ansible/pull/68596"
    },
    {
      "type": "WEB",
      "url": "https://github.com/ansible/ansible/commit/b2551bb6943eec078066aa3a923e0bb3ed85abe8"
    },
    {
      "type": "WEB",
      "url": "https://bugzilla.redhat.com/show_bug.cgi?id=CVE-2020-10691"
    },
    {
      "type": "ADVISORY",
      "url": "https://github.com/advisories/GHSA-3c67-gc48-983w"
    },
    {
      "type": "PACKAGE",
      "url": "https://github.com/ansible/ansible"
    },
    {
      "type": "WEB",
      "url": "https://github.com/pypa/advisory-database/tree/main/vulns/ansible/PYSEC-2020-2.yaml"
    }
  ],
  "affected": [
    {
      "package": {
        "name": "ansible",
        "ecosystem": "PyPI",
        "purl": "pkg:pypi/ansible"
      },
      "ranges": [
        {
          "type": "ECOSYSTEM",
          "events": [
            {
              "introduced": "2.9.0a1"
            },
            {
              "fixed": "2.9.7"
            }
          ]
        }
      ],
      "versions": [
        "2.9.0",
        "2.9.0b1",
        "2.9.0rc1",
        "2.9.0rc2",
        "2.9.0rc3",
        "2.9.0rc4",
        "2.9.0rc5",
        "2.9.1",
        "2.9.2",
        "2.9.3",
        "2.9.4",
        "2.9.5",
        "2.9.6"
      ],
      "database_specific": {
        "source": "https://github.com/github/advisory-database/blob/main/advisories/github-reviewed/2021/04/GHSA-3c67-gc48-983w/GHSA-3c67-gc48-983w.json"
      }
    }
  ],
  "schema_version": "1.6.0",
  "severity": [
    {
      "type": "CVSS_V3",
      "score": "CVSS:3.1/AV:L/AC:L/PR:L/UI:N/S:C/C:N/I:L/A:L"
    },
    {
      "type": "CVSS_V4",
      "score": "CVSS:4.0/AV:L/AC:L/AT:N/PR:L/UI:N/VC:N/VI:L/VA:L/SC:N/SI:N/SA:N"
    }
  ]
}