{
  "id": "GHSA-3hp7-4qq4-v5c6",
  "summary": "Apache Superset Allocation of Resources Without Limits or Throttling vulnerability",
  "details": "An authenticated malicious user could initiate multiple concurrent requests, each requesting multiple dashboard exports, leading to a possible denial of service.\n\nThis issue affects Apache Superset: before 3.0.0\n\n",
  "aliases": [
    "CVE-2023-42504"
  ],
  "modified": "2024-02-16T08:17:09.792132Z",
  "published": "2023-11-28T18:30:23Z",
  "database_specific": {
    "nvd_published_at": "2023-11-28T18:15:08Z",
    "cwe_ids": [
      "CWE-770"
    ],
    "severity": "MODERATE",
    "github_reviewed": true,
    "github_reviewed_at": "2023-11-28T23:29:13Z"
  },
  "references": [
    {
      "type": "ADVISORY",
      "url": "https://nvd.nist.gov/vuln/detail/CVE-2023-42504"
    },
    {
      "type": "PACKAGE",
      "url": "https://github.com/apache/superset"
    },
    {
      "type": "WEB",
      "url": "https://lists.apache.org/thread/yzq5gk1y9lyw6nxwd3xdkxg1djqw1h6l"
    },
    {
      "type": "WEB",
      "url": "http://www.openwall.com/lists/oss-security/2023/11/28/6"
    }
  ],
  "affected": [
    {
      "package": {
        "name": "apache-superset",
        "ecosystem": "PyPI",
        "purl": "pkg:pypi/apache-superset"
      },
      "ranges": [
        {
          "type": "ECOSYSTEM",
          "events": [
            {
              "introduced": "0"
            },
            {
              "fixed": "3.0.0"
            }
          ]
        }
      ],
      "versions": [
        "0.34.0",
        "0.34.1",
        "0.35.1",
        "0.35.2",
        "0.36.0",
        "0.37.0",
        "0.37.1",
        "0.37.2",
        "0.38.0",
        "0.38.1",
        "1.0.0",
        "1.0.1",
        "1.1.0",
        "1.2.0",
        "1.3.0",
        "1.3.1",
        "1.3.2",
        "1.4.0",
        "1.4.1",
        "1.4.2",
        "1.5.0",
        "1.5.1",
        "1.5.2",
        "1.5.3",
        "2.0.0",
        "2.0.1",
        "2.1.0",
        "2.1.1",
        "2.1.1rc1",
        "2.1.1rc2",
        "2.1.1rc3",
        "2.1.2",
        "2.1.3",
        "3.0.0rc1",
        "3.0.0rc2",
        "3.0.0rc3",
        "3.0.0rc4"
      ],
      "database_specific": {
        "source": "https://github.com/github/advisory-database/blob/main/advisories/github-reviewed/2023/11/GHSA-3hp7-4qq4-v5c6/GHSA-3hp7-4qq4-v5c6.json"
      }
    }
  ],
  "schema_version": "1.6.0",
  "severity": [
    {
      "type": "CVSS_V3",
      "score": "CVSS:3.1/AV:N/AC:L/PR:L/UI:N/S:U/C:N/I:N/A:H"
    }
  ]
}