{
  "id": "GHSA-4433-4cxq-vv73",
  "summary": "SimpleGeo python-oauth2 does not check the nonce allowing replay attacks",
  "details": "The Server.verify_request function in SimpleGeo python-oauth2 does not check the nonce, which allows remote attackers to perform replay attacks via a signed URL.\nThe vulnerability does not appear to be patched according to the following [discussion](https://github.com/joestump/python-oauth2/issues/129#issuecomment-895911502).",
  "aliases": [
    "CVE-2013-4346",
    "PYSEC-2014-85"
  ],
  "modified": "2024-02-23T21:41:32.199131Z",
  "published": "2022-05-17T03:46:28Z",
  "database_specific": {
    "nvd_published_at": "2014-05-20T14:55:00Z",
    "cwe_ids": [],
    "severity": "MODERATE",
    "github_reviewed": true,
    "github_reviewed_at": "2024-02-23T21:12:22Z"
  },
  "references": [
    {
      "type": "ADVISORY",
      "url": "https://nvd.nist.gov/vuln/detail/CVE-2013-4346"
    },
    {
      "type": "WEB",
      "url": "https://github.com/simplegeo/python-oauth2/issues/129"
    },
    {
      "type": "WEB",
      "url": "https://access.redhat.com/errata/RHSA-2015:1591"
    },
    {
      "type": "WEB",
      "url": "https://access.redhat.com/errata/RHSA-2015:1592"
    },
    {
      "type": "WEB",
      "url": "https://access.redhat.com/security/cve/CVE-2013-4346"
    },
    {
      "type": "WEB",
      "url": "https://bugzilla.redhat.com/show_bug.cgi?id=1007746"
    },
    {
      "type": "PACKAGE",
      "url": "https://github.com/joestump/python-oauth2"
    },
    {
      "type": "WEB",
      "url": "https://web.archive.org/web/20200228063302/http://www.securityfocus.com/bid/62386"
    },
    {
      "type": "WEB",
      "url": "http://www.openwall.com/lists/oss-security/2013/09/12/7"
    }
  ],
  "affected": [
    {
      "package": {
        "name": "oauth2",
        "ecosystem": "PyPI",
        "purl": "pkg:pypi/oauth2"
      },
      "ranges": [
        {
          "type": "ECOSYSTEM",
          "events": [
            {
              "introduced": "0"
            },
            {
              "last_affected": "1.9rc1"
            }
          ]
        }
      ],
      "versions": [
        "1.0.0",
        "1.0.4",
        "1.0.5",
        "1.0.6",
        "1.0.7",
        "1.0.8",
        "1.0.9",
        "1.1.0",
        "1.1.1",
        "1.1.3",
        "1.2.0",
        "1.5.150",
        "1.5.153",
        "1.5.155",
        "1.5.158",
        "1.5.159",
        "1.5.160",
        "1.5.161",
        "1.5.162",
        "1.5.163",
        "1.5.164",
        "1.5.165",
        "1.5.166",
        "1.5.167",
        "1.5.168",
        "1.5.169",
        "1.5.170",
        "1.5.210",
        "1.5.211",
        "1.9rc1"
      ],
      "database_specific": {
        "source": "https://github.com/github/advisory-database/blob/main/advisories/github-reviewed/2022/05/GHSA-4433-4cxq-vv73/GHSA-4433-4cxq-vv73.json"
      }
    }
  ],
  "schema_version": "1.6.0"
}