{
  "id": "GHSA-4957-7vhp-7v59",
  "summary": "Deserialization of untrusted data in synthcity",
  "details": "A vulnerability, which was classified as critical, has been found in van_der_Schaar LAB synthcity 0.2.9. Affected by this issue is the function load_from_file of the component PKL File Handler. The manipulation leads to deserialization. The attack may be launched remotely. The exploit has been disclosed to the public and may be used. VDB-252182 is the identifier assigned to this vulnerability. NOTE: The vendor was contacted early and confirmed immediately the existence of the issue. A patch is planned to be released in February 2024.",
  "aliases": [
    "CVE-2024-0937"
  ],
  "modified": "2024-02-16T08:21:24.442156Z",
  "published": "2024-01-26T18:30:34Z",
  "database_specific": {
    "nvd_published_at": "2024-01-26T18:15:10Z",
    "cwe_ids": [
      "CWE-502"
    ],
    "severity": "CRITICAL",
    "github_reviewed": true,
    "github_reviewed_at": "2024-02-02T20:31:47Z"
  },
  "references": [
    {
      "type": "ADVISORY",
      "url": "https://nvd.nist.gov/vuln/detail/CVE-2024-0937"
    },
    {
      "type": "WEB",
      "url": "https://github.com/bayuncao/vul-cve-6"
    },
    {
      "type": "PACKAGE",
      "url": "https://github.com/vanderschaarlab/synthcity"
    },
    {
      "type": "WEB",
      "url": "https://github.com/vanderschaarlab/synthcity/blob/73cfd8ca784f70141fc7f2969221cd3b5737f7b1/src/synthcity/utils/serialization.py#L30"
    },
    {
      "type": "WEB",
      "url": "https://vuldb.com/?ctiid.252182"
    },
    {
      "type": "WEB",
      "url": "https://vuldb.com/?id.252182"
    }
  ],
  "affected": [
    {
      "package": {
        "name": "synthcity",
        "ecosystem": "PyPI",
        "purl": "pkg:pypi/synthcity"
      },
      "ranges": [
        {
          "type": "ECOSYSTEM",
          "events": [
            {
              "introduced": "0"
            },
            {
              "last_affected": "0.2.9"
            }
          ]
        }
      ],
      "versions": [
        "0.0.1",
        "0.0.2",
        "0.0.3",
        "0.1.1",
        "0.1.2",
        "0.1.3",
        "0.1.4",
        "0.1.5",
        "0.1.6",
        "0.1.7",
        "0.1.8",
        "0.1.9",
        "0.2.1",
        "0.2.2",
        "0.2.3",
        "0.2.4",
        "0.2.5",
        "0.2.6",
        "0.2.7",
        "0.2.8",
        "0.2.9"
      ],
      "ecosystem_specific": {
        "affected_functions": [
          "synthcity.utils.serialization.load_from_file"
        ]
      },
      "database_specific": {
        "source": "https://github.com/github/advisory-database/blob/main/advisories/github-reviewed/2024/01/GHSA-4957-7vhp-7v59/GHSA-4957-7vhp-7v59.json"
      }
    }
  ],
  "schema_version": "1.6.0",
  "severity": [
    {
      "type": "CVSS_V3",
      "score": "CVSS:3.1/AV:N/AC:L/PR:N/UI:N/S:U/C:H/I:H/A:H"
    }
  ]
}