{
  "id": "GHSA-4pwq-fj89-6rjc",
  "summary": "Apache Airflow Cross-site Scripting ",
  "details": "In Apache Airflow < 1.10.12, the `origin` parameter passed to some of the endpoints like `/trigger` and was vulnerable to a XSS exploit.",
  "aliases": [
    "BIT-airflow-2020-13944",
    "CVE-2020-13944",
    "PYSEC-2020-19"
  ],
  "modified": "2024-09-11T20:21:22.282588Z",
  "published": "2021-06-18T18:29:54Z",
  "database_specific": {
    "nvd_published_at": "2020-09-17T14:15:00Z",
    "cwe_ids": [
      "CWE-79"
    ],
    "severity": "MODERATE",
    "github_reviewed": true,
    "github_reviewed_at": "2021-05-03T17:35:39Z"
  },
  "references": [
    {
      "type": "ADVISORY",
      "url": "https://nvd.nist.gov/vuln/detail/CVE-2020-13944"
    },
    {
      "type": "WEB",
      "url": "https://github.com/apache/airflow/commit/5c2bb7b0b0e717b11f093910b443243330ad93ca"
    },
    {
      "type": "ADVISORY",
      "url": "https://github.com/advisories/GHSA-4pwq-fj89-6rjc"
    },
    {
      "type": "PACKAGE",
      "url": "https://github.com/apache/airflow"
    },
    {
      "type": "WEB",
      "url": "https://github.com/pypa/advisory-database/tree/main/vulns/apache-airflow/PYSEC-2020-19.yaml"
    },
    {
      "type": "WEB",
      "url": "https://lists.apache.org/thread.html/r2892ef594dbbf54d0939b808626f52f7c2d1584f8aa1d81570847d2a@%3Cannounce.apache.org%3E"
    },
    {
      "type": "WEB",
      "url": "https://lists.apache.org/thread.html/r2892ef594dbbf54d0939b808626f52f7c2d1584f8aa1d81570847d2a@%3Cdev.airflow.apache.org%3E"
    },
    {
      "type": "WEB",
      "url": "https://lists.apache.org/thread.html/r2892ef594dbbf54d0939b808626f52f7c2d1584f8aa1d81570847d2a@%3Cusers.airflow.apache.org%3E"
    },
    {
      "type": "WEB",
      "url": "https://lists.apache.org/thread.html/r4656959c8ed06c1f6202d89aa4e67b35ad7bdba5a666caff3fea888e@%3Cusers.airflow.apache.org%3E"
    },
    {
      "type": "WEB",
      "url": "https://lists.apache.org/thread.html/r97e1b60ca508a86be58c43f405c0c8ff00ba467ba0bee68704ae7e3e%40%3Cdev.airflow.apache.org%3E"
    },
    {
      "type": "WEB",
      "url": "https://lists.apache.org/thread.html/ra8ce70088ba291f358e077cafdb14d174b7a1ce9a9d86d1b332d6367@%3Cusers.airflow.apache.org%3E"
    },
    {
      "type": "WEB",
      "url": "https://lists.apache.org/thread.html/rc005f4de9d9b0ba943ceb8ff5a21a5c6ff8a9df52632476698d99432@%3Cannounce.apache.org%3E"
    },
    {
      "type": "WEB",
      "url": "http://www.openwall.com/lists/oss-security/2020/12/11/2"
    },
    {
      "type": "WEB",
      "url": "http://www.openwall.com/lists/oss-security/2021/05/01/2"
    }
  ],
  "affected": [
    {
      "package": {
        "name": "apache-airflow",
        "ecosystem": "PyPI",
        "purl": "pkg:pypi/apache-airflow"
      },
      "ranges": [
        {
          "type": "ECOSYSTEM",
          "events": [
            {
              "introduced": "0"
            },
            {
              "fixed": "1.10.12"
            }
          ]
        }
      ],
      "versions": [
        "1.10.0",
        "1.10.1",
        "1.10.10",
        "1.10.10rc1",
        "1.10.10rc2",
        "1.10.10rc3",
        "1.10.10rc4",
        "1.10.10rc5",
        "1.10.11",
        "1.10.11rc1",
        "1.10.11rc2",
        "1.10.12rc1",
        "1.10.12rc2",
        "1.10.12rc3",
        "1.10.12rc4",
        "1.10.1b1",
        "1.10.1rc2",
        "1.10.2",
        "1.10.2b2",
        "1.10.2rc1",
        "1.10.2rc2",
        "1.10.2rc3",
        "1.10.3",
        "1.10.3b1",
        "1.10.3b2",
        "1.10.3rc1",
        "1.10.3rc2",
        "1.10.4",
        "1.10.4b2",
        "1.10.4rc1",
        "1.10.4rc2",
        "1.10.4rc3",
        "1.10.4rc4",
        "1.10.4rc5",
        "1.10.5",
        "1.10.5rc1",
        "1.10.6",
        "1.10.6rc1",
        "1.10.6rc2",
        "1.10.7",
        "1.10.7rc1",
        "1.10.7rc2",
        "1.10.7rc3",
        "1.10.8",
        "1.10.8rc1",
        "1.10.9",
        "1.10.9rc1",
        "1.8.1",
        "1.8.2",
        "1.8.2rc1",
        "1.9.0"
      ],
      "database_specific": {
        "source": "https://github.com/github/advisory-database/blob/main/advisories/github-reviewed/2021/06/GHSA-4pwq-fj89-6rjc/GHSA-4pwq-fj89-6rjc.json"
      }
    }
  ],
  "schema_version": "1.6.0",
  "severity": [
    {
      "type": "CVSS_V3",
      "score": "CVSS:3.1/AV:N/AC:L/PR:N/UI:R/S:C/C:L/I:L/A:N"
    },
    {
      "type": "CVSS_V4",
      "score": "CVSS:4.0/AV:N/AC:L/AT:N/PR:N/UI:P/VC:N/VI:N/VA:N/SC:L/SI:L/SA:N"
    }
  ]
}