{
  "id": "GHSA-3h4m-m55v-gx4m",
  "summary": "Apache Airflow Improper Input Validation vulnerability",
  "details": "Apache Airflow, versions before 2.6.3, has a vulnerability where an authenticated user can use crafted input to make the current request hang.\u00a0It is recommended to upgrade to a version that is not affected",
  "aliases": [
    "BIT-airflow-2023-36543",
    "CVE-2023-36543",
    "PYSEC-2023-106"
  ],
  "modified": "2024-09-12T20:52:55.675325Z",
  "published": "2023-07-12T12:31:36Z",
  "database_specific": {
    "nvd_published_at": "2023-07-12T10:15:10Z",
    "cwe_ids": [
      "CWE-1333",
      "CWE-20"
    ],
    "severity": "MODERATE",
    "github_reviewed": true,
    "github_reviewed_at": "2023-07-12T17:30:47Z"
  },
  "references": [
    {
      "type": "ADVISORY",
      "url": "https://nvd.nist.gov/vuln/detail/CVE-2023-36543"
    },
    {
      "type": "WEB",
      "url": "https://github.com/apache/airflow/pull/32060"
    },
    {
      "type": "WEB",
      "url": "https://github.com/apache/airflow/commit/116e607ddcb32480e57c342f48226545ac6fc315"
    },
    {
      "type": "PACKAGE",
      "url": "https://github.com/apache/airflow"
    },
    {
      "type": "WEB",
      "url": "https://github.com/pypa/advisory-database/tree/main/vulns/apache-airflow/PYSEC-2023-106.yaml"
    },
    {
      "type": "WEB",
      "url": "https://lists.apache.org/thread/tokfs980504ylgk3cv3hjlnrtbv4tng4"
    }
  ],
  "affected": [
    {
      "package": {
        "name": "apache-airflow",
        "ecosystem": "PyPI",
        "purl": "pkg:pypi/apache-airflow"
      },
      "ranges": [
        {
          "type": "ECOSYSTEM",
          "events": [
            {
              "introduced": "0"
            },
            {
              "fixed": "2.6.3"
            }
          ]
        }
      ],
      "versions": [
        "1.10.0",
        "1.10.1",
        "1.10.10",
        "1.10.10rc1",
        "1.10.10rc2",
        "1.10.10rc3",
        "1.10.10rc4",
        "1.10.10rc5",
        "1.10.11",
        "1.10.11rc1",
        "1.10.11rc2",
        "1.10.12",
        "1.10.12rc1",
        "1.10.12rc2",
        "1.10.12rc3",
        "1.10.12rc4",
        "1.10.13",
        "1.10.13rc1",
        "1.10.14",
        "1.10.14rc1",
        "1.10.14rc2",
        "1.10.14rc3",
        "1.10.14rc4",
        "1.10.15",
        "1.10.15rc1",
        "1.10.1b1",
        "1.10.1rc2",
        "1.10.2",
        "1.10.2b2",
        "1.10.2rc1",
        "1.10.2rc2",
        "1.10.2rc3",
        "1.10.3",
        "1.10.3b1",
        "1.10.3b2",
        "1.10.3rc1",
        "1.10.3rc2",
        "1.10.4",
        "1.10.4b2",
        "1.10.4rc1",
        "1.10.4rc2",
        "1.10.4rc3",
        "1.10.4rc4",
        "1.10.4rc5",
        "1.10.5",
        "1.10.5rc1",
        "1.10.6",
        "1.10.6rc1",
        "1.10.6rc2",
        "1.10.7",
        "1.10.7rc1",
        "1.10.7rc2",
        "1.10.7rc3",
        "1.10.8",
        "1.10.8rc1",
        "1.10.9",
        "1.10.9rc1",
        "1.8.1",
        "1.8.2",
        "1.8.2rc1",
        "1.9.0",
        "2.0.0",
        "2.0.0b1",
        "2.0.0b2",
        "2.0.0b3",
        "2.0.0rc1",
        "2.0.0rc2",
        "2.0.0rc3",
        "2.0.1",
        "2.0.1rc1",
        "2.0.1rc2",
        "2.0.2",
        "2.0.2rc1",
        "2.1.0",
        "2.1.0rc1",
        "2.1.0rc2",
        "2.1.1",
        "2.1.1rc1",
        "2.1.2",
        "2.1.2rc1",
        "2.1.3",
        "2.1.3rc1",
        "2.1.4",
        "2.1.4rc1",
        "2.1.4rc2",
        "2.2.0",
        "2.2.0b1",
        "2.2.0b2",
        "2.2.0rc1",
        "2.2.1",
        "2.2.1rc1",
        "2.2.1rc2",
        "2.2.2",
        "2.2.2rc1",
        "2.2.2rc2",
        "2.2.3",
        "2.2.3rc1",
        "2.2.3rc2",
        "2.2.4",
        "2.2.4rc1",
        "2.2.5",
        "2.2.5rc1",
        "2.2.5rc2",
        "2.2.5rc3",
        "2.3.0",
        "2.3.0b1",
        "2.3.0rc1",
        "2.3.0rc2",
        "2.3.1",
        "2.3.1rc1",
        "2.3.2",
        "2.3.2rc1",
        "2.3.2rc2",
        "2.3.3",
        "2.3.3rc1",
        "2.3.3rc2",
        "2.3.3rc3",
        "2.3.4",
        "2.3.4rc1",
        "2.4.0",
        "2.4.0b1",
        "2.4.0rc1",
        "2.4.1",
        "2.4.1rc1",
        "2.4.2",
        "2.4.2rc1",
        "2.4.3",
        "2.4.3rc1",
        "2.5.0",
        "2.5.0rc1",
        "2.5.0rc2",
        "2.5.0rc3",
        "2.5.1",
        "2.5.1rc1",
        "2.5.1rc2",
        "2.5.2",
        "2.5.2rc1",
        "2.5.2rc2",
        "2.5.3",
        "2.5.3rc1",
        "2.5.3rc2",
        "2.6.0",
        "2.6.0b1",
        "2.6.0rc1",
        "2.6.0rc2",
        "2.6.0rc3",
        "2.6.0rc4",
        "2.6.0rc5",
        "2.6.1",
        "2.6.1rc1",
        "2.6.1rc2",
        "2.6.1rc3",
        "2.6.2",
        "2.6.2rc1",
        "2.6.2rc2",
        "2.6.3rc1"
      ],
      "database_specific": {
        "source": "https://github.com/github/advisory-database/blob/main/advisories/github-reviewed/2023/07/GHSA-3h4m-m55v-gx4m/GHSA-3h4m-m55v-gx4m.json"
      }
    }
  ],
  "schema_version": "1.6.0",
  "severity": [
    {
      "type": "CVSS_V3",
      "score": "CVSS:3.1/AV:N/AC:L/PR:L/UI:N/S:U/C:N/I:N/A:H"
    },
    {
      "type": "CVSS_V4",
      "score": "CVSS:4.0/AV:N/AC:L/AT:N/PR:L/UI:N/VC:N/VI:N/VA:H/SC:N/SI:N/SA:N"
    }
  ]
}