{
  "id": "GHSA-2fc2-6r4j-p65h",
  "summary": "Numpy arbitrary file write via symlink attack",
  "details": "(1) core/tests/test_memmap.py, (2) core/tests/test_multiarray.py, (3) f2py/f2py2e.py, and (4) lib/tests/test_io.py in NumPy before 1.8.1 allow local users to write to arbitrary files via a symlink attack on a temporary file.",
  "aliases": [
    "CVE-2014-1859",
    "PYSEC-2018-34"
  ],
  "modified": "2023-11-08T03:57:35.369858Z",
  "published": "2022-05-14T01:08:34Z",
  "database_specific": {
    "nvd_published_at": "2018-01-08T19:29:00Z",
    "github_reviewed_at": "2022-06-17T21:06:08Z",
    "severity": "MODERATE",
    "github_reviewed": true,
    "cwe_ids": [
      "CWE-59"
    ]
  },
  "references": [
    {
      "type": "ADVISORY",
      "url": "https://nvd.nist.gov/vuln/detail/CVE-2014-1859"
    },
    {
      "type": "WEB",
      "url": "https://github.com/numpy/numpy/pull/4262"
    },
    {
      "type": "WEB",
      "url": "https://github.com/numpy/numpy/commit/0bb46c1448b0d3f5453d5182a17ea7ac5854ee15"
    },
    {
      "type": "WEB",
      "url": "https://bugs.debian.org/cgi-bin/bugreport.cgi?bug=737778"
    },
    {
      "type": "WEB",
      "url": "https://bugzilla.redhat.com/show_bug.cgi?id=1062009"
    },
    {
      "type": "WEB",
      "url": "https://exchange.xforce.ibmcloud.com/vulnerabilities/91317"
    },
    {
      "type": "ADVISORY",
      "url": "https://github.com/advisories/GHSA-2fc2-6r4j-p65h"
    },
    {
      "type": "PACKAGE",
      "url": "https://github.com/numpy/numpy"
    },
    {
      "type": "WEB",
      "url": "https://github.com/numpy/numpy/blob/maintenance/1.8.x/doc/release/1.8.1-notes.rst"
    },
    {
      "type": "WEB",
      "url": "https://github.com/pypa/advisory-database/tree/main/vulns/numpy/PYSEC-2018-34.yaml"
    },
    {
      "type": "WEB",
      "url": "http://lists.fedoraproject.org/pipermail/package-announce/2014-February/128358.html"
    },
    {
      "type": "WEB",
      "url": "http://lists.fedoraproject.org/pipermail/package-announce/2014-February/128781.html"
    },
    {
      "type": "WEB",
      "url": "http://www.openwall.com/lists/oss-security/2014/02/08/3"
    },
    {
      "type": "WEB",
      "url": "http://www.securityfocus.com/bid/65440"
    }
  ],
  "affected": [
    {
      "package": {
        "name": "numpy",
        "ecosystem": "PyPI",
        "purl": "pkg:pypi/numpy"
      },
      "ranges": [
        {
          "type": "ECOSYSTEM",
          "events": [
            {
              "introduced": "0"
            },
            {
              "fixed": "1.8.1"
            }
          ]
        }
      ],
      "versions": [
        "0.9.6",
        "0.9.8",
        "1.0",
        "1.0.3",
        "1.0.4",
        "1.0b1",
        "1.0b4",
        "1.0b5",
        "1.0rc1",
        "1.0rc2",
        "1.0rc3",
        "1.1.1",
        "1.2.0",
        "1.2.1",
        "1.3.0",
        "1.4.0",
        "1.4.1",
        "1.5.0",
        "1.5.1",
        "1.6.0",
        "1.6.1",
        "1.6.2",
        "1.7.0",
        "1.7.1",
        "1.7.2",
        "1.8.0"
      ],
      "database_specific": {
        "source": "https://github.com/github/advisory-database/blob/main/advisories/github-reviewed/2022/05/GHSA-2fc2-6r4j-p65h/GHSA-2fc2-6r4j-p65h.json"
      }
    }
  ],
  "schema_version": "1.6.0",
  "severity": [
    {
      "type": "CVSS_V3",
      "score": "CVSS:3.0/AV:L/AC:L/PR:L/UI:N/S:U/C:N/I:H/A:N"
    }
  ]
}