{
  "id": "GHSA-2rp8-hff9-c5wr",
  "summary": "PaddlePaddle Path Traversal vulnerability",
  "details": "Arbitrary File Overwrite Via Path Traversal in paddlepaddle/paddle before 2.6",
  "aliases": [
    "CVE-2024-0818"
  ],
  "modified": "2024-03-07T17:56:43.804413Z",
  "published": "2024-03-07T15:30:38Z",
  "database_specific": {
    "nvd_published_at": "2024-03-07T13:15:07Z",
    "cwe_ids": [
      "CWE-22"
    ],
    "severity": "CRITICAL",
    "github_reviewed": true,
    "github_reviewed_at": "2024-03-07T17:41:22Z"
  },
  "references": [
    {
      "type": "ADVISORY",
      "url": "https://nvd.nist.gov/vuln/detail/CVE-2024-0818"
    },
    {
      "type": "WEB",
      "url": "https://github.com/PaddlePaddle/Paddle/commit/5c50d1a8b97b310cbc36560ec36d8377d6f29d7c"
    },
    {
      "type": "PACKAGE",
      "url": "https://github.com/PaddlePaddle/Paddle"
    },
    {
      "type": "WEB",
      "url": "https://huntr.com/bounties/85b06a1b-ac0b-4096-a06d-330891570cd9"
    }
  ],
  "affected": [
    {
      "package": {
        "name": "paddlepaddle",
        "ecosystem": "PyPI",
        "purl": "pkg:pypi/paddlepaddle"
      },
      "ranges": [
        {
          "type": "ECOSYSTEM",
          "events": [
            {
              "introduced": "0"
            },
            {
              "last_affected": "2.6.0"
            }
          ]
        }
      ],
      "versions": [
        "1.8.5",
        "2.1.0",
        "2.1.1",
        "2.1.2",
        "2.1.3",
        "2.2.0",
        "2.2.0rc0",
        "2.2.1",
        "2.2.2",
        "2.3.0",
        "2.3.0rc0",
        "2.3.1",
        "2.3.2",
        "2.4.0",
        "2.4.0rc0",
        "2.4.1",
        "2.4.2",
        "2.5.0",
        "2.5.0rc0",
        "2.5.0rc1",
        "2.5.1",
        "2.5.2",
        "2.6.0"
      ],
      "database_specific": {
        "source": "https://github.com/github/advisory-database/blob/main/advisories/github-reviewed/2024/03/GHSA-2rp8-hff9-c5wr/GHSA-2rp8-hff9-c5wr.json"
      }
    }
  ],
  "schema_version": "1.6.0",
  "severity": [
    {
      "type": "CVSS_V3",
      "score": "CVSS:3.0/AV:N/AC:L/PR:N/UI:N/S:U/C:N/I:H/A:H"
    }
  ]
}