{
  "id": "GHSA-4hwq-4cpm-8vmx",
  "summary": "Vyper's `extract32` can ready dirty memory",
  "details": "### Summary\n\nWhen using the built-in `extract32(b, start)`, if the `start` index provided has for side effect to update `b`, the byte array to extract `32` bytes from, it could be that some dirty memory is read and returned by `extract32`.\n\n### Details\n\nBefore evaluating `start`, the function `Extract32.build_IR` caches only:\n\n- The pointer in memory/storage to `b`: https://github.com/vyperlang/vyper/blob/10564dcc37756f3d3684b7a91fd8f4325a38c4d8/vyper/builtins/functions.py#L916-L918\n- The length of `b`: https://github.com/vyperlang/vyper/blob/10564dcc37756f3d3684b7a91fd8f4325a38c4d8/vyper/builtins/functions.py#L920-L922\n\nbut do not cache the actual content of `b`. This means that if the evaluation of `start` changes `b`'s content and length, an outdated length will be used with the new content when extracting 32 bytes from `b`.\n\n### PoC\n\nCalling the function `foo` of the following contract returns `b'uuuuuuuuuuuuuuuuuuuuuuuuuuu\\x00\\x00789'` meaning that `extract32` accessed some dirty memory.\n\n```Vyper\nvar:Bytes[96]\n\n@internal\ndef bar() -> uint256:\n    self.var = b'uuuuuuuuuuuuuuuuuuuuuuuuuuuuuu'\n    self.var = b''\n    return 3\n\n@external\ndef foo() -> bytes32:\n    self.var = b'abcdefghijklmnopqrstuvwxyz123456789'\n    return extract32(self.var, self.bar(), output_type=bytes32)\n    # returns b'uuuuuuuuuuuuuuuuuuuuuuuuuuu\\x00\\x00789'\n```\n\n### Impact\n\nFor contracts that are affected, it means that calling `extract32` returns dirty memory bytes instead of some expected output.",
  "aliases": [
    "CVE-2024-24564"
  ],
  "modified": "2024-02-26T22:16:12.849868Z",
  "published": "2024-02-26T20:11:35Z",
  "database_specific": {
    "nvd_published_at": "2024-02-26T20:19:05Z",
    "cwe_ids": [
      "CWE-125"
    ],
    "severity": "LOW",
    "github_reviewed": true,
    "github_reviewed_at": "2024-02-26T20:11:35Z"
  },
  "references": [
    {
      "type": "WEB",
      "url": "https://github.com/vyperlang/vyper/security/advisories/GHSA-4hwq-4cpm-8vmx"
    },
    {
      "type": "ADVISORY",
      "url": "https://nvd.nist.gov/vuln/detail/CVE-2024-24564"
    },
    {
      "type": "PACKAGE",
      "url": "https://github.com/vyperlang/vyper"
    },
    {
      "type": "WEB",
      "url": "https://github.com/vyperlang/vyper/blob/10564dcc37756f3d3684b7a91fd8f4325a38c4d8/vyper/builtins/functions.py#L916-L918"
    },
    {
      "type": "WEB",
      "url": "https://github.com/vyperlang/vyper/blob/10564dcc37756f3d3684b7a91fd8f4325a38c4d8/vyper/builtins/functions.py#L920-L922"
    }
  ],
  "affected": [
    {
      "package": {
        "name": "vyper",
        "ecosystem": "PyPI",
        "purl": "pkg:pypi/vyper"
      },
      "ranges": [
        {
          "type": "ECOSYSTEM",
          "events": [
            {
              "introduced": "0"
            },
            {
              "last_affected": "0.3.10"
            }
          ]
        }
      ],
      "versions": [
        "0.1.0b1",
        "0.1.0b10",
        "0.1.0b11",
        "0.1.0b12",
        "0.1.0b13",
        "0.1.0b14",
        "0.1.0b15",
        "0.1.0b16",
        "0.1.0b17",
        "0.1.0b2",
        "0.1.0b3",
        "0.1.0b4",
        "0.1.0b5",
        "0.1.0b6",
        "0.1.0b7",
        "0.1.0b8",
        "0.1.0b9",
        "0.2.1",
        "0.2.10",
        "0.2.11",
        "0.2.12",
        "0.2.13",
        "0.2.14",
        "0.2.15",
        "0.2.16",
        "0.2.2",
        "0.2.3",
        "0.2.4",
        "0.2.5",
        "0.2.6",
        "0.2.7",
        "0.2.8",
        "0.2.9",
        "0.3.0",
        "0.3.1",
        "0.3.10",
        "0.3.10rc1",
        "0.3.10rc2",
        "0.3.10rc3",
        "0.3.10rc4",
        "0.3.10rc5",
        "0.3.2",
        "0.3.3",
        "0.3.4",
        "0.3.5",
        "0.3.6",
        "0.3.7",
        "0.3.8",
        "0.3.9"
      ],
      "database_specific": {
        "source": "https://github.com/github/advisory-database/blob/main/advisories/github-reviewed/2024/02/GHSA-4hwq-4cpm-8vmx/GHSA-4hwq-4cpm-8vmx.json"
      }
    }
  ],
  "schema_version": "1.6.0",
  "severity": [
    {
      "type": "CVSS_V3",
      "score": "CVSS:3.1/AV:N/AC:H/PR:N/UI:N/S:U/C:L/I:N/A:N"
    }
  ]
}