{
  "id": "GHSA-3jhc-wjqf-5f2c",
  "summary": "Virtualenv Allows Symlink Attack on /tmp/",
  "details": "virtualenv.py in virtualenv before 1.5 allows local users to overwrite arbitrary files via a symlink attack on a certain file in /tmp/.",
  "aliases": [
    "CVE-2011-4617",
    "PYSEC-2011-23"
  ],
  "modified": "2024-02-16T08:22:48.598040Z",
  "published": "2022-05-17T05:35:07Z",
  "database_specific": {
    "nvd_published_at": "2011-12-31T01:55:00Z",
    "cwe_ids": [
      "CWE-59"
    ],
    "severity": "LOW",
    "github_reviewed": true,
    "github_reviewed_at": "2024-01-19T17:40:42Z"
  },
  "references": [
    {
      "type": "ADVISORY",
      "url": "https://nvd.nist.gov/vuln/detail/CVE-2011-4617"
    },
    {
      "type": "WEB",
      "url": "https://github.com/pypa/virtualenv/commit/68075ad9ededf7df2c46d385f836c13b729de2ca"
    },
    {
      "type": "PACKAGE",
      "url": "https://github.com/pypa/virtualenv"
    },
    {
      "type": "WEB",
      "url": "https://web.archive.org/web/20200228151935/https://bitbucket.org/ianb/virtualenv/commits/8be37c509fe5"
    },
    {
      "type": "WEB",
      "url": "http://lists.fedoraproject.org/pipermail/package-announce/2012-January/071638.html"
    },
    {
      "type": "WEB",
      "url": "http://lists.fedoraproject.org/pipermail/package-announce/2012-January/071643.html"
    },
    {
      "type": "WEB",
      "url": "http://openwall.com/lists/oss-security/2011/12/19/2"
    },
    {
      "type": "WEB",
      "url": "http://openwall.com/lists/oss-security/2011/12/19/4"
    },
    {
      "type": "WEB",
      "url": "http://openwall.com/lists/oss-security/2011/12/19/5"
    }
  ],
  "affected": [
    {
      "package": {
        "name": "virtualenv",
        "ecosystem": "PyPI",
        "purl": "pkg:pypi/virtualenv"
      },
      "ranges": [
        {
          "type": "ECOSYSTEM",
          "events": [
            {
              "introduced": "0"
            },
            {
              "fixed": "1.5"
            }
          ]
        }
      ],
      "versions": [
        "0.8",
        "0.8.1",
        "0.8.2",
        "0.8.3",
        "0.8.4",
        "0.9",
        "0.9.1",
        "0.9.2",
        "1.0",
        "1.1",
        "1.2",
        "1.3",
        "1.3.1",
        "1.3.2",
        "1.3.3",
        "1.3.4",
        "1.4",
        "1.4.1",
        "1.4.2",
        "1.4.3",
        "1.4.4",
        "1.4.5",
        "1.4.6",
        "1.4.7",
        "1.4.8",
        "1.4.9",
        "1.4rc1"
      ],
      "database_specific": {
        "source": "https://github.com/github/advisory-database/blob/main/advisories/github-reviewed/2022/05/GHSA-3jhc-wjqf-5f2c/GHSA-3jhc-wjqf-5f2c.json"
      }
    }
  ],
  "schema_version": "1.6.0"
}