{
  "id": "GHSA-4fgp-7vvm-m4jf",
  "summary": "Refuel Autolab Eval Injection vulnerability",
  "details": "An arbitrary code execution vulnerability exists in versions 0.0.8 and newer of the Refuel Autolabel library because of the way its multilabel classification tasks handle provided CSV files. If a user creates a multilabel classification task using a maliciously crafted CSV file containing Python code, the code will be passed to an eval function which executes it.",
  "aliases": [
    "CVE-2024-27321"
  ],
  "modified": "2024-09-12T20:12:16.086515Z",
  "published": "2024-09-12T15:33:00Z",
  "database_specific": {
    "nvd_published_at": "2024-09-12T13:15:12Z",
    "cwe_ids": [
      "CWE-95"
    ],
    "severity": "HIGH",
    "github_reviewed": true,
    "github_reviewed_at": "2024-09-12T19:49:50Z"
  },
  "references": [
    {
      "type": "ADVISORY",
      "url": "https://nvd.nist.gov/vuln/detail/CVE-2024-27321"
    },
    {
      "type": "PACKAGE",
      "url": "https://github.com/refuel-ai/autolabel"
    },
    {
      "type": "WEB",
      "url": "https://github.com/refuel-ai/autolabel/blob/v0.0.16/src/autolabel/dataset/validation.py#L129-L146"
    },
    {
      "type": "WEB",
      "url": "https://hiddenlayer.com/sai-security-advisory/2024-09-autolabel"
    }
  ],
  "affected": [
    {
      "package": {
        "name": "refuel-autolabel",
        "ecosystem": "PyPI",
        "purl": "pkg:pypi/refuel-autolabel"
      },
      "ranges": [
        {
          "type": "ECOSYSTEM",
          "events": [
            {
              "introduced": "0.0.8"
            },
            {
              "last_affected": "0.0.16"
            }
          ]
        }
      ],
      "versions": [
        "0.0.10",
        "0.0.11",
        "0.0.12",
        "0.0.13",
        "0.0.14",
        "0.0.15",
        "0.0.16",
        "0.0.8",
        "0.0.9"
      ],
      "database_specific": {
        "source": "https://github.com/github/advisory-database/blob/main/advisories/github-reviewed/2024/09/GHSA-4fgp-7vvm-m4jf/GHSA-4fgp-7vvm-m4jf.json"
      }
    }
  ],
  "schema_version": "1.6.0",
  "severity": [
    {
      "type": "CVSS_V3",
      "score": "CVSS:3.1/AV:L/AC:L/PR:N/UI:R/S:U/C:H/I:H/A:H"
    },
    {
      "type": "CVSS_V4",
      "score": "CVSS:4.0/AV:N/AC:L/AT:N/PR:L/UI:P/VC:H/VI:H/VA:H/SC:N/SI:N/SA:N"
    }
  ]
}