{
  "id": "GHSA-37cf-r3w2-gjfw",
  "summary": "django-nopassword stores secrets in cleartext ",
  "details": "django-nopassword before 5.0.0 stores cleartext secrets in the database.",
  "aliases": [
    "CVE-2019-10682",
    "PYSEC-2020-229"
  ],
  "modified": "2024-02-16T08:23:40.802360Z",
  "published": "2020-06-05T16:09:19Z",
  "database_specific": {
    "nvd_published_at": "2020-03-18T15:15:00Z",
    "cwe_ids": [
      "CWE-312",
      "CWE-522"
    ],
    "severity": "HIGH",
    "github_reviewed": true,
    "github_reviewed_at": "2020-06-04T18:34:53Z"
  },
  "references": [
    {
      "type": "ADVISORY",
      "url": "https://nvd.nist.gov/vuln/detail/CVE-2019-10682"
    },
    {
      "type": "WEB",
      "url": "https://github.com/relekang/django-nopassword/commit/d8b4615f5fbfe3997d96cf4cb3e342406396193c"
    },
    {
      "type": "PACKAGE",
      "url": "https://github.com/relekang/django-nopassword"
    },
    {
      "type": "WEB",
      "url": "https://github.com/relekang/django-nopassword/blob/8e8cfc765ee00adfed120c2c79bf71ef856e9022/nopassword/models.py#L14"
    },
    {
      "type": "WEB",
      "url": "https://github.com/relekang/django-nopassword/compare/v4.0.1...v5.0.0"
    }
  ],
  "affected": [
    {
      "package": {
        "name": "django-nopassword",
        "ecosystem": "PyPI",
        "purl": "pkg:pypi/django-nopassword"
      },
      "ranges": [
        {
          "type": "ECOSYSTEM",
          "events": [
            {
              "introduced": "0"
            },
            {
              "fixed": "5.0.0"
            }
          ]
        }
      ],
      "versions": [
        "0.1.2",
        "0.2",
        "0.3",
        "0.3.1",
        "0.3.2",
        "0.3.3",
        "0.4",
        "0.4.1",
        "0.4.2",
        "0.4.3",
        "0.5.0",
        "0.6.0",
        "0.7.0",
        "0.8.0",
        "1.0.0",
        "1.1.0",
        "1.2.0",
        "1.3.0",
        "1.3.1",
        "2.0.0",
        "2.1.0",
        "2.1.1",
        "3.0.0",
        "3.0.1",
        "3.0.2",
        "4.0.0",
        "4.0.1",
        "4.0.2"
      ],
      "database_specific": {
        "source": "https://github.com/github/advisory-database/blob/main/advisories/github-reviewed/2020/06/GHSA-37cf-r3w2-gjfw/GHSA-37cf-r3w2-gjfw.json"
      }
    }
  ],
  "schema_version": "1.6.0",
  "severity": [
    {
      "type": "CVSS_V3",
      "score": "CVSS:3.1/AV:N/AC:L/PR:N/UI:N/S:U/C:H/I:N/A:N"
    }
  ]
}