{
  "id": "GHSA-4m72-rmm9-2qjr",
  "summary": "Moderate severity vulnerability that affects feedparser",
  "details": "Cross-site scripting (XSS) vulnerability in feedparser.py in Universal Feed Parser (aka feedparser or python-feedparser) 5.x before 5.0.1 allows remote attackers to inject arbitrary web script or HTML via an unexpected URI scheme, as demonstrated by a javascript: URI.",
  "aliases": [
    "CVE-2011-1158",
    "PYSEC-2011-21"
  ],
  "modified": "2023-11-08T03:56:58.969925Z",
  "published": "2018-07-23T19:51:43Z",
  "database_specific": {
    "nvd_published_at": null,
    "github_reviewed_at": "2020-06-16T20:58:31Z",
    "severity": "MODERATE",
    "github_reviewed": true,
    "cwe_ids": [
      "CWE-79"
    ]
  },
  "references": [
    {
      "type": "ADVISORY",
      "url": "https://nvd.nist.gov/vuln/detail/CVE-2011-1158"
    },
    {
      "type": "WEB",
      "url": "https://bugzilla.novell.com/show_bug.cgi?id=680074"
    },
    {
      "type": "WEB",
      "url": "https://bugzilla.redhat.com/show_bug.cgi?id=684877"
    },
    {
      "type": "WEB",
      "url": "https://code.google.com/p/feedparser/issues/detail?id=255"
    },
    {
      "type": "ADVISORY",
      "url": "https://github.com/advisories/GHSA-4m72-rmm9-2qjr"
    },
    {
      "type": "WEB",
      "url": "http://lists.opensuse.org/opensuse-updates/2011-04/msg00026.html"
    },
    {
      "type": "WEB",
      "url": "http://openwall.com/lists/oss-security/2011/03/14/18"
    },
    {
      "type": "WEB",
      "url": "http://openwall.com/lists/oss-security/2011/03/15/11"
    },
    {
      "type": "WEB",
      "url": "http://secunia.com/advisories/43730"
    },
    {
      "type": "WEB",
      "url": "http://secunia.com/advisories/44074"
    },
    {
      "type": "WEB",
      "url": "http://support.novell.com/security/cve/CVE-2011-1158.html"
    },
    {
      "type": "WEB",
      "url": "http://www.mandriva.com/security/advisories?name=MDVSA-2011:082"
    },
    {
      "type": "WEB",
      "url": "http://www.securityfocus.com/bid/46867"
    }
  ],
  "affected": [
    {
      "package": {
        "name": "feedparser",
        "ecosystem": "PyPI",
        "purl": "pkg:pypi/feedparser"
      },
      "ranges": [
        {
          "type": "ECOSYSTEM",
          "events": [
            {
              "introduced": "5.0"
            },
            {
              "fixed": "5.0.1"
            }
          ]
        }
      ],
      "versions": [
        "5.0"
      ],
      "database_specific": {
        "source": "https://github.com/github/advisory-database/blob/main/advisories/github-reviewed/2018/07/GHSA-4m72-rmm9-2qjr/GHSA-4m72-rmm9-2qjr.json"
      }
    }
  ],
  "schema_version": "1.6.0"
}