{
  "id": "GHSA-3c5c-7235-994j",
  "summary": "Pillow buffer overflow in ImagingPcdDecode",
  "details": "Buffer overflow in the `ImagingPcdDecode` function in `PcdDecode.c` in Pillow before 3.1.1 and Python Imaging Library (PIL) 1.1.7 and earlier allows remote attackers to cause a denial of service (crash) via a crafted PhotoCD file.",
  "aliases": [
    "CVE-2016-2533"
  ],
  "modified": "2024-02-16T08:15:08.540488Z",
  "published": "2018-07-24T20:15:13Z",
  "database_specific": {
    "nvd_published_at": null,
    "cwe_ids": [
      "CWE-119"
    ],
    "severity": "MODERATE",
    "github_reviewed": true,
    "github_reviewed_at": "2020-06-16T20:54:46Z"
  },
  "references": [
    {
      "type": "ADVISORY",
      "url": "https://nvd.nist.gov/vuln/detail/CVE-2016-2533"
    },
    {
      "type": "WEB",
      "url": "https://github.com/python-pillow/Pillow/pull/1706"
    },
    {
      "type": "WEB",
      "url": "https://github.com/python-pillow/Pillow/commit/5bdf54b5a76b54fb00bd05f2d733e0a4173eefc9#diff-8ff6909c159597e22288ad818938fd6b"
    },
    {
      "type": "WEB",
      "url": "https://github.com/python-pillow/Pillow/commit/ae453aa18b66af54e7ff716f4ccb33adca60afd4#diff-8ff6909c159597e22288ad818938fd6b"
    },
    {
      "type": "ADVISORY",
      "url": "https://github.com/advisories/GHSA-3c5c-7235-994j"
    },
    {
      "type": "PACKAGE",
      "url": "https://github.com/python-pillow/Pillow"
    },
    {
      "type": "WEB",
      "url": "https://github.com/python-pillow/Pillow/blob/c3cb690fed5d4bf0c45576759de55d054916c165/CHANGES.rst?plain=1#L53"
    },
    {
      "type": "WEB",
      "url": "https://security.gentoo.org/glsa/201612-52"
    },
    {
      "type": "WEB",
      "url": "http://www.debian.org/security/2016/dsa-3499"
    },
    {
      "type": "WEB",
      "url": "http://www.openwall.com/lists/oss-security/2016/02/02/5"
    },
    {
      "type": "WEB",
      "url": "http://www.openwall.com/lists/oss-security/2016/02/22/2"
    },
    {
      "type": "WEB",
      "url": "http://www.oracle.com/technetwork/topics/security/bulletinjan2016-2867206.html"
    }
  ],
  "affected": [
    {
      "package": {
        "name": "pillow",
        "ecosystem": "PyPI",
        "purl": "pkg:pypi/pillow"
      },
      "ranges": [
        {
          "type": "ECOSYSTEM",
          "events": [
            {
              "introduced": "0"
            },
            {
              "fixed": "3.1.1"
            }
          ]
        }
      ],
      "versions": [
        "1.0",
        "1.1",
        "1.2",
        "1.3",
        "1.4",
        "1.5",
        "1.6",
        "1.7.0",
        "1.7.1",
        "1.7.2",
        "1.7.3",
        "1.7.4",
        "1.7.5",
        "1.7.6",
        "1.7.7",
        "1.7.8",
        "2.0.0",
        "2.1.0",
        "2.2.0",
        "2.2.1",
        "2.2.2",
        "2.3.0",
        "2.3.1",
        "2.3.2",
        "2.4.0",
        "2.5.0",
        "2.5.1",
        "2.5.2",
        "2.5.3",
        "2.6.0",
        "2.6.1",
        "2.6.2",
        "2.7.0",
        "2.8.0",
        "2.8.1",
        "2.8.2",
        "2.9.0",
        "3.0.0",
        "3.1.0",
        "3.1.0.rc1",
        "3.1.0rc1"
      ],
      "database_specific": {
        "source": "https://github.com/github/advisory-database/blob/main/advisories/github-reviewed/2018/07/GHSA-3c5c-7235-994j/GHSA-3c5c-7235-994j.json"
      }
    }
  ],
  "schema_version": "1.6.0",
  "severity": [
    {
      "type": "CVSS_V3",
      "score": "CVSS:3.0/AV:N/AC:L/PR:N/UI:R/S:U/C:N/I:N/A:H"
    }
  ]
}