{
  "id": "GHSA-2wmv-37vq-52g5",
  "summary": "FPE in `tf.raw_ops.UnravelIndex`",
  "details": "### Impact\nAn attacker can cause denial of service in applications serving models using `tf.raw_ops.UnravelIndex` by triggering a division by 0:\n\n```python\nimport tensorflow as tf\n\ntf.raw_ops.UnravelIndex(indices=-1, dims=[1,0,2])\n```\n  \nThe [implementation](https://github.com/tensorflow/tensorflow/blob/460e000de3a83278fb00b61a16d161b1964f15f4/tensorflow/core/kernels/unravel_index_op.cc#L36) does not check that the tensor subsumed by `dims` is not empty. Hence, if one element of `dims` is 0, the implementation does a division by 0.\n\n### Patches\nWe have patched the issue in GitHub commit [a776040a5e7ebf76eeb7eb923bf1ae417dd4d233](https://github.com/tensorflow/tensorflow/commit/a776040a5e7ebf76eeb7eb923bf1ae417dd4d233).\n\nThe fix will be included in TensorFlow 2.6.0. We will also cherrypick this commit on TensorFlow 2.5.1, TensorFlow 2.4.3, and TensorFlow 2.3.4, as these are also affected and still in supported range.\n  \n### For more information\nPlease consult [our security guide](https://github.com/tensorflow/tensorflow/blob/master/SECURITY.md) for more information regarding the security model and how to contact us with issues and questions.\n\n### Attribution\nThis vulnerability has been reported by members of the Aivul Team from Qihoo 360.",
  "aliases": [
    "BIT-tensorflow-2021-37668",
    "CVE-2021-37668",
    "PYSEC-2021-290",
    "PYSEC-2021-581",
    "PYSEC-2021-779"
  ],
  "modified": "2023-12-06T01:01:23.237357Z",
  "published": "2021-08-25T14:42:06Z",
  "database_specific": {
    "nvd_published_at": "2021-08-12T23:15:00Z",
    "github_reviewed_at": "2021-08-24T14:19:36Z",
    "severity": "MODERATE",
    "github_reviewed": true,
    "cwe_ids": [
      "CWE-369"
    ]
  },
  "references": [
    {
      "type": "WEB",
      "url": "https://github.com/tensorflow/tensorflow/security/advisories/GHSA-2wmv-37vq-52g5"
    },
    {
      "type": "ADVISORY",
      "url": "https://nvd.nist.gov/vuln/detail/CVE-2021-37668"
    },
    {
      "type": "WEB",
      "url": "https://github.com/tensorflow/tensorflow/commit/a776040a5e7ebf76eeb7eb923bf1ae417dd4d233"
    },
    {
      "type": "PACKAGE",
      "url": "https://github.com/tensorflow/tensorflow"
    }
  ],
  "affected": [
    {
      "package": {
        "name": "tensorflow",
        "ecosystem": "PyPI",
        "purl": "pkg:pypi/tensorflow"
      },
      "ranges": [
        {
          "type": "ECOSYSTEM",
          "events": [
            {
              "introduced": "0"
            },
            {
              "fixed": "2.3.4"
            }
          ]
        }
      ],
      "versions": [
        "0.12.0",
        "0.12.1",
        "1.0.0",
        "1.0.1",
        "1.1.0",
        "1.10.0",
        "1.10.1",
        "1.11.0",
        "1.12.0",
        "1.12.2",
        "1.12.3",
        "1.13.1",
        "1.13.2",
        "1.14.0",
        "1.15.0",
        "1.15.2",
        "1.15.3",
        "1.15.4",
        "1.15.5",
        "1.2.0",
        "1.2.1",
        "1.3.0",
        "1.4.0",
        "1.4.1",
        "1.5.0",
        "1.5.1",
        "1.6.0",
        "1.7.0",
        "1.7.1",
        "1.8.0",
        "1.9.0",
        "2.0.0",
        "2.0.1",
        "2.0.2",
        "2.0.3",
        "2.0.4",
        "2.1.0",
        "2.1.1",
        "2.1.2",
        "2.1.3",
        "2.1.4",
        "2.2.0",
        "2.2.1",
        "2.2.2",
        "2.2.3",
        "2.3.0",
        "2.3.1",
        "2.3.2",
        "2.3.3"
      ],
      "database_specific": {
        "source": "https://github.com/github/advisory-database/blob/main/advisories/github-reviewed/2021/08/GHSA-2wmv-37vq-52g5/GHSA-2wmv-37vq-52g5.json"
      }
    },
    {
      "package": {
        "name": "tensorflow",
        "ecosystem": "PyPI",
        "purl": "pkg:pypi/tensorflow"
      },
      "ranges": [
        {
          "type": "ECOSYSTEM",
          "events": [
            {
              "introduced": "2.4.0"
            },
            {
              "fixed": "2.4.3"
            }
          ]
        }
      ],
      "versions": [
        "2.4.0",
        "2.4.1",
        "2.4.2"
      ],
      "database_specific": {
        "source": "https://github.com/github/advisory-database/blob/main/advisories/github-reviewed/2021/08/GHSA-2wmv-37vq-52g5/GHSA-2wmv-37vq-52g5.json"
      }
    },
    {
      "package": {
        "name": "tensorflow",
        "ecosystem": "PyPI",
        "purl": "pkg:pypi/tensorflow"
      },
      "ranges": [
        {
          "type": "ECOSYSTEM",
          "events": [
            {
              "introduced": "2.5.0"
            },
            {
              "fixed": "2.5.1"
            }
          ]
        }
      ],
      "versions": [
        "2.5.0"
      ],
      "database_specific": {
        "source": "https://github.com/github/advisory-database/blob/main/advisories/github-reviewed/2021/08/GHSA-2wmv-37vq-52g5/GHSA-2wmv-37vq-52g5.json"
      }
    },
    {
      "package": {
        "name": "tensorflow-cpu",
        "ecosystem": "PyPI",
        "purl": "pkg:pypi/tensorflow-cpu"
      },
      "ranges": [
        {
          "type": "ECOSYSTEM",
          "events": [
            {
              "introduced": "0"
            },
            {
              "fixed": "2.3.4"
            }
          ]
        }
      ],
      "versions": [
        "1.15.0",
        "2.1.0",
        "2.1.1",
        "2.1.2",
        "2.1.3",
        "2.1.4",
        "2.2.0",
        "2.2.1",
        "2.2.2",
        "2.2.3",
        "2.3.0",
        "2.3.1",
        "2.3.2",
        "2.3.3"
      ],
      "database_specific": {
        "source": "https://github.com/github/advisory-database/blob/main/advisories/github-reviewed/2021/08/GHSA-2wmv-37vq-52g5/GHSA-2wmv-37vq-52g5.json"
      }
    },
    {
      "package": {
        "name": "tensorflow-cpu",
        "ecosystem": "PyPI",
        "purl": "pkg:pypi/tensorflow-cpu"
      },
      "ranges": [
        {
          "type": "ECOSYSTEM",
          "events": [
            {
              "introduced": "2.4.0"
            },
            {
              "fixed": "2.4.3"
            }
          ]
        }
      ],
      "versions": [
        "2.4.0",
        "2.4.1",
        "2.4.2"
      ],
      "database_specific": {
        "source": "https://github.com/github/advisory-database/blob/main/advisories/github-reviewed/2021/08/GHSA-2wmv-37vq-52g5/GHSA-2wmv-37vq-52g5.json"
      }
    },
    {
      "package": {
        "name": "tensorflow-cpu",
        "ecosystem": "PyPI",
        "purl": "pkg:pypi/tensorflow-cpu"
      },
      "ranges": [
        {
          "type": "ECOSYSTEM",
          "events": [
            {
              "introduced": "2.5.0"
            },
            {
              "fixed": "2.5.1"
            }
          ]
        }
      ],
      "versions": [
        "2.5.0"
      ],
      "database_specific": {
        "source": "https://github.com/github/advisory-database/blob/main/advisories/github-reviewed/2021/08/GHSA-2wmv-37vq-52g5/GHSA-2wmv-37vq-52g5.json"
      }
    },
    {
      "package": {
        "name": "tensorflow-gpu",
        "ecosystem": "PyPI",
        "purl": "pkg:pypi/tensorflow-gpu"
      },
      "ranges": [
        {
          "type": "ECOSYSTEM",
          "events": [
            {
              "introduced": "0"
            },
            {
              "fixed": "2.3.4"
            }
          ]
        }
      ],
      "versions": [
        "0.12.0",
        "0.12.1",
        "1.0.0",
        "1.0.1",
        "1.1.0",
        "1.10.0",
        "1.10.1",
        "1.11.0",
        "1.12.0",
        "1.12.2",
        "1.12.3",
        "1.13.1",
        "1.13.2",
        "1.14.0",
        "1.15.0",
        "1.15.2",
        "1.15.3",
        "1.15.4",
        "1.15.5",
        "1.2.0",
        "1.2.1",
        "1.3.0",
        "1.4.0",
        "1.4.1",
        "1.5.0",
        "1.5.1",
        "1.6.0",
        "1.7.0",
        "1.7.1",
        "1.8.0",
        "1.9.0",
        "2.0.0",
        "2.0.1",
        "2.0.2",
        "2.0.3",
        "2.0.4",
        "2.1.0",
        "2.1.1",
        "2.1.2",
        "2.1.3",
        "2.1.4",
        "2.2.0",
        "2.2.1",
        "2.2.2",
        "2.2.3",
        "2.3.0",
        "2.3.1",
        "2.3.2",
        "2.3.3"
      ],
      "database_specific": {
        "source": "https://github.com/github/advisory-database/blob/main/advisories/github-reviewed/2021/08/GHSA-2wmv-37vq-52g5/GHSA-2wmv-37vq-52g5.json"
      }
    },
    {
      "package": {
        "name": "tensorflow-gpu",
        "ecosystem": "PyPI",
        "purl": "pkg:pypi/tensorflow-gpu"
      },
      "ranges": [
        {
          "type": "ECOSYSTEM",
          "events": [
            {
              "introduced": "2.4.0"
            },
            {
              "fixed": "2.4.3"
            }
          ]
        }
      ],
      "versions": [
        "2.4.0",
        "2.4.1",
        "2.4.2"
      ],
      "database_specific": {
        "source": "https://github.com/github/advisory-database/blob/main/advisories/github-reviewed/2021/08/GHSA-2wmv-37vq-52g5/GHSA-2wmv-37vq-52g5.json"
      }
    },
    {
      "package": {
        "name": "tensorflow-gpu",
        "ecosystem": "PyPI",
        "purl": "pkg:pypi/tensorflow-gpu"
      },
      "ranges": [
        {
          "type": "ECOSYSTEM",
          "events": [
            {
              "introduced": "2.5.0"
            },
            {
              "fixed": "2.5.1"
            }
          ]
        }
      ],
      "versions": [
        "2.5.0"
      ],
      "database_specific": {
        "source": "https://github.com/github/advisory-database/blob/main/advisories/github-reviewed/2021/08/GHSA-2wmv-37vq-52g5/GHSA-2wmv-37vq-52g5.json"
      }
    }
  ],
  "schema_version": "1.6.0",
  "severity": [
    {
      "type": "CVSS_V3",
      "score": "CVSS:3.1/AV:L/AC:L/PR:L/UI:N/S:U/C:N/I:N/A:H"
    }
  ]
}