{
  "id": "GHSA-4793-w44w-m7xm",
  "summary": "Plone Zope cross-site scripting (XSS) vulnerability",
  "details": "Multiple cross-site scripting (XSS) vulnerabilities in Zope, as used in Plone 3.3.x through 3.3.6, 4.0.x through 4.0.9, 4.1.x through 4.1.6, 4.2.x through 4.2.7, and 4.3 through 4.3.2, allow remote attackers to inject arbitrary web script or HTML via unspecified input in the (1) browser_id_manager or (2) OFS.Image method.",
  "aliases": [
    "CVE-2013-7062",
    "PYSEC-2020-218"
  ],
  "modified": "2024-02-16T08:14:39.523662Z",
  "published": "2022-05-05T00:29:17Z",
  "database_specific": {
    "nvd_published_at": "2020-01-02T19:15:00Z",
    "cwe_ids": [
      "CWE-79"
    ],
    "severity": "MODERATE",
    "github_reviewed": true,
    "github_reviewed_at": "2023-08-28T23:20:22Z"
  },
  "references": [
    {
      "type": "ADVISORY",
      "url": "https://nvd.nist.gov/vuln/detail/CVE-2013-7062"
    },
    {
      "type": "WEB",
      "url": "https://exchange.xforce.ibmcloud.com/vulnerabilities/89623"
    },
    {
      "type": "WEB",
      "url": "https://exchange.xforce.ibmcloud.com/vulnerabilities/89627"
    },
    {
      "type": "PACKAGE",
      "url": "https://github.com/plone/Plone"
    },
    {
      "type": "WEB",
      "url": "https://plone.org/security/20131210/zope-xss-in-OFS"
    },
    {
      "type": "WEB",
      "url": "https://plone.org/security/20131210/zope-xss-in-browseridmanager"
    },
    {
      "type": "WEB",
      "url": "http://seclists.org/oss-sec/2013/q4/467"
    },
    {
      "type": "WEB",
      "url": "http://seclists.org/oss-sec/2013/q4/485"
    }
  ],
  "affected": [
    {
      "package": {
        "name": "plone",
        "ecosystem": "PyPI",
        "purl": "pkg:pypi/plone"
      },
      "ranges": [
        {
          "type": "ECOSYSTEM",
          "events": [
            {
              "introduced": "3.3"
            },
            {
              "fixed": "3.3.6"
            }
          ]
        }
      ],
      "versions": [
        "3.3",
        "3.3.1",
        "3.3.2",
        "3.3.3",
        "3.3.4",
        "3.3.5"
      ],
      "database_specific": {
        "source": "https://github.com/github/advisory-database/blob/main/advisories/github-reviewed/2022/05/GHSA-4793-w44w-m7xm/GHSA-4793-w44w-m7xm.json"
      }
    },
    {
      "package": {
        "name": "plone",
        "ecosystem": "PyPI",
        "purl": "pkg:pypi/plone"
      },
      "ranges": [
        {
          "type": "ECOSYSTEM",
          "events": [
            {
              "introduced": "4.0"
            },
            {
              "fixed": "4.0.9"
            }
          ]
        }
      ],
      "versions": [
        "4.0",
        "4.0.1",
        "4.0.2",
        "4.0.3",
        "4.0.4",
        "4.0.5",
        "4.0.6",
        "4.0.7",
        "4.0.8"
      ],
      "database_specific": {
        "source": "https://github.com/github/advisory-database/blob/main/advisories/github-reviewed/2022/05/GHSA-4793-w44w-m7xm/GHSA-4793-w44w-m7xm.json"
      }
    },
    {
      "package": {
        "name": "plone",
        "ecosystem": "PyPI",
        "purl": "pkg:pypi/plone"
      },
      "ranges": [
        {
          "type": "ECOSYSTEM",
          "events": [
            {
              "introduced": "4.1"
            },
            {
              "fixed": "4.1.6"
            }
          ]
        }
      ],
      "versions": [
        "4.1",
        "4.1.1",
        "4.1.2",
        "4.1.3",
        "4.1.4",
        "4.1.5"
      ],
      "database_specific": {
        "source": "https://github.com/github/advisory-database/blob/main/advisories/github-reviewed/2022/05/GHSA-4793-w44w-m7xm/GHSA-4793-w44w-m7xm.json"
      }
    },
    {
      "package": {
        "name": "plone",
        "ecosystem": "PyPI",
        "purl": "pkg:pypi/plone"
      },
      "ranges": [
        {
          "type": "ECOSYSTEM",
          "events": [
            {
              "introduced": "4.3"
            },
            {
              "fixed": "4.3.2"
            }
          ]
        }
      ],
      "versions": [
        "4.3",
        "4.3.1"
      ],
      "database_specific": {
        "source": "https://github.com/github/advisory-database/blob/main/advisories/github-reviewed/2022/05/GHSA-4793-w44w-m7xm/GHSA-4793-w44w-m7xm.json"
      }
    }
  ],
  "schema_version": "1.6.0",
  "severity": [
    {
      "type": "CVSS_V3",
      "score": "CVSS:3.1/AV:N/AC:L/PR:N/UI:R/S:C/C:L/I:L/A:N"
    }
  ]
}