{
  "id": "GHSA-547x-748v-vp6p",
  "summary": "Dash apps vulnerable to Cross-site Scripting",
  "details": "Versions of the package dash-core-components before 2.13.0; versions of the package dash-core-components before 2.0.0; versions of the package dash before 2.15.0; versions of the package dash-html-components before 2.0.0; versions of the package dash-html-components before 2.0.16 are vulnerable to Cross-site Scripting (XSS) when the href of the a tag is controlled by an adversary. An authenticated attacker who stores a view that exploits this vulnerability could steal the data that's visible to another user who opens that view - not just the data already included on the page, but they could also, in theory, make additional requests and access other data accessible to this user. In some cases, they could also steal the access tokens of that user, which would allow the attacker to act as that user, including viewing other apps and resources hosted on the same server. \n\n**Note:** \n\nThis is only exploitable in Dash apps that include some mechanism to store user input to be reloaded by a different user.",
  "aliases": [
    "CVE-2024-21485",
    "PYSEC-2024-35"
  ],
  "modified": "2024-03-06T16:31:05.730393Z",
  "published": "2024-02-02T06:30:31Z",
  "database_specific": {
    "nvd_published_at": "2024-02-02T05:15:09Z",
    "cwe_ids": [
      "CWE-79"
    ],
    "severity": "MODERATE",
    "github_reviewed": true,
    "github_reviewed_at": "2024-02-02T18:10:51Z"
  },
  "references": [
    {
      "type": "ADVISORY",
      "url": "https://nvd.nist.gov/vuln/detail/CVE-2024-21485"
    },
    {
      "type": "WEB",
      "url": "https://github.com/plotly/dash/issues/2729"
    },
    {
      "type": "WEB",
      "url": "https://github.com/plotly/dash/pull/2732"
    },
    {
      "type": "WEB",
      "url": "https://github.com/plotly/dash/commit/9920073c9a8619ae8f90fcec1924f2f3a4332a8c"
    },
    {
      "type": "PACKAGE",
      "url": "https://github.com/plotly/dash"
    },
    {
      "type": "WEB",
      "url": "https://github.com/plotly/dash/releases/tag/v2.15.0"
    },
    {
      "type": "WEB",
      "url": "https://github.com/pypa/advisory-database/tree/main/vulns/dash/PYSEC-2024-35.yaml"
    },
    {
      "type": "WEB",
      "url": "https://security.snyk.io/vuln/SNYK-JS-DASHCORECOMPONENTS-6183084"
    },
    {
      "type": "WEB",
      "url": "https://security.snyk.io/vuln/SNYK-JS-DASHHTMLCOMPONENTS-6226337"
    },
    {
      "type": "WEB",
      "url": "https://security.snyk.io/vuln/SNYK-PYTHON-DASH-6226335"
    },
    {
      "type": "WEB",
      "url": "https://security.snyk.io/vuln/SNYK-PYTHON-DASHCORECOMPONENTS-6226334"
    },
    {
      "type": "WEB",
      "url": "https://security.snyk.io/vuln/SNYK-PYTHON-DASHHTMLCOMPONENTS-6226336"
    }
  ],
  "affected": [
    {
      "package": {
        "name": "dash-core-components",
        "ecosystem": "npm",
        "purl": "pkg:npm/dash-core-components"
      },
      "ranges": [
        {
          "type": "SEMVER",
          "events": [
            {
              "introduced": "0"
            },
            {
              "fixed": "2.13.0"
            }
          ]
        }
      ],
      "database_specific": {
        "source": "https://github.com/github/advisory-database/blob/main/advisories/github-reviewed/2024/02/GHSA-547x-748v-vp6p/GHSA-547x-748v-vp6p.json"
      }
    },
    {
      "package": {
        "name": "dash-html-components",
        "ecosystem": "PyPI",
        "purl": "pkg:pypi/dash-html-components"
      },
      "ranges": [
        {
          "type": "ECOSYSTEM",
          "events": [
            {
              "introduced": "0"
            },
            {
              "fixed": "2.0.0"
            }
          ]
        }
      ],
      "versions": [
        "0.10.0",
        "0.10.1",
        "0.11.0",
        "0.11.0rc1",
        "0.11.0rc2",
        "0.11.0rc3",
        "0.11.0rc5",
        "0.12.0",
        "0.12.0rc1",
        "0.12.0rc2",
        "0.12.0rc3",
        "0.13.0",
        "0.13.0rc1",
        "0.13.0rc2",
        "0.13.0rc3",
        "0.13.0rc4",
        "0.13.0rc5",
        "0.13.1",
        "0.13.2",
        "0.13.2rc1",
        "0.13.3",
        "0.13.4",
        "0.13.5",
        "0.14.0",
        "0.14.0rc1",
        "0.14.0rc2",
        "0.14.0rc20",
        "0.14.0rc21",
        "0.14.0rc3",
        "0.14.0rc4",
        "0.14.0rc5",
        "0.14.0rc6",
        "0.15.0",
        "0.15.0rc1",
        "0.16.0",
        "0.16.0rc1",
        "0.2.0",
        "0.2.1",
        "0.2.2",
        "0.2.3",
        "0.3.1",
        "0.3.2",
        "0.3.3",
        "0.3.4",
        "0.3.5",
        "0.3.6",
        "0.3.7",
        "0.3.8",
        "0.4.0",
        "0.4.1",
        "0.5.0",
        "0.6.0",
        "0.6.1",
        "0.6.2",
        "0.7.0",
        "0.8.0",
        "0.9.0",
        "0.9.0rc1",
        "1.0.0",
        "1.0.0a1",
        "1.0.0a2",
        "1.0.1",
        "1.0.2",
        "1.0.3",
        "1.1.0",
        "1.1.1",
        "1.1.2",
        "1.1.3",
        "1.1.4",
        "2.0.0rc1"
      ],
      "database_specific": {
        "source": "https://github.com/github/advisory-database/blob/main/advisories/github-reviewed/2024/02/GHSA-547x-748v-vp6p/GHSA-547x-748v-vp6p.json"
      }
    },
    {
      "package": {
        "name": "dash-core-components",
        "ecosystem": "PyPI",
        "purl": "pkg:pypi/dash-core-components"
      },
      "ranges": [
        {
          "type": "ECOSYSTEM",
          "events": [
            {
              "introduced": "0"
            },
            {
              "fixed": "2.0.0"
            }
          ]
        }
      ],
      "versions": [
        "0.1.1",
        "0.1.2",
        "0.1.3",
        "0.1.4",
        "0.10.0",
        "0.10.0rc1",
        "0.11.0",
        "0.11.1",
        "0.12.0",
        "0.12.1",
        "0.12.2",
        "0.12.3",
        "0.12.4",
        "0.12.5",
        "0.12.6",
        "0.12.7",
        "0.12.7rc1",
        "0.12.7rc2",
        "0.13.0",
        "0.13.0rc1",
        "0.13.0rc2",
        "0.13.0rc3",
        "0.13.0rc4",
        "0.13.0rc5",
        "0.13.0rc6",
        "0.13.0rc7",
        "0.13.0rc8",
        "0.14.0",
        "0.15.0",
        "0.15.0rc1",
        "0.15.1",
        "0.15.2",
        "0.15.3",
        "0.15.4",
        "0.15.5",
        "0.15.5rc1",
        "0.15.5rc2",
        "0.16.0",
        "0.16.0rc1",
        "0.17.0",
        "0.17.1",
        "0.18.0",
        "0.18.1",
        "0.19.0",
        "0.2.0",
        "0.2.1",
        "0.2.10",
        "0.2.11",
        "0.2.12",
        "0.2.2",
        "0.2.3",
        "0.2.4",
        "0.2.5",
        "0.2.6",
        "0.2.7",
        "0.2.8",
        "0.2.9",
        "0.20.0",
        "0.20.1",
        "0.20.2",
        "0.21.0",
        "0.21.0rc1",
        "0.21.1",
        "0.21.1rc1",
        "0.21.1rc2",
        "0.21.1rc4",
        "0.21.1rc5",
        "0.22.0",
        "0.22.1",
        "0.22.1rc1",
        "0.22.2",
        "0.23.0",
        "0.23.1rc1",
        "0.24.0",
        "0.24.0rc1",
        "0.24.0rc2",
        "0.24.0rc3",
        "0.24.0rc4",
        "0.24.0rc5",
        "0.24.0rc6",
        "0.24.1",
        "0.25.0",
        "0.25.0rc1",
        "0.25.0rc2",
        "0.25.1",
        "0.26.0",
        "0.27.0rc1",
        "0.27.0rc2",
        "0.27.1",
        "0.27.2",
        "0.28.0",
        "0.28.1",
        "0.28.2",
        "0.28.3",
        "0.28.3rc1",
        "0.28.3rc2",
        "0.28.3rc4",
        "0.29.0",
        "0.29.0rc1",
        "0.29.0rc2",
        "0.29.0rc3",
        "0.29.0rc4",
        "0.29.0rc5",
        "0.29.0rc6",
        "0.3.0",
        "0.3.1",
        "0.3.2",
        "0.3.3",
        "0.3.4",
        "0.3.5",
        "0.30.0",
        "0.30.0rc1",
        "0.30.1",
        "0.30.2",
        "0.31.0",
        "0.31.0rc1",
        "0.31.0rc2",
        "0.32.0",
        "0.33.0",
        "0.33.1",
        "0.34.0",
        "0.35.0",
        "0.35.1",
        "0.35.2",
        "0.36.0",
        "0.36.0rc1",
        "0.36.1",
        "0.37.0",
        "0.37.1",
        "0.37.2",
        "0.38.0",
        "0.38.1",
        "0.39.0",
        "0.39.0rc1",
        "0.39.0rc101",
        "0.39.0rc103",
        "0.39.0rc2",
        "0.39.0rc3",
        "0.39.0rc4",
        "0.4.0",
        "0.4.1",
        "0.4.2",
        "0.40.0",
        "0.40.1",
        "0.40.2",
        "0.40.3",
        "0.40.4",
        "0.40.5",
        "0.41.0",
        "0.41.0rc1",
        "0.41.0rc2",
        "0.41.0rc3",
        "0.41.0rc4",
        "0.42.0",
        "0.42.0rc1",
        "0.42.1",
        "0.43.0",
        "0.43.0rc3",
        "0.43.1",
        "0.44.0",
        "0.44.0rc2",
        "0.44.0rc3",
        "0.45.0",
        "0.45.0rc1",
        "0.46.0",
        "0.47.0",
        "0.47.0rc1",
        "0.47.0rc2",
        "0.47.0rc3",
        "0.48.0",
        "0.5.0",
        "0.5.1",
        "0.5.3",
        "0.5.3rc1",
        "0.6.0",
        "0.7.0",
        "0.7.1",
        "0.8.0",
        "0.9.0",
        "1.0.0",
        "1.0.0a1",
        "1.0.0a2",
        "1.0.0a3",
        "1.0.0a4",
        "1.1.0",
        "1.1.1",
        "1.1.2",
        "1.10.0",
        "1.10.1",
        "1.10.2",
        "1.11.0",
        "1.12.0",
        "1.12.1",
        "1.13.0",
        "1.14.0",
        "1.14.1",
        "1.15.0",
        "1.16.0",
        "1.17.1",
        "1.2.0",
        "1.2.1",
        "1.3.0",
        "1.3.1",
        "1.4.0",
        "1.5.0",
        "1.5.1",
        "1.6.0",
        "1.7.0",
        "1.8.0",
        "1.8.1",
        "1.9.0",
        "1.9.1",
        "2.0.0rc1"
      ],
      "database_specific": {
        "source": "https://github.com/github/advisory-database/blob/main/advisories/github-reviewed/2024/02/GHSA-547x-748v-vp6p/GHSA-547x-748v-vp6p.json"
      }
    },
    {
      "package": {
        "name": "dash",
        "ecosystem": "PyPI",
        "purl": "pkg:pypi/dash"
      },
      "ranges": [
        {
          "type": "ECOSYSTEM",
          "events": [
            {
              "introduced": "0"
            },
            {
              "fixed": "2.15.0"
            }
          ]
        }
      ],
      "versions": [
        "0.0.0",
        "0.17.4",
        "0.17.5",
        "0.17.7",
        "0.17.8rc1",
        "0.17.8rc2",
        "0.17.8rc3",
        "0.18.0",
        "0.18.1",
        "0.18.2",
        "0.18.3",
        "0.18.3rc1",
        "0.19.0",
        "0.20.0",
        "0.21.0",
        "0.21.1",
        "0.22.0",
        "0.22.0rc1",
        "0.22.0rc2",
        "0.23.1",
        "0.24.0",
        "0.24.1",
        "0.24.1rc1",
        "0.24.2",
        "0.25.0",
        "0.25.1",
        "0.26.0",
        "0.26.1",
        "0.26.1rc1",
        "0.26.1rc2",
        "0.26.1rc3",
        "0.26.2",
        "0.26.3",
        "0.26.4",
        "0.26.5",
        "0.26.6",
        "0.27.0",
        "0.27.0rc1",
        "0.27.0rc2",
        "0.27.0rc3",
        "0.27.0rc4",
        "0.27.0rc5",
        "0.27.0rc6",
        "0.27.0rc7",
        "0.27.0rc8",
        "0.27.0rc9",
        "0.28.0",
        "0.28.1",
        "0.28.2",
        "0.28.3",
        "0.28.4",
        "0.28.5",
        "0.28.6",
        "0.28.7",
        "0.29.0",
        "0.29.0rc1",
        "0.29.0rc2",
        "0.29.0rc3",
        "0.29.0rc4",
        "0.29.0rc5",
        "0.29.0rc6",
        "0.29.0rc8",
        "0.29rc7",
        "0.30.0",
        "0.30.0rc1",
        "0.30.0rc2",
        "0.30.0rc3",
        "0.30.0rc4",
        "0.30.0rc5",
        "0.31.0",
        "0.31.0rc1",
        "0.31.0rc2",
        "0.31.1",
        "0.32.0",
        "0.32.0rc1",
        "0.32.0rc2",
        "0.32.1",
        "0.32.2",
        "0.34.0",
        "0.35.0",
        "0.35.0rc1",
        "0.35.1",
        "0.35.2",
        "0.35.3",
        "0.36.0",
        "0.36.0rc1",
        "0.37.0",
        "0.37.0rc1",
        "0.37.0rc2",
        "0.38.0",
        "0.38.0rc1",
        "0.39.0",
        "0.40.0",
        "0.40.0rc1",
        "0.41.0",
        "0.42.0",
        "0.43.0",
        "0.43.0rc1",
        "0.43.0rc2",
        "0.43.0rc3",
        "1.0.0",
        "1.0.0a1",
        "1.0.1",
        "1.0.1rc1",
        "1.0.2",
        "1.1.0",
        "1.1.1",
        "1.10.0",
        "1.11.0",
        "1.12.0",
        "1.13.0",
        "1.13.1",
        "1.13.2",
        "1.13.3",
        "1.13.4",
        "1.14.0",
        "1.15.0",
        "1.16.0",
        "1.16.1",
        "1.16.2",
        "1.16.3",
        "1.17.0",
        "1.18.0",
        "1.18.1",
        "1.19.0",
        "1.2.0",
        "1.20.0",
        "1.21.0",
        "1.3.0",
        "1.3.1",
        "1.4.0",
        "1.4.1",
        "1.5.0",
        "1.5.1",
        "1.6.0",
        "1.6.1",
        "1.7.0",
        "1.8.0",
        "1.9.0",
        "1.9.1",
        "2.0.0",
        "2.0.0rc1",
        "2.0.0rc2",
        "2.0.0rc3",
        "2.1.0",
        "2.10.0",
        "2.10.1",
        "2.10.2",
        "2.11.0",
        "2.11.1",
        "2.12.0",
        "2.12.1",
        "2.13.0",
        "2.14.0",
        "2.14.1",
        "2.14.2",
        "2.2.0",
        "2.3.0",
        "2.3.1",
        "2.4.0",
        "2.4.1",
        "2.5.0",
        "2.5.1",
        "2.6.0",
        "2.6.1",
        "2.6.2",
        "2.7.0",
        "2.7.1",
        "2.8.0",
        "2.8.1",
        "2.9.0",
        "2.9.1",
        "2.9.2",
        "2.9.3"
      ],
      "database_specific": {
        "source": "https://github.com/github/advisory-database/blob/main/advisories/github-reviewed/2024/02/GHSA-547x-748v-vp6p/GHSA-547x-748v-vp6p.json"
      }
    },
    {
      "package": {
        "name": "dash-html-components",
        "ecosystem": "npm",
        "purl": "pkg:npm/dash-html-components"
      },
      "ranges": [
        {
          "type": "SEMVER",
          "events": [
            {
              "introduced": "0"
            },
            {
              "fixed": "2.0.16"
            }
          ]
        }
      ],
      "database_specific": {
        "source": "https://github.com/github/advisory-database/blob/main/advisories/github-reviewed/2024/02/GHSA-547x-748v-vp6p/GHSA-547x-748v-vp6p.json"
      }
    }
  ],
  "schema_version": "1.6.0",
  "severity": [
    {
      "type": "CVSS_V3",
      "score": "CVSS:3.1/AV:N/AC:H/PR:L/UI:R/S:C/C:H/I:L/A:N"
    }
  ]
}