{
  "id": "GHSA-29j3-2446-5j4w",
  "summary": "SaltStack Salt Improper Validation of eauth credentials and tokens in salt-netapi",
  "details": "In SaltStack the salt-netapi improperly validates eauth credentials and tokens. A user can bypass authentication and invoke Salt SSH.",
  "aliases": [
    "CVE-2020-25592",
    "PYSEC-2020-106"
  ],
  "modified": "2024-04-22T22:41:29.089627Z",
  "published": "2022-05-24T17:33:18Z",
  "database_specific": {
    "nvd_published_at": "2020-11-06T08:15:00Z",
    "cwe_ids": [
      "CWE-20"
    ],
    "severity": "CRITICAL",
    "github_reviewed": true,
    "github_reviewed_at": "2024-04-22T22:23:17Z"
  },
  "references": [
    {
      "type": "ADVISORY",
      "url": "https://nvd.nist.gov/vuln/detail/CVE-2020-25592"
    },
    {
      "type": "WEB",
      "url": "https://docs.saltstack.com/en/latest/topics/releases/index.html"
    },
    {
      "type": "PACKAGE",
      "url": "https://github.com/saltstack/salt"
    },
    {
      "type": "WEB",
      "url": "https://github.com/saltstack/salt/blob/8f9405cf8e6f7d7776d5000841c886dec6d96250/doc/topics/releases/2019.2.7.rst#L12"
    },
    {
      "type": "WEB",
      "url": "https://github.com/saltstack/salt/blob/8f9405cf8e6f7d7776d5000841c886dec6d96250/doc/topics/releases/3000.5.rst#L12"
    },
    {
      "type": "WEB",
      "url": "https://github.com/saltstack/salt/blob/8f9405cf8e6f7d7776d5000841c886dec6d96250/doc/topics/releases/3001.3.rst#L12"
    },
    {
      "type": "WEB",
      "url": "https://github.com/saltstack/salt/blob/8f9405cf8e6f7d7776d5000841c886dec6d96250/doc/topics/releases/3002.1.rst#L14"
    },
    {
      "type": "WEB",
      "url": "https://lists.debian.org/debian-lts-announce/2020/12/msg00007.html"
    },
    {
      "type": "WEB",
      "url": "https://lists.fedoraproject.org/archives/list/package-announce@lists.fedoraproject.org/message/TPOGB2F6XUAIGFDTOCQDNB2VIXFXHWMA"
    },
    {
      "type": "WEB",
      "url": "https://security.gentoo.org/glsa/202011-13"
    },
    {
      "type": "WEB",
      "url": "https://www.debian.org/security/2021/dsa-4837"
    },
    {
      "type": "WEB",
      "url": "https://www.saltstack.com/blog/on-november-3-2020-saltstack-publicly-disclosed-three-new-cves"
    },
    {
      "type": "WEB",
      "url": "http://lists.opensuse.org/opensuse-security-announce/2020-11/msg00029.html"
    },
    {
      "type": "WEB",
      "url": "http://packetstormsecurity.com/files/160039/SaltStack-Salt-REST-API-Arbitrary-Command-Execution.html"
    }
  ],
  "affected": [
    {
      "package": {
        "name": "salt",
        "ecosystem": "PyPI",
        "purl": "pkg:pypi/salt"
      },
      "ranges": [
        {
          "type": "ECOSYSTEM",
          "events": [
            {
              "introduced": "0"
            },
            {
              "fixed": "2015.8.13"
            }
          ]
        }
      ],
      "versions": [
        "0.10.0",
        "0.10.1",
        "0.10.2",
        "0.10.3",
        "0.10.4",
        "0.10.5",
        "0.11.0",
        "0.11.1",
        "0.12.0",
        "0.12.1",
        "0.13.0",
        "0.13.1",
        "0.13.2",
        "0.13.3",
        "0.14.0",
        "0.14.1",
        "0.15.0",
        "0.15.1",
        "0.15.2",
        "0.15.3",
        "0.15.90",
        "0.16.0",
        "0.16.1",
        "0.16.2",
        "0.16.3",
        "0.16.4",
        "0.17.0",
        "0.17.0rc1",
        "0.17.1",
        "0.17.2",
        "0.17.3",
        "0.17.4",
        "0.17.5",
        "0.8.7",
        "0.8.9",
        "0.9.0",
        "0.9.1",
        "0.9.2",
        "0.9.3",
        "0.9.4",
        "0.9.5",
        "0.9.6",
        "0.9.7",
        "0.9.8",
        "0.9.9",
        "0.9.9.1",
        "2014.1.0",
        "2014.1.0rc1",
        "2014.1.0rc2",
        "2014.1.0rc3",
        "2014.1.1",
        "2014.1.10",
        "2014.1.11",
        "2014.1.12",
        "2014.1.13",
        "2014.1.2",
        "2014.1.3",
        "2014.1.4",
        "2014.1.5",
        "2014.1.6",
        "2014.1.7",
        "2014.1.8",
        "2014.1.9",
        "2014.7.0",
        "2014.7.0rc1",
        "2014.7.0rc2",
        "2014.7.0rc3",
        "2014.7.0rc4",
        "2014.7.0rc5",
        "2014.7.0rc6",
        "2014.7.0rc7",
        "2014.7.1",
        "2014.7.2",
        "2014.7.3",
        "2014.7.4",
        "2014.7.5",
        "2014.7.6",
        "2014.7.7",
        "2015.2.0rc1",
        "2015.2.0rc2",
        "2015.5.0",
        "2015.5.1",
        "2015.5.10",
        "2015.5.11",
        "2015.5.2",
        "2015.5.3",
        "2015.5.4",
        "2015.5.5",
        "2015.5.6",
        "2015.5.7",
        "2015.5.8",
        "2015.5.9",
        "2015.8.0",
        "2015.8.0rc1",
        "2015.8.0rc2",
        "2015.8.0rc3",
        "2015.8.0rc4",
        "2015.8.0rc5",
        "2015.8.1",
        "2015.8.10",
        "2015.8.11",
        "2015.8.12",
        "2015.8.2",
        "2015.8.3",
        "2015.8.4",
        "2015.8.5",
        "2015.8.7",
        "2015.8.8",
        "2015.8.8.2",
        "2015.8.9"
      ],
      "database_specific": {
        "source": "https://github.com/github/advisory-database/blob/main/advisories/github-reviewed/2022/05/GHSA-29j3-2446-5j4w/GHSA-29j3-2446-5j4w.json"
      }
    },
    {
      "package": {
        "name": "salt",
        "ecosystem": "PyPI",
        "purl": "pkg:pypi/salt"
      },
      "ranges": [
        {
          "type": "ECOSYSTEM",
          "events": [
            {
              "introduced": "2016.3.0"
            },
            {
              "fixed": "2016.3.8"
            }
          ]
        }
      ],
      "versions": [
        "2016.3.0",
        "2016.3.1",
        "2016.3.2",
        "2016.3.3",
        "2016.3.4",
        "2016.3.5",
        "2016.3.6",
        "2016.3.7"
      ],
      "database_specific": {
        "source": "https://github.com/github/advisory-database/blob/main/advisories/github-reviewed/2022/05/GHSA-29j3-2446-5j4w/GHSA-29j3-2446-5j4w.json"
      }
    },
    {
      "package": {
        "name": "salt",
        "ecosystem": "PyPI",
        "purl": "pkg:pypi/salt"
      },
      "ranges": [
        {
          "type": "ECOSYSTEM",
          "events": [
            {
              "introduced": "2016.11.0"
            },
            {
              "fixed": "2016.11.10"
            }
          ]
        }
      ],
      "versions": [
        "2016.11.0",
        "2016.11.1",
        "2016.11.2",
        "2016.11.3",
        "2016.11.4",
        "2016.11.5",
        "2016.11.6",
        "2016.11.7",
        "2016.11.8",
        "2016.11.9"
      ],
      "database_specific": {
        "source": "https://github.com/github/advisory-database/blob/main/advisories/github-reviewed/2022/05/GHSA-29j3-2446-5j4w/GHSA-29j3-2446-5j4w.json"
      }
    },
    {
      "package": {
        "name": "salt",
        "ecosystem": "PyPI",
        "purl": "pkg:pypi/salt"
      },
      "ranges": [
        {
          "type": "ECOSYSTEM",
          "events": [
            {
              "introduced": "2017.5.0"
            },
            {
              "fixed": "2017.7.8"
            }
          ]
        }
      ],
      "versions": [
        "2017.7.0",
        "2017.7.0rc1",
        "2017.7.1",
        "2017.7.2",
        "2017.7.3",
        "2017.7.4",
        "2017.7.5",
        "2017.7.6",
        "2017.7.7"
      ],
      "database_specific": {
        "source": "https://github.com/github/advisory-database/blob/main/advisories/github-reviewed/2022/05/GHSA-29j3-2446-5j4w/GHSA-29j3-2446-5j4w.json"
      }
    },
    {
      "package": {
        "name": "salt",
        "ecosystem": "PyPI",
        "purl": "pkg:pypi/salt"
      },
      "ranges": [
        {
          "type": "ECOSYSTEM",
          "events": [
            {
              "introduced": "2018.2.0"
            },
            {
              "fixed": "2018.3.5"
            }
          ]
        }
      ],
      "versions": [
        "2018.3.0",
        "2018.3.0rc1",
        "2018.3.1",
        "2018.3.2",
        "2018.3.3",
        "2018.3.4"
      ],
      "database_specific": {
        "source": "https://github.com/github/advisory-database/blob/main/advisories/github-reviewed/2022/05/GHSA-29j3-2446-5j4w/GHSA-29j3-2446-5j4w.json"
      }
    },
    {
      "package": {
        "name": "salt",
        "ecosystem": "PyPI",
        "purl": "pkg:pypi/salt"
      },
      "ranges": [
        {
          "type": "ECOSYSTEM",
          "events": [
            {
              "introduced": "2019.2.0"
            },
            {
              "fixed": "2019.2.7"
            }
          ]
        }
      ],
      "versions": [
        "2019.2.0",
        "2019.2.1",
        "2019.2.2",
        "2019.2.3",
        "2019.2.4",
        "2019.2.5",
        "2019.2.6"
      ],
      "database_specific": {
        "source": "https://github.com/github/advisory-database/blob/main/advisories/github-reviewed/2022/05/GHSA-29j3-2446-5j4w/GHSA-29j3-2446-5j4w.json"
      }
    },
    {
      "package": {
        "name": "salt",
        "ecosystem": "PyPI",
        "purl": "pkg:pypi/salt"
      },
      "ranges": [
        {
          "type": "ECOSYSTEM",
          "events": [
            {
              "introduced": "3000.0"
            },
            {
              "fixed": "3000.5"
            }
          ]
        }
      ],
      "versions": [
        "3000",
        "3000.1",
        "3000.2",
        "3000.3",
        "3000.4"
      ],
      "database_specific": {
        "source": "https://github.com/github/advisory-database/blob/main/advisories/github-reviewed/2022/05/GHSA-29j3-2446-5j4w/GHSA-29j3-2446-5j4w.json"
      }
    },
    {
      "package": {
        "name": "salt",
        "ecosystem": "PyPI",
        "purl": "pkg:pypi/salt"
      },
      "ranges": [
        {
          "type": "ECOSYSTEM",
          "events": [
            {
              "introduced": "3001.0"
            },
            {
              "fixed": "3001.3"
            }
          ]
        }
      ],
      "versions": [
        "3001",
        "3001.1",
        "3001.2"
      ],
      "database_specific": {
        "source": "https://github.com/github/advisory-database/blob/main/advisories/github-reviewed/2022/05/GHSA-29j3-2446-5j4w/GHSA-29j3-2446-5j4w.json"
      }
    },
    {
      "package": {
        "name": "salt",
        "ecosystem": "PyPI",
        "purl": "pkg:pypi/salt"
      },
      "ranges": [
        {
          "type": "ECOSYSTEM",
          "events": [
            {
              "introduced": "3002.0"
            },
            {
              "fixed": "3002.1"
            }
          ]
        }
      ],
      "versions": [
        "3002"
      ],
      "database_specific": {
        "source": "https://github.com/github/advisory-database/blob/main/advisories/github-reviewed/2022/05/GHSA-29j3-2446-5j4w/GHSA-29j3-2446-5j4w.json"
      }
    }
  ],
  "schema_version": "1.6.0",
  "severity": [
    {
      "type": "CVSS_V3",
      "score": "CVSS:3.1/AV:N/AC:L/PR:N/UI:N/S:U/C:H/I:H/A:H"
    }
  ]
}