{
  "id": "GHSA-4mrx-6fxm-8jpg",
  "summary": "Buffer Overflow in vyper",
  "details": "### Impact\nImporting a function from a JSON interface which returns `bytes` generates bytecode which does not clamp bytes length, potentially resulting in a buffer overrun.\n\n### Patches\n0.3.2 (as of https://github.com/vyperlang/vyper/commit/049dbdc647b2ce838fae7c188e6bb09cf16e470b)\n\n### Workarounds\nUse .vy interfaces.",
  "aliases": [
    "CVE-2022-24788",
    "PYSEC-2022-197"
  ],
  "modified": "2023-11-08T04:08:36.532748Z",
  "published": "2022-04-20T20:31:44Z",
  "database_specific": {
    "nvd_published_at": "2022-04-13T19:15:00Z",
    "github_reviewed_at": "2022-04-20T20:31:44Z",
    "severity": "HIGH",
    "github_reviewed": true,
    "cwe_ids": [
      "CWE-119",
      "CWE-120"
    ]
  },
  "references": [
    {
      "type": "WEB",
      "url": "https://github.com/vyperlang/vyper/security/advisories/GHSA-4mrx-6fxm-8jpg"
    },
    {
      "type": "ADVISORY",
      "url": "https://nvd.nist.gov/vuln/detail/CVE-2022-24788"
    },
    {
      "type": "WEB",
      "url": "https://github.com/vyperlang/vyper/commit/049dbdc647b2ce838fae7c188e6bb09cf16e470b"
    },
    {
      "type": "WEB",
      "url": "https://github.com/pypa/advisory-database/tree/main/vulns/vyper/PYSEC-2022-197.yaml"
    },
    {
      "type": "PACKAGE",
      "url": "https://github.com/vyperlang/vyper"
    }
  ],
  "affected": [
    {
      "package": {
        "name": "vyper",
        "ecosystem": "PyPI",
        "purl": "pkg:pypi/vyper"
      },
      "ranges": [
        {
          "type": "ECOSYSTEM",
          "events": [
            {
              "introduced": "0"
            },
            {
              "fixed": "0.3.2"
            }
          ]
        }
      ],
      "versions": [
        "0.1.0b1",
        "0.1.0b10",
        "0.1.0b11",
        "0.1.0b12",
        "0.1.0b13",
        "0.1.0b14",
        "0.1.0b15",
        "0.1.0b16",
        "0.1.0b17",
        "0.1.0b2",
        "0.1.0b3",
        "0.1.0b4",
        "0.1.0b5",
        "0.1.0b6",
        "0.1.0b7",
        "0.1.0b8",
        "0.1.0b9",
        "0.2.1",
        "0.2.10",
        "0.2.11",
        "0.2.12",
        "0.2.13",
        "0.2.14",
        "0.2.15",
        "0.2.16",
        "0.2.2",
        "0.2.3",
        "0.2.4",
        "0.2.5",
        "0.2.6",
        "0.2.7",
        "0.2.8",
        "0.2.9",
        "0.3.0",
        "0.3.1"
      ],
      "database_specific": {
        "source": "https://github.com/github/advisory-database/blob/main/advisories/github-reviewed/2022/04/GHSA-4mrx-6fxm-8jpg/GHSA-4mrx-6fxm-8jpg.json"
      }
    }
  ],
  "schema_version": "1.6.0",
  "severity": [
    {
      "type": "CVSS_V3",
      "score": "CVSS:3.1/AV:N/AC:L/PR:N/UI:R/S:U/C:L/I:H/A:N"
    }
  ]
}