{
  "id": "GHSA-37m5-42qp-4qpr",
  "summary": "Cross-site scripting in LocalStack",
  "details": "A Cross-site scripting (XSS) vulnerability exists in StackLift LocalStack.",
  "aliases": [
    "CVE-2021-32091",
    "PYSEC-2021-102"
  ],
  "modified": "2023-11-08T04:05:53.004931Z",
  "published": "2021-06-18T18:38:09Z",
  "database_specific": {
    "nvd_published_at": "2021-05-07T05:15:00Z",
    "github_reviewed_at": "2021-05-19T20:00:18Z",
    "severity": "MODERATE",
    "github_reviewed": true,
    "cwe_ids": [
      "CWE-79"
    ]
  },
  "references": [
    {
      "type": "ADVISORY",
      "url": "https://nvd.nist.gov/vuln/detail/CVE-2021-32091"
    },
    {
      "type": "WEB",
      "url": "https://blog.sonarsource.com/hack-the-stack-with-localstack"
    },
    {
      "type": "WEB",
      "url": "https://portswigger.net/daily-swig/localstack-zero-day-vulnerabilities-chained-to-achieve-remote-takeover-of-local-instances"
    }
  ],
  "affected": [
    {
      "package": {
        "name": "localstack",
        "ecosystem": "PyPI",
        "purl": "pkg:pypi/localstack"
      },
      "ranges": [
        {
          "type": "ECOSYSTEM",
          "events": [
            {
              "introduced": "0"
            },
            {
              "last_affected": "0.12.10"
            }
          ]
        }
      ],
      "versions": [
        "0.0.1",
        "0.1.10",
        "0.1.11",
        "0.1.12",
        "0.1.13",
        "0.1.14",
        "0.1.15",
        "0.1.17",
        "0.1.18",
        "0.1.5",
        "0.1.6",
        "0.1.7",
        "0.1.8",
        "0.1.9",
        "0.10.0",
        "0.10.1",
        "0.10.1.1",
        "0.10.1.2",
        "0.10.1.3",
        "0.10.1.4",
        "0.10.2",
        "0.10.2.1",
        "0.10.2.2",
        "0.10.2.3",
        "0.10.2.4",
        "0.10.2.5",
        "0.10.3",
        "0.10.3.1",
        "0.10.3.2",
        "0.10.4",
        "0.10.4.1",
        "0.10.4.2",
        "0.10.5",
        "0.10.6",
        "0.10.7",
        "0.10.8",
        "0.11.0",
        "0.11.0.1",
        "0.11.0.2",
        "0.11.0.3",
        "0.11.0.4",
        "0.11.0.5",
        "0.11.1",
        "0.11.1.1",
        "0.11.2",
        "0.11.3",
        "0.11.3.1",
        "0.11.3.2",
        "0.11.3.3",
        "0.11.4",
        "0.11.5",
        "0.11.6",
        "0.12.0",
        "0.12.1",
        "0.12.10",
        "0.12.2",
        "0.12.3",
        "0.12.4",
        "0.12.5",
        "0.12.6",
        "0.12.6.1",
        "0.12.7",
        "0.12.8",
        "0.12.9",
        "0.12.9.1",
        "0.2.0",
        "0.2.1",
        "0.2.10",
        "0.2.11",
        "0.2.2",
        "0.2.3",
        "0.2.4",
        "0.2.5",
        "0.2.6",
        "0.2.7",
        "0.2.8",
        "0.2.9",
        "0.3.0",
        "0.3.10",
        "0.3.11",
        "0.3.2",
        "0.3.3",
        "0.3.4",
        "0.3.5",
        "0.3.6",
        "0.3.7",
        "0.3.8",
        "0.3.9",
        "0.4.0",
        "0.4.1",
        "0.4.2",
        "0.4.3",
        "0.5.0",
        "0.5.1",
        "0.5.2",
        "0.5.2.1",
        "0.5.2.2",
        "0.5.2.3",
        "0.5.3",
        "0.5.3.1",
        "0.5.4",
        "0.5.5",
        "0.6.0.1",
        "0.6.0.2",
        "0.6.1",
        "0.6.1.1",
        "0.7.0",
        "0.7.1",
        "0.7.2",
        "0.7.3",
        "0.7.4",
        "0.7.4.1",
        "0.7.4.2",
        "0.7.4.3",
        "0.7.5",
        "0.8.0",
        "0.8.1",
        "0.8.10",
        "0.8.2",
        "0.8.3",
        "0.8.4",
        "0.8.5",
        "0.8.6",
        "0.8.6.1",
        "0.8.6.2",
        "0.8.7",
        "0.8.8",
        "0.8.9",
        "0.9.0",
        "0.9.1",
        "0.9.2",
        "0.9.4",
        "0.9.5",
        "0.9.6"
      ],
      "database_specific": {
        "source": "https://github.com/github/advisory-database/blob/main/advisories/github-reviewed/2021/06/GHSA-37m5-42qp-4qpr/GHSA-37m5-42qp-4qpr.json"
      }
    }
  ],
  "schema_version": "1.6.0",
  "severity": [
    {
      "type": "CVSS_V3",
      "score": "CVSS:3.1/AV:N/AC:L/PR:N/UI:R/S:C/C:L/I:L/A:N"
    }
  ]
}