{
  "id": "GHSA-39gf-864w-pxw4",
  "summary": "Unverified Password Change in OctoPrint",
  "details": "Versions of OctoPrint prior to 1.8.3 did not require the current user password in order to change that users password. As a result users could be locked out of their accounts or have their accounts stolen under certain circumstances.",
  "aliases": [
    "CVE-2022-2930"
  ],
  "modified": "2023-11-08T04:09:12.967408Z",
  "published": "2022-08-23T00:00:19Z",
  "database_specific": {
    "nvd_published_at": "2022-08-22T12:15:00Z",
    "github_reviewed_at": "2022-08-30T20:25:13Z",
    "severity": "MODERATE",
    "github_reviewed": true,
    "cwe_ids": [
      "CWE-620"
    ]
  },
  "references": [
    {
      "type": "ADVISORY",
      "url": "https://nvd.nist.gov/vuln/detail/CVE-2022-2930"
    },
    {
      "type": "WEB",
      "url": "https://github.com/octoprint/octoprint/commit/1453076ee3e47fcab2dc73664ec2d61d3ef7fc4f"
    },
    {
      "type": "PACKAGE",
      "url": "https://github.com/octoprint/octoprint"
    },
    {
      "type": "WEB",
      "url": "https://huntr.dev/bounties/da6745e4-7bcc-4e9a-9e96-0709ec9f2477"
    }
  ],
  "affected": [
    {
      "package": {
        "name": "octoprint",
        "ecosystem": "PyPI",
        "purl": "pkg:pypi/octoprint"
      },
      "ranges": [
        {
          "type": "ECOSYSTEM",
          "events": [
            {
              "introduced": "0"
            },
            {
              "fixed": "1.8.3"
            }
          ]
        }
      ],
      "versions": [
        "1.3.11",
        "1.3.12",
        "1.3.12rc1",
        "1.3.12rc3",
        "1.4.0",
        "1.4.0rc1",
        "1.4.0rc2",
        "1.4.0rc3",
        "1.4.0rc4",
        "1.4.0rc5",
        "1.4.0rc6",
        "1.4.1",
        "1.4.1rc1",
        "1.4.1rc2",
        "1.4.1rc3",
        "1.4.1rc4",
        "1.4.2",
        "1.5.0",
        "1.5.0rc1",
        "1.5.0rc2",
        "1.5.0rc3",
        "1.5.1",
        "1.5.2",
        "1.5.3",
        "1.6.0",
        "1.6.0rc1",
        "1.6.0rc2",
        "1.6.0rc3",
        "1.6.1",
        "1.7.0",
        "1.7.0rc1",
        "1.7.0rc2",
        "1.7.0rc3",
        "1.7.1",
        "1.7.2",
        "1.7.3",
        "1.8.0",
        "1.8.0rc1",
        "1.8.0rc2",
        "1.8.0rc3",
        "1.8.0rc4",
        "1.8.0rc5",
        "1.8.1",
        "1.8.2"
      ],
      "database_specific": {
        "source": "https://github.com/github/advisory-database/blob/main/advisories/github-reviewed/2022/08/GHSA-39gf-864w-pxw4/GHSA-39gf-864w-pxw4.json"
      }
    }
  ],
  "schema_version": "1.6.0",
  "severity": [
    {
      "type": "CVSS_V3",
      "score": "CVSS:3.0/AV:L/AC:L/PR:L/UI:N/S:U/C:L/I:L/A:L"
    }
  ]
}