{
  "id": "GHSA-4q82-j5c2-g2c5",
  "summary": "Duplicate Advisory: Scrapy authorization header leakage on cross-domain redirect",
  "details": "## Duplicate Advisory\nThis advisory has been withdrawn because it is a duplicate of GHSA-cw9j-q3vf-hrrv. This link is maintained to preserve external references.\n\n## Original Description\nIn scrapy versions before 2.11.1, an issue was identified where the Authorization header, containing credentials for server authentication, is leaked to a third-party site during a cross-domain redirect. This vulnerability arises from the failure to remove the Authorization header when redirecting across domains. The exposure of the Authorization header to unauthorized actors could potentially allow for account hijacking.",
  "modified": "2024-04-16T14:29:31.283889Z",
  "published": "2024-04-16T00:30:34Z",
  "withdrawn": "2024-04-16T14:05:36Z",
  "database_specific": {
    "nvd_published_at": "2024-04-16T00:15:12Z",
    "cwe_ids": [
      "CWE-200"
    ],
    "severity": "HIGH",
    "github_reviewed": true,
    "github_reviewed_at": "2024-04-16T12:47:58Z"
  },
  "references": [
    {
      "type": "ADVISORY",
      "url": "https://nvd.nist.gov/vuln/detail/CVE-2024-3574"
    },
    {
      "type": "WEB",
      "url": "https://github.com/scrapy/scrapy/commit/5bcb8fd5019c72d05c4a96da78a7fcb6ecb55b75"
    },
    {
      "type": "ADVISORY",
      "url": "https://github.com/advisories/GHSA-cw9j-q3vf-hrrv"
    },
    {
      "type": "PACKAGE",
      "url": "https://github.com/scrapy/scrapy"
    },
    {
      "type": "WEB",
      "url": "https://huntr.com/bounties/49974321-2718-43e3-a152-62b16eed72a9"
    }
  ],
  "affected": [
    {
      "package": {
        "name": "scrapy",
        "ecosystem": "PyPI",
        "purl": "pkg:pypi/scrapy"
      },
      "ranges": [
        {
          "type": "ECOSYSTEM",
          "events": [
            {
              "introduced": "0"
            },
            {
              "fixed": "2.11.1"
            }
          ]
        }
      ],
      "versions": [
        "0.10.4.2364",
        "0.12.0.2550",
        "0.14.1",
        "0.14.2",
        "0.14.3",
        "0.14.4",
        "0.16.0",
        "0.16.1",
        "0.16.2",
        "0.16.3",
        "0.16.4",
        "0.16.5",
        "0.18.0",
        "0.18.1",
        "0.18.2",
        "0.18.3",
        "0.18.4",
        "0.20.0",
        "0.20.1",
        "0.20.2",
        "0.22.0",
        "0.22.1",
        "0.22.2",
        "0.24.0",
        "0.24.1",
        "0.24.2",
        "0.24.3",
        "0.24.4",
        "0.24.5",
        "0.24.6",
        "0.7",
        "0.8",
        "0.9",
        "1.0.0",
        "1.0.0rc1",
        "1.0.0rc2",
        "1.0.0rc3",
        "1.0.1",
        "1.0.2",
        "1.0.3",
        "1.0.4",
        "1.0.5",
        "1.0.6",
        "1.0.7",
        "1.1.0",
        "1.1.0rc1",
        "1.1.0rc2",
        "1.1.0rc3",
        "1.1.0rc4",
        "1.1.1",
        "1.1.2",
        "1.1.3",
        "1.1.4",
        "1.2.0",
        "1.2.1",
        "1.2.2",
        "1.2.3",
        "1.3.0",
        "1.3.1",
        "1.3.2",
        "1.3.3",
        "1.4.0",
        "1.5.0",
        "1.5.1",
        "1.5.2",
        "1.6.0",
        "1.7.0",
        "1.7.1",
        "1.7.2",
        "1.7.3",
        "1.7.4",
        "1.8.0",
        "1.8.1",
        "1.8.2",
        "1.8.3",
        "1.8.4",
        "2.0.0",
        "2.0.1",
        "2.1.0",
        "2.10.0",
        "2.10.1",
        "2.11.0",
        "2.2.0",
        "2.2.1",
        "2.3.0",
        "2.4.0",
        "2.4.1",
        "2.5.0",
        "2.5.1",
        "2.6.0",
        "2.6.1",
        "2.6.2",
        "2.6.3",
        "2.7.0",
        "2.7.1",
        "2.8.0",
        "2.9.0"
      ],
      "database_specific": {
        "source": "https://github.com/github/advisory-database/blob/main/advisories/github-reviewed/2024/04/GHSA-4q82-j5c2-g2c5/GHSA-4q82-j5c2-g2c5.json"
      }
    }
  ],
  "schema_version": "1.6.0",
  "severity": [
    {
      "type": "CVSS_V3",
      "score": "CVSS:3.0/AV:N/AC:L/PR:N/UI:N/S:U/C:H/I:N/A:N"
    }
  ]
}