{
  "id": "GHSA-5836-grcc-8j89",
  "summary": "OpenStack Heat information leak vulnerability",
  "details": "An information leak was discovered in OpenStack heat. This issue could allow a remote, authenticated attacker to use the 'stack show' command to reveal parameters which are supposed to remain hidden. This has a low impact to the confidentiality, integrity, and availability of the system.",
  "aliases": [
    "CVE-2023-1625"
  ],
  "modified": "2024-02-16T07:54:59.634171Z",
  "published": "2023-09-24T03:30:20Z",
  "database_specific": {
    "nvd_published_at": "2023-09-24T01:15:43Z",
    "cwe_ids": [
      "CWE-200"
    ],
    "severity": "HIGH",
    "github_reviewed": true,
    "github_reviewed_at": "2023-09-25T18:32:42Z"
  },
  "references": [
    {
      "type": "ADVISORY",
      "url": "https://nvd.nist.gov/vuln/detail/CVE-2023-1625"
    },
    {
      "type": "WEB",
      "url": "https://github.com/openstack/heat/commit/a49526c278e52823080c7f3fcb72785b93fd4dcb"
    },
    {
      "type": "WEB",
      "url": "https://access.redhat.com/security/cve/CVE-2023-1625"
    },
    {
      "type": "WEB",
      "url": "https://bugzilla.redhat.com/show_bug.cgi?id=2181621"
    },
    {
      "type": "PACKAGE",
      "url": "https://github.com/openstack/heat"
    },
    {
      "type": "WEB",
      "url": "https://launchpad.net/bugs/1999665"
    }
  ],
  "affected": [
    {
      "package": {
        "name": "openstack-heat",
        "ecosystem": "PyPI",
        "purl": "pkg:pypi/openstack-heat"
      },
      "ranges": [
        {
          "type": "ECOSYSTEM",
          "events": [
            {
              "introduced": "0"
            },
            {
              "fixed": "20.0.0"
            }
          ]
        }
      ],
      "versions": [
        "11.0.0.0rc2.dev52",
        "11.0.2",
        "11.0.3",
        "12.0.0",
        "12.0.0.0rc1",
        "12.0.0.0rc2",
        "12.1.0",
        "12.2.0",
        "13.0.0",
        "13.0.0.0rc1",
        "13.0.0.0rc2",
        "13.0.1",
        "13.0.2",
        "13.1.0",
        "14.0.0",
        "14.0.0.0rc1",
        "14.1.0",
        "14.2.0",
        "15.0.0",
        "15.0.0.0rc1",
        "15.1.0",
        "16.0.0",
        "16.0.0.0rc1",
        "16.1.0",
        "17.0.0",
        "17.0.0.0rc1",
        "17.0.0.0rc2",
        "17.0.1",
        "17.0.2",
        "18.0.0",
        "18.0.0.0rc1",
        "18.0.1",
        "19.0.0",
        "19.0.0.0rc1",
        "19.0.0.0rc2",
        "19.0.1",
        "19.0.2",
        "20.0.0.0rc1",
        "20.0.0.0rc2"
      ],
      "database_specific": {
        "source": "https://github.com/github/advisory-database/blob/main/advisories/github-reviewed/2023/09/GHSA-5836-grcc-8j89/GHSA-5836-grcc-8j89.json"
      }
    }
  ],
  "schema_version": "1.6.0",
  "severity": [
    {
      "type": "CVSS_V3",
      "score": "CVSS:3.1/AV:N/AC:L/PR:L/UI:N/S:C/C:L/I:L/A:L"
    }
  ]
}