{
  "id": "GHSA-57qv-h9m7-jxfg",
  "summary": "Code-execution backdoor in marcador",
  "details": "marcador package in PyPI 0.1 through 0.13 included a code-execution backdoor.",
  "aliases": [
    "CVE-2022-28470",
    "PYSEC-2022-185"
  ],
  "modified": "2024-02-21T05:33:37.862742Z",
  "published": "2022-05-09T00:00:48Z",
  "database_specific": {
    "nvd_published_at": "2022-05-08T20:15:00Z",
    "cwe_ids": [],
    "severity": "CRITICAL",
    "github_reviewed": true,
    "github_reviewed_at": "2022-05-24T21:32:34Z"
  },
  "references": [
    {
      "type": "ADVISORY",
      "url": "https://nvd.nist.gov/vuln/detail/CVE-2022-28470"
    },
    {
      "type": "WEB",
      "url": "https://github.com/joajfreitas/marcador/issues/5"
    },
    {
      "type": "WEB",
      "url": "https://github.com/joajfreitas/marcador/commit/84d84549c6c6d765abc9243ac7e85d810f32d6e7"
    },
    {
      "type": "ADVISORY",
      "url": "https://github.com/advisories/GHSA-57qv-h9m7-jxfg"
    },
    {
      "type": "PACKAGE",
      "url": "https://github.com/joajfreitas/marcador"
    },
    {
      "type": "WEB",
      "url": "https://github.com/pypa/advisory-database/tree/main/vulns/marcador/PYSEC-2022-185.yaml"
    },
    {
      "type": "WEB",
      "url": "https://pypi.org/project/marcador"
    },
    {
      "type": "WEB",
      "url": "http://pypi.doubanio.com/simple/request"
    }
  ],
  "affected": [
    {
      "package": {
        "name": "marcador",
        "ecosystem": "PyPI",
        "purl": "pkg:pypi/marcador"
      },
      "ranges": [
        {
          "type": "ECOSYSTEM",
          "events": [
            {
              "introduced": "0"
            },
            {
              "fixed": "0.14"
            }
          ]
        }
      ],
      "versions": [
        "0.5.0",
        "0.5.2"
      ],
      "database_specific": {
        "source": "https://github.com/github/advisory-database/blob/main/advisories/github-reviewed/2022/05/GHSA-57qv-h9m7-jxfg/GHSA-57qv-h9m7-jxfg.json"
      }
    }
  ],
  "schema_version": "1.6.0",
  "severity": [
    {
      "type": "CVSS_V3",
      "score": "CVSS:3.1/AV:N/AC:L/PR:N/UI:N/S:U/C:H/I:H/A:H"
    }
  ]
}