{
  "id": "GHSA-3qj8-93xh-pwh2",
  "summary": "Starlette allows an unauthenticated and remote attacker to specify any number of form fields or files",
  "details": "There MultipartParser usage in Encode's Starlette python framework before versions 0.25.0 allows an unauthenticated and remote attacker to specify any number of form fields or files which can cause excessive memory usage resulting in denial of service of the HTTP service.",
  "aliases": [
    "CVE-2023-30798",
    "GHSA-74m5-2c7w-9w3x",
    "PYSEC-2023-48"
  ],
  "modified": "2024-02-16T08:16:20.470122Z",
  "published": "2023-04-21T18:30:24Z",
  "database_specific": {
    "nvd_published_at": "2023-04-21T16:15:07Z",
    "cwe_ids": [
      "CWE-400"
    ],
    "severity": "HIGH",
    "github_reviewed": true,
    "github_reviewed_at": "2023-04-21T20:04:27Z"
  },
  "references": [
    {
      "type": "WEB",
      "url": "https://github.com/encode/starlette/security/advisories/GHSA-74m5-2c7w-9w3x"
    },
    {
      "type": "ADVISORY",
      "url": "https://nvd.nist.gov/vuln/detail/CVE-2023-30798"
    },
    {
      "type": "WEB",
      "url": "https://github.com/encode/starlette/commit/8c74c2c8dba7030154f8af18e016136bea1938fa"
    },
    {
      "type": "PACKAGE",
      "url": "https://github.com/encode/starlette"
    },
    {
      "type": "WEB",
      "url": "https://vulncheck.com/advisories/starlette-multipartparser-dos"
    }
  ],
  "affected": [
    {
      "package": {
        "name": "starlette",
        "ecosystem": "PyPI",
        "purl": "pkg:pypi/starlette"
      },
      "ranges": [
        {
          "type": "ECOSYSTEM",
          "events": [
            {
              "introduced": "0"
            },
            {
              "fixed": "0.25.0"
            }
          ]
        }
      ],
      "versions": [
        "0.1.0",
        "0.1.1",
        "0.1.10",
        "0.1.11",
        "0.1.12",
        "0.1.13",
        "0.1.14",
        "0.1.15",
        "0.1.16",
        "0.1.17",
        "0.1.2",
        "0.1.3",
        "0.1.4",
        "0.1.5",
        "0.1.6",
        "0.1.7",
        "0.1.8",
        "0.1.9",
        "0.10.0",
        "0.10.1",
        "0.10.2",
        "0.10.3",
        "0.10.4",
        "0.10.5",
        "0.10.6",
        "0.10.7",
        "0.11.0",
        "0.11.1",
        "0.11.2",
        "0.11.3",
        "0.11.4",
        "0.12.0",
        "0.12.0b1",
        "0.12.0b2",
        "0.12.0b3",
        "0.12.1",
        "0.12.10",
        "0.12.11",
        "0.12.12",
        "0.12.13",
        "0.12.2",
        "0.12.3",
        "0.12.4",
        "0.12.5",
        "0.12.6",
        "0.12.7",
        "0.12.8",
        "0.12.9",
        "0.13.0",
        "0.13.1",
        "0.13.2",
        "0.13.3",
        "0.13.4",
        "0.13.5",
        "0.13.6",
        "0.13.7",
        "0.13.8",
        "0.14.0",
        "0.14.1",
        "0.14.2",
        "0.15.0",
        "0.16.0",
        "0.17.0",
        "0.17.1",
        "0.18.0",
        "0.19.0",
        "0.19.1",
        "0.2.0",
        "0.2.1",
        "0.2.2",
        "0.2.3",
        "0.20.0",
        "0.20.1",
        "0.20.2",
        "0.20.3",
        "0.20.4",
        "0.21.0",
        "0.22.0",
        "0.23.0",
        "0.23.1",
        "0.24.0",
        "0.3.0",
        "0.3.1",
        "0.3.2",
        "0.3.3",
        "0.3.4",
        "0.3.5",
        "0.3.6",
        "0.3.7",
        "0.4.0",
        "0.4.1",
        "0.4.2",
        "0.5.0",
        "0.5.1",
        "0.5.2",
        "0.5.3",
        "0.5.4",
        "0.5.5",
        "0.6.0",
        "0.6.1",
        "0.6.2",
        "0.6.3",
        "0.7.0",
        "0.7.1",
        "0.7.2",
        "0.7.3",
        "0.7.4",
        "0.8.0",
        "0.8.1",
        "0.8.2",
        "0.8.3",
        "0.8.4",
        "0.8.5",
        "0.8.6",
        "0.8.7",
        "0.8.8",
        "0.9.0",
        "0.9.1",
        "0.9.10",
        "0.9.11",
        "0.9.2",
        "0.9.3",
        "0.9.4",
        "0.9.5",
        "0.9.6",
        "0.9.7",
        "0.9.8",
        "0.9.9"
      ],
      "ecosystem_specific": {
        "affected_functions": [
          "starlette.requests.Request.form"
        ]
      },
      "database_specific": {
        "source": "https://github.com/github/advisory-database/blob/main/advisories/github-reviewed/2023/04/GHSA-3qj8-93xh-pwh2/GHSA-3qj8-93xh-pwh2.json"
      }
    }
  ],
  "schema_version": "1.6.0",
  "severity": [
    {
      "type": "CVSS_V3",
      "score": "CVSS:3.1/AV:N/AC:L/PR:N/UI:N/S:U/C:N/I:N/A:H"
    }
  ]
}