{
  "id": "GHSA-2hvc-hwg3-hpvw",
  "summary": "PaddlePaddle Out-of-bounds Read vulnerability",
  "details": "Out-of-bounds read in `gather_tree` in PaddlePaddle before 2.4. A [patch](https://github.com/PaddlePaddle/Paddle/commit/6712e262fc6734873cc6d5ca4f45973339a88697) is available in the `release/2.4` branch.",
  "aliases": [
    "CVE-2022-46741"
  ],
  "modified": "2023-11-08T04:10:57.592222Z",
  "published": "2022-12-07T09:30:23Z",
  "database_specific": {
    "nvd_published_at": "2022-12-07T08:15:00Z",
    "github_reviewed_at": "2022-12-09T20:08:15Z",
    "severity": "CRITICAL",
    "github_reviewed": true,
    "cwe_ids": [
      "CWE-125"
    ]
  },
  "references": [
    {
      "type": "ADVISORY",
      "url": "https://nvd.nist.gov/vuln/detail/CVE-2022-46741"
    },
    {
      "type": "WEB",
      "url": "https://github.com/PaddlePaddle/Paddle/pull/47051"
    },
    {
      "type": "WEB",
      "url": "https://github.com/PaddlePaddle/Paddle/commit/6712e262fc6734873cc6d5ca4f45973339a88697"
    },
    {
      "type": "WEB",
      "url": "https://github.com/PaddlePaddle/Paddle/commit/ee6e6d511f9f33fc862c11722701fb5abb99ed94"
    },
    {
      "type": "PACKAGE",
      "url": "https://github.com/PaddlePaddle/Paddle"
    },
    {
      "type": "WEB",
      "url": "https://github.com/PaddlePaddle/Paddle/blob/develop/security/advisory/pdsa-2022-001.md"
    }
  ],
  "affected": [
    {
      "package": {
        "name": "paddlepaddle",
        "ecosystem": "PyPI",
        "purl": "pkg:pypi/paddlepaddle"
      },
      "ranges": [
        {
          "type": "ECOSYSTEM",
          "events": [
            {
              "introduced": "0"
            },
            {
              "fixed": "2.4"
            }
          ]
        }
      ],
      "versions": [
        "1.8.5",
        "2.0.0",
        "2.0.0b0",
        "2.0.0rc0",
        "2.0.0rc1",
        "2.0.1",
        "2.0.2",
        "2.1.0",
        "2.1.1",
        "2.1.2",
        "2.1.3",
        "2.2.0",
        "2.2.0rc0",
        "2.2.1",
        "2.2.2",
        "2.3.0",
        "2.3.0rc0",
        "2.3.1",
        "2.3.2",
        "2.4.0rc0"
      ],
      "database_specific": {
        "source": "https://github.com/github/advisory-database/blob/main/advisories/github-reviewed/2022/12/GHSA-2hvc-hwg3-hpvw/GHSA-2hvc-hwg3-hpvw.json"
      }
    }
  ],
  "schema_version": "1.6.0",
  "severity": [
    {
      "type": "CVSS_V3",
      "score": "CVSS:3.1/AV:N/AC:L/PR:N/UI:N/S:U/C:H/I:N/A:H"
    }
  ]
}