{
  "id": "GHSA-54qj-48vx-cr9f",
  "summary": "Django Cross-site scripting (XSS) vulnerability",
  "details": "Cross-site scripting (XSS) vulnerability in the login form in the administration application in Django 0.91 before 0.91.2, 0.95 before 0.95.3, and 0.96 before 0.96.2 allows remote attackers to inject arbitrary web script or HTML via the URI of a certain previous request.",
  "aliases": [
    "CVE-2008-2302",
    "PYSEC-2008-1"
  ],
  "modified": "2024-05-21T20:31:08Z",
  "published": "2022-05-01T23:48:43Z",
  "database_specific": {
    "nvd_published_at": "2008-05-23T15:32:00Z",
    "cwe_ids": [
      "CWE-79"
    ],
    "severity": "MODERATE",
    "github_reviewed": true,
    "github_reviewed_at": "2023-09-22T23:12:26Z"
  },
  "references": [
    {
      "type": "ADVISORY",
      "url": "https://nvd.nist.gov/vuln/detail/CVE-2008-2302"
    },
    {
      "type": "WEB",
      "url": "https://github.com/django/django/commit/50ce7fb57d79e8940ccf6e2781f2f01df029b5c5"
    },
    {
      "type": "WEB",
      "url": "https://github.com/django/django/commit/6e657e2c404a96e744748209e896d8a69c15fdf2"
    },
    {
      "type": "WEB",
      "url": "https://github.com/django/django/commit/7791e5c050cebf86d868c5dab7092185b125fdc9"
    },
    {
      "type": "WEB",
      "url": "https://exchange.xforce.ibmcloud.com/vulnerabilities/42396"
    },
    {
      "type": "PACKAGE",
      "url": "https://github.com/django/django"
    },
    {
      "type": "WEB",
      "url": "http://secunia.com/advisories/30250"
    },
    {
      "type": "WEB",
      "url": "http://secunia.com/advisories/30291"
    },
    {
      "type": "WEB",
      "url": "http://securitytracker.com/id?1020028"
    },
    {
      "type": "WEB",
      "url": "http://www.djangoproject.com/weblog/2008/may/14/security"
    },
    {
      "type": "WEB",
      "url": "http://www.securityfocus.com/bid/29209"
    },
    {
      "type": "WEB",
      "url": "http://www.vupen.com/english/advisories/2008/1618"
    }
  ],
  "affected": [
    {
      "package": {
        "name": "django",
        "ecosystem": "PyPI",
        "purl": "pkg:pypi/django"
      },
      "ranges": [
        {
          "type": "ECOSYSTEM",
          "events": [
            {
              "introduced": "0.91"
            },
            {
              "fixed": "0.91.2"
            }
          ]
        }
      ],
      "database_specific": {
        "source": "https://github.com/github/advisory-database/blob/main/advisories/github-reviewed/2022/05/GHSA-54qj-48vx-cr9f/GHSA-54qj-48vx-cr9f.json"
      },
      "versions": []
    },
    {
      "package": {
        "name": "django",
        "ecosystem": "PyPI",
        "purl": "pkg:pypi/django"
      },
      "ranges": [
        {
          "type": "ECOSYSTEM",
          "events": [
            {
              "introduced": "0.95"
            },
            {
              "fixed": "0.95.3"
            }
          ]
        }
      ],
      "database_specific": {
        "source": "https://github.com/github/advisory-database/blob/main/advisories/github-reviewed/2022/05/GHSA-54qj-48vx-cr9f/GHSA-54qj-48vx-cr9f.json"
      },
      "versions": []
    },
    {
      "package": {
        "name": "django",
        "ecosystem": "PyPI",
        "purl": "pkg:pypi/django"
      },
      "ranges": [
        {
          "type": "ECOSYSTEM",
          "events": [
            {
              "introduced": "0.96"
            },
            {
              "fixed": "0.96.2"
            }
          ]
        }
      ],
      "database_specific": {
        "source": "https://github.com/github/advisory-database/blob/main/advisories/github-reviewed/2022/05/GHSA-54qj-48vx-cr9f/GHSA-54qj-48vx-cr9f.json"
      },
      "versions": []
    }
  ],
  "schema_version": "1.6.0"
}