{
  "id": "GHSA-562c-5r94-xh97",
  "summary": "Flask is vulnerable to Denial of Service via incorrect encoding of JSON data",
  "details": "The Pallets Project flask version Before 0.12.3 contains a CWE-20: Improper Input Validation vulnerability in flask that can result in Large amount of memory usage possibly leading to denial of service. This attack appear to be exploitable via Attacker provides JSON data in incorrect encoding. This vulnerability appears to have been fixed in 0.12.3.",
  "aliases": [
    "CVE-2018-1000656",
    "PYSEC-2018-66"
  ],
  "modified": "2024-02-22T05:31:38.513919Z",
  "published": "2018-08-23T19:10:40Z",
  "database_specific": {
    "nvd_published_at": null,
    "cwe_ids": [
      "CWE-20"
    ],
    "severity": "HIGH",
    "github_reviewed": true,
    "github_reviewed_at": "2020-06-16T21:00:05Z"
  },
  "references": [
    {
      "type": "ADVISORY",
      "url": "https://nvd.nist.gov/vuln/detail/CVE-2018-1000656"
    },
    {
      "type": "WEB",
      "url": "https://github.com/pallets/flask/pull/2691"
    },
    {
      "type": "WEB",
      "url": "https://github.com/pallets/flask/commit/b178e89e4456e777b1a7ac6d7199052d0dfdbbbe"
    },
    {
      "type": "ADVISORY",
      "url": "https://github.com/advisories/GHSA-562c-5r94-xh97"
    },
    {
      "type": "PACKAGE",
      "url": "https://github.com/pallets/flask"
    },
    {
      "type": "WEB",
      "url": "https://github.com/pallets/flask/releases/tag/0.12.3"
    },
    {
      "type": "WEB",
      "url": "https://lists.debian.org/debian-lts-announce/2019/08/msg00025.html"
    },
    {
      "type": "WEB",
      "url": "https://security.netapp.com/advisory/ntap-20190221-0001"
    },
    {
      "type": "WEB",
      "url": "https://usn.ubuntu.com/4378-1"
    }
  ],
  "affected": [
    {
      "package": {
        "name": "flask",
        "ecosystem": "PyPI",
        "purl": "pkg:pypi/flask"
      },
      "ranges": [
        {
          "type": "ECOSYSTEM",
          "events": [
            {
              "introduced": "0"
            },
            {
              "fixed": "0.12.3"
            }
          ]
        }
      ],
      "versions": [
        "0.1",
        "0.10",
        "0.10.1",
        "0.11",
        "0.11.1",
        "0.12",
        "0.12.1",
        "0.12.2",
        "0.2",
        "0.3",
        "0.3.1",
        "0.4",
        "0.5",
        "0.5.1",
        "0.5.2",
        "0.6",
        "0.6.1",
        "0.7",
        "0.7.1",
        "0.7.2",
        "0.8",
        "0.8.1",
        "0.9"
      ],
      "ecosystem_specific": {
        "affected_functions": [
          "flask.json.loads",
          "flask.wrappers.Request.get_json"
        ]
      },
      "database_specific": {
        "source": "https://github.com/github/advisory-database/blob/main/advisories/github-reviewed/2018/08/GHSA-562c-5r94-xh97/GHSA-562c-5r94-xh97.json"
      }
    }
  ],
  "schema_version": "1.6.0",
  "severity": [
    {
      "type": "CVSS_V3",
      "score": "CVSS:3.1/AV:N/AC:L/PR:N/UI:N/S:U/C:N/I:N/A:H"
    }
  ]
}