{
  "id": "GHSA-3xvg-x47j-x75w",
  "summary": "Ansible Improper Input Validation vulnerability",
  "details": "In ansible it was found that inventory variables are loaded from current working directory when running ad-hoc command which are under attacker's control, allowing to run arbitrary code as a result.",
  "aliases": [
    "CVE-2018-10874",
    "PYSEC-2018-81"
  ],
  "modified": "2024-09-09T21:20:36.159737Z",
  "published": "2022-05-13T01:07:34Z",
  "database_specific": {
    "nvd_published_at": "2018-07-02T13:29:00Z",
    "cwe_ids": [
      "CWE-20",
      "CWE-426"
    ],
    "severity": "HIGH",
    "github_reviewed": true,
    "github_reviewed_at": "2023-02-08T18:08:29Z"
  },
  "references": [
    {
      "type": "ADVISORY",
      "url": "https://nvd.nist.gov/vuln/detail/CVE-2018-10874"
    },
    {
      "type": "WEB",
      "url": "https://github.com/ansible/ansible/pull/42067"
    },
    {
      "type": "WEB",
      "url": "https://github.com/ansible/ansible/commit/44874addc7ea136f83c67d5869047ece02645fdb"
    },
    {
      "type": "WEB",
      "url": "https://github.com/ansible/ansible/commit/1f80949f964a946773f9d3ac1899535bd2cc2b8e"
    },
    {
      "type": "WEB",
      "url": "https://github.com/ansible/ansible/commit/10d6fe6c98cfee9a7be0fea6102ba5dec951aec7"
    },
    {
      "type": "WEB",
      "url": "https://web.archive.org/web/20201130165946/http://www.securitytracker.com/id/1041396"
    },
    {
      "type": "WEB",
      "url": "https://usn.ubuntu.com/4072-1"
    },
    {
      "type": "WEB",
      "url": "https://github.com/pypa/advisory-database/tree/main/vulns/ansible/PYSEC-2018-81.yaml"
    },
    {
      "type": "PACKAGE",
      "url": "https://github.com/ansible/ansible"
    },
    {
      "type": "WEB",
      "url": "https://bugzilla.redhat.com/show_bug.cgi?id=CVE-2018-10874"
    },
    {
      "type": "WEB",
      "url": "https://bugzilla.redhat.com/show_bug.cgi?id=1596528"
    },
    {
      "type": "WEB",
      "url": "https://access.redhat.com/security/cve/CVE-2018-10874"
    },
    {
      "type": "WEB",
      "url": "https://access.redhat.com/errata/RHSA-2019:0054"
    },
    {
      "type": "WEB",
      "url": "https://access.redhat.com/errata/RHSA-2018:2585"
    },
    {
      "type": "WEB",
      "url": "https://access.redhat.com/errata/RHSA-2018:2321"
    },
    {
      "type": "WEB",
      "url": "https://access.redhat.com/errata/RHSA-2018:2166"
    },
    {
      "type": "WEB",
      "url": "https://access.redhat.com/errata/RHSA-2018:2152"
    },
    {
      "type": "WEB",
      "url": "https://access.redhat.com/errata/RHSA-2018:2151"
    },
    {
      "type": "WEB",
      "url": "https://access.redhat.com/errata/RHSA-2018:2150"
    },
    {
      "type": "WEB",
      "url": "https://access.redhat.com/errata/RHBA-2018:3788"
    }
  ],
  "affected": [
    {
      "package": {
        "name": "ansible",
        "ecosystem": "PyPI",
        "purl": "pkg:pypi/ansible"
      },
      "ranges": [
        {
          "type": "ECOSYSTEM",
          "events": [
            {
              "introduced": "0"
            },
            {
              "fixed": "2.4.6.0"
            }
          ]
        }
      ],
      "versions": [
        "1.0",
        "1.1",
        "1.2",
        "1.2.1",
        "1.2.2",
        "1.2.3",
        "1.3.0",
        "1.3.1",
        "1.3.2",
        "1.3.3",
        "1.3.4",
        "1.4",
        "1.4.1",
        "1.4.2",
        "1.4.3",
        "1.4.4",
        "1.4.5",
        "1.5",
        "1.5.1",
        "1.5.2",
        "1.5.3",
        "1.5.4",
        "1.5.5",
        "1.6",
        "1.6.1",
        "1.6.10",
        "1.6.2",
        "1.6.3",
        "1.6.4",
        "1.6.5",
        "1.6.6",
        "1.6.7",
        "1.6.8",
        "1.6.9",
        "1.7",
        "1.7.1",
        "1.7.2",
        "1.8",
        "1.8.1",
        "1.8.2",
        "1.8.3",
        "1.8.4",
        "1.9.0",
        "1.9.0.1",
        "1.9.1",
        "1.9.2",
        "1.9.3",
        "1.9.4",
        "1.9.5",
        "1.9.6",
        "2.0.0",
        "2.0.0.0",
        "2.0.0.1",
        "2.0.0.2",
        "2.0.1.0",
        "2.0.2.0",
        "2.1.0.0",
        "2.1.1.0",
        "2.1.2.0",
        "2.1.3.0",
        "2.1.4.0",
        "2.1.5.0",
        "2.1.6.0",
        "2.2.0.0",
        "2.2.1.0",
        "2.2.2.0",
        "2.2.3.0",
        "2.3.0.0",
        "2.3.1.0",
        "2.3.2.0",
        "2.3.3.0",
        "2.4.0.0",
        "2.4.1.0",
        "2.4.2.0",
        "2.4.3.0",
        "2.4.4.0",
        "2.4.5.0"
      ],
      "database_specific": {
        "source": "https://github.com/github/advisory-database/blob/main/advisories/github-reviewed/2022/05/GHSA-3xvg-x47j-x75w/GHSA-3xvg-x47j-x75w.json"
      }
    },
    {
      "package": {
        "name": "ansible",
        "ecosystem": "PyPI",
        "purl": "pkg:pypi/ansible"
      },
      "ranges": [
        {
          "type": "ECOSYSTEM",
          "events": [
            {
              "introduced": "2.5"
            },
            {
              "fixed": "2.5.6"
            }
          ]
        }
      ],
      "versions": [
        "2.5.0",
        "2.5.1",
        "2.5.2",
        "2.5.3",
        "2.5.4",
        "2.5.5"
      ],
      "database_specific": {
        "source": "https://github.com/github/advisory-database/blob/main/advisories/github-reviewed/2022/05/GHSA-3xvg-x47j-x75w/GHSA-3xvg-x47j-x75w.json"
      }
    },
    {
      "package": {
        "name": "ansible",
        "ecosystem": "PyPI",
        "purl": "pkg:pypi/ansible"
      },
      "ranges": [
        {
          "type": "ECOSYSTEM",
          "events": [
            {
              "introduced": "2.6"
            },
            {
              "fixed": "2.6.1"
            }
          ]
        }
      ],
      "versions": [
        "2.6.0"
      ],
      "database_specific": {
        "source": "https://github.com/github/advisory-database/blob/main/advisories/github-reviewed/2022/05/GHSA-3xvg-x47j-x75w/GHSA-3xvg-x47j-x75w.json"
      }
    }
  ],
  "schema_version": "1.6.0",
  "severity": [
    {
      "type": "CVSS_V3",
      "score": "CVSS:3.0/AV:L/AC:L/PR:L/UI:N/S:U/C:H/I:H/A:H"
    },
    {
      "type": "CVSS_V4",
      "score": "CVSS:4.0/AV:L/AC:L/AT:N/PR:L/UI:N/VC:H/VI:H/VA:H/SC:N/SI:N/SA:N"
    }
  ]
}