{
  "id": "GHSA-269x-pg5c-5xgm",
  "summary": "Apache Airflow Execution with Unnecessary Privileges",
  "details": "Execution with Unnecessary Privileges, : Exposure of Sensitive Information to an Unauthorized Actor vulnerability in Apache Software Foundation Apache Airflow.The \"Run Task\" feature enables authenticated user to bypass some of the restrictions put in place. It allows to execute code in the webserver context as well as allows to bypas limitation of access the user has to certain DAGs. The \"Run Task\" feature is considered dangerous and it has been removed entirely in Airflow 2.6.0.\n\nThis issue affects Apache Airflow: before 2.6.0.\n\n",
  "aliases": [
    "BIT-airflow-2023-39508",
    "CVE-2023-39508",
    "PYSEC-2023-134"
  ],
  "modified": "2024-09-12T14:52:12.255173Z",
  "published": "2023-08-05T09:30:16Z",
  "database_specific": {
    "nvd_published_at": "2023-08-05T07:15:43Z",
    "cwe_ids": [
      "CWE-200"
    ],
    "severity": "HIGH",
    "github_reviewed": true,
    "github_reviewed_at": "2023-08-09T14:26:52Z"
  },
  "references": [
    {
      "type": "ADVISORY",
      "url": "https://nvd.nist.gov/vuln/detail/CVE-2023-39508"
    },
    {
      "type": "WEB",
      "url": "https://github.com/apache/airflow/pull/29706"
    },
    {
      "type": "WEB",
      "url": "https://github.com/apache/airflow/commit/101d59c4b88ab979d305b8d96f612c27c8a44aa8"
    },
    {
      "type": "PACKAGE",
      "url": "https://github.com/apache/airflow"
    },
    {
      "type": "WEB",
      "url": "https://github.com/pypa/advisory-database/tree/main/vulns/apache-airflow/PYSEC-2023-134.yaml"
    },
    {
      "type": "WEB",
      "url": "https://lists.apache.org/thread/j2nkjd0zqvtqk85s6ywpx3c35pvzyx15"
    },
    {
      "type": "WEB",
      "url": "http://seclists.org/fulldisclosure/2023/Jul/43"
    }
  ],
  "affected": [
    {
      "package": {
        "name": "apache-airflow",
        "ecosystem": "PyPI",
        "purl": "pkg:pypi/apache-airflow"
      },
      "ranges": [
        {
          "type": "ECOSYSTEM",
          "events": [
            {
              "introduced": "0"
            },
            {
              "fixed": "2.6.0b1"
            }
          ]
        }
      ],
      "versions": [
        "1.10.0",
        "1.10.1",
        "1.10.10",
        "1.10.10rc1",
        "1.10.10rc2",
        "1.10.10rc3",
        "1.10.10rc4",
        "1.10.10rc5",
        "1.10.11",
        "1.10.11rc1",
        "1.10.11rc2",
        "1.10.12",
        "1.10.12rc1",
        "1.10.12rc2",
        "1.10.12rc3",
        "1.10.12rc4",
        "1.10.13",
        "1.10.13rc1",
        "1.10.14",
        "1.10.14rc1",
        "1.10.14rc2",
        "1.10.14rc3",
        "1.10.14rc4",
        "1.10.15",
        "1.10.15rc1",
        "1.10.1b1",
        "1.10.1rc2",
        "1.10.2",
        "1.10.2b2",
        "1.10.2rc1",
        "1.10.2rc2",
        "1.10.2rc3",
        "1.10.3",
        "1.10.3b1",
        "1.10.3b2",
        "1.10.3rc1",
        "1.10.3rc2",
        "1.10.4",
        "1.10.4b2",
        "1.10.4rc1",
        "1.10.4rc2",
        "1.10.4rc3",
        "1.10.4rc4",
        "1.10.4rc5",
        "1.10.5",
        "1.10.5rc1",
        "1.10.6",
        "1.10.6rc1",
        "1.10.6rc2",
        "1.10.7",
        "1.10.7rc1",
        "1.10.7rc2",
        "1.10.7rc3",
        "1.10.8",
        "1.10.8rc1",
        "1.10.9",
        "1.10.9rc1",
        "1.8.1",
        "1.8.2",
        "1.8.2rc1",
        "1.9.0",
        "2.0.0",
        "2.0.0b1",
        "2.0.0b2",
        "2.0.0b3",
        "2.0.0rc1",
        "2.0.0rc2",
        "2.0.0rc3",
        "2.0.1",
        "2.0.1rc1",
        "2.0.1rc2",
        "2.0.2",
        "2.0.2rc1",
        "2.1.0",
        "2.1.0rc1",
        "2.1.0rc2",
        "2.1.1",
        "2.1.1rc1",
        "2.1.2",
        "2.1.2rc1",
        "2.1.3",
        "2.1.3rc1",
        "2.1.4",
        "2.1.4rc1",
        "2.1.4rc2",
        "2.2.0",
        "2.2.0b1",
        "2.2.0b2",
        "2.2.0rc1",
        "2.2.1",
        "2.2.1rc1",
        "2.2.1rc2",
        "2.2.2",
        "2.2.2rc1",
        "2.2.2rc2",
        "2.2.3",
        "2.2.3rc1",
        "2.2.3rc2",
        "2.2.4",
        "2.2.4rc1",
        "2.2.5",
        "2.2.5rc1",
        "2.2.5rc2",
        "2.2.5rc3",
        "2.3.0",
        "2.3.0b1",
        "2.3.0rc1",
        "2.3.0rc2",
        "2.3.1",
        "2.3.1rc1",
        "2.3.2",
        "2.3.2rc1",
        "2.3.2rc2",
        "2.3.3",
        "2.3.3rc1",
        "2.3.3rc2",
        "2.3.3rc3",
        "2.3.4",
        "2.3.4rc1",
        "2.4.0",
        "2.4.0b1",
        "2.4.0rc1",
        "2.4.1",
        "2.4.1rc1",
        "2.4.2",
        "2.4.2rc1",
        "2.4.3",
        "2.4.3rc1",
        "2.5.0",
        "2.5.0rc1",
        "2.5.0rc2",
        "2.5.0rc3",
        "2.5.1",
        "2.5.1rc1",
        "2.5.1rc2",
        "2.5.2",
        "2.5.2rc1",
        "2.5.2rc2",
        "2.5.3",
        "2.5.3rc1",
        "2.5.3rc2"
      ],
      "database_specific": {
        "source": "https://github.com/github/advisory-database/blob/main/advisories/github-reviewed/2023/08/GHSA-269x-pg5c-5xgm/GHSA-269x-pg5c-5xgm.json"
      }
    }
  ],
  "schema_version": "1.6.0",
  "severity": [
    {
      "type": "CVSS_V3",
      "score": "CVSS:3.1/AV:N/AC:L/PR:L/UI:N/S:U/C:H/I:H/A:H"
    },
    {
      "type": "CVSS_V4",
      "score": "CVSS:4.0/AV:N/AC:L/AT:N/PR:L/UI:N/VC:H/VI:H/VA:H/SC:N/SI:N/SA:N"
    }
  ]
}