{
  "id": "GHSA-27rc-728f-x5w2",
  "summary": "`CHECK` fail via inputs in `SdcaOptimizer`",
  "details": "### Impact\nInputs `dense_features` or `example_state_data` not of rank 2 will trigger a `CHECK` fail in [`SdcaOptimizer`](https://github.com/tensorflow/tensorflow/blob/master/tensorflow/core/kernels/sdca_internal.cc).\n\n```python\nimport tensorflow as tf\n\ntf.raw_ops.SdcaOptimizer(\n    sparse_example_indices=4 * [tf.random.uniform([5,5,5,3], dtype=tf.dtypes.int64, maxval=100)],\n    sparse_feature_indices=4 * [tf.random.uniform([5,5,5,3], dtype=tf.dtypes.int64, maxval=100)],\n    sparse_feature_values=8 * [tf.random.uniform([5,5,5,3], dtype=tf.dtypes.float32, maxval=100)],\n    dense_features=4 * [tf.random.uniform([5,5,5,3], dtype=tf.dtypes.float32, maxval=100)],\n    example_weights=tf.random.uniform([5,5,5,3], dtype=tf.dtypes.float32, maxval=100),\n    example_labels=tf.random.uniform([5,5,5,3], dtype=tf.dtypes.float32, maxval=100),\n    sparse_indices=4 * [tf.random.uniform([5,5,5,3], dtype=tf.dtypes.int64, maxval=100)],\n    sparse_weights=4 * [tf.random.uniform([5,5,5,3], dtype=tf.dtypes.float32, maxval=100)],\n    dense_weights=4 * [tf.random.uniform([5,5,5,3], dtype=tf.dtypes.float32, maxval=100)],\n    example_state_data=tf.random.uniform([5,5,5,3], dtype=tf.dtypes.float32, maxval=100),\n    loss_type=\"squared_loss\",\n    l1=0.0,\n    l2=0.0,\n    num_loss_partitions=1,\n    num_inner_iterations=1,\n    adaptative=False,)\n```\n\n### Patches\nWe have patched the issue in GitHub commit [80ff197d03db2a70c6a111f97dcdacad1b0babfa](https://github.com/tensorflow/tensorflow/commit/80ff197d03db2a70c6a111f97dcdacad1b0babfa).\n\nThe fix will be included in TensorFlow 2.11. We will also cherrypick this commit on TensorFlow 2.10.1, 2.9.3, and TensorFlow 2.8.4, as these are also affected and still in supported range.\n\n\n### For more information\nPlease consult [our security guide](https://github.com/tensorflow/tensorflow/blob/master/SECURITY.md) for more information regarding the security model and how to contact us with issues and questions.\n\n\n### Attribution\nThis vulnerability has been reported by Zizhuang Deng of IIE, UCAS\n",
  "aliases": [
    "BIT-tensorflow-2022-41899",
    "CVE-2022-41899"
  ],
  "modified": "2024-02-16T08:10:55.541191Z",
  "published": "2022-11-21T21:54:26Z",
  "database_specific": {
    "nvd_published_at": "2022-11-18T22:15:00Z",
    "cwe_ids": [
      "CWE-20",
      "CWE-617"
    ],
    "severity": "MODERATE",
    "github_reviewed": true,
    "github_reviewed_at": "2022-11-21T21:54:26Z"
  },
  "references": [
    {
      "type": "WEB",
      "url": "https://github.com/tensorflow/tensorflow/security/advisories/GHSA-27rc-728f-x5w2"
    },
    {
      "type": "ADVISORY",
      "url": "https://nvd.nist.gov/vuln/detail/CVE-2022-41899"
    },
    {
      "type": "WEB",
      "url": "https://github.com/tensorflow/tensorflow/commit/80ff197d03db2a70c6a111f97dcdacad1b0babfa"
    },
    {
      "type": "PACKAGE",
      "url": "https://github.com/tensorflow/tensorflow"
    },
    {
      "type": "WEB",
      "url": "https://github.com/tensorflow/tensorflow/blob/master/tensorflow/core/kernels/sdca_internal.cc"
    }
  ],
  "affected": [
    {
      "package": {
        "name": "tensorflow",
        "ecosystem": "PyPI",
        "purl": "pkg:pypi/tensorflow"
      },
      "ranges": [
        {
          "type": "ECOSYSTEM",
          "events": [
            {
              "introduced": "0"
            },
            {
              "fixed": "2.8.4"
            }
          ]
        }
      ],
      "versions": [
        "0.12.0",
        "0.12.1",
        "1.0.0",
        "1.0.1",
        "1.1.0",
        "1.10.0",
        "1.10.1",
        "1.11.0",
        "1.12.0",
        "1.12.2",
        "1.12.3",
        "1.13.1",
        "1.13.2",
        "1.14.0",
        "1.15.0",
        "1.15.2",
        "1.15.3",
        "1.15.4",
        "1.15.5",
        "1.2.0",
        "1.2.1",
        "1.3.0",
        "1.4.0",
        "1.4.1",
        "1.5.0",
        "1.5.1",
        "1.6.0",
        "1.7.0",
        "1.7.1",
        "1.8.0",
        "1.9.0",
        "2.0.0",
        "2.0.1",
        "2.0.2",
        "2.0.3",
        "2.0.4",
        "2.1.0",
        "2.1.1",
        "2.1.2",
        "2.1.3",
        "2.1.4",
        "2.2.0",
        "2.2.1",
        "2.2.2",
        "2.2.3",
        "2.3.0",
        "2.3.1",
        "2.3.2",
        "2.3.3",
        "2.3.4",
        "2.4.0",
        "2.4.1",
        "2.4.2",
        "2.4.3",
        "2.4.4",
        "2.5.0",
        "2.5.1",
        "2.5.2",
        "2.5.3",
        "2.6.0",
        "2.6.0rc0",
        "2.6.0rc1",
        "2.6.0rc2",
        "2.6.1",
        "2.6.2",
        "2.6.3",
        "2.6.4",
        "2.6.5",
        "2.7.0",
        "2.7.0rc0",
        "2.7.0rc1",
        "2.7.1",
        "2.7.2",
        "2.7.3",
        "2.7.4",
        "2.8.0",
        "2.8.0rc0",
        "2.8.0rc1",
        "2.8.1",
        "2.8.2",
        "2.8.3"
      ],
      "database_specific": {
        "source": "https://github.com/github/advisory-database/blob/main/advisories/github-reviewed/2022/11/GHSA-27rc-728f-x5w2/GHSA-27rc-728f-x5w2.json"
      }
    },
    {
      "package": {
        "name": "tensorflow",
        "ecosystem": "PyPI",
        "purl": "pkg:pypi/tensorflow"
      },
      "ranges": [
        {
          "type": "ECOSYSTEM",
          "events": [
            {
              "introduced": "2.9.0"
            },
            {
              "fixed": "2.9.3"
            }
          ]
        }
      ],
      "versions": [
        "2.9.0",
        "2.9.1",
        "2.9.2"
      ],
      "database_specific": {
        "source": "https://github.com/github/advisory-database/blob/main/advisories/github-reviewed/2022/11/GHSA-27rc-728f-x5w2/GHSA-27rc-728f-x5w2.json"
      }
    },
    {
      "package": {
        "name": "tensorflow",
        "ecosystem": "PyPI",
        "purl": "pkg:pypi/tensorflow"
      },
      "ranges": [
        {
          "type": "ECOSYSTEM",
          "events": [
            {
              "introduced": "2.10.0"
            },
            {
              "fixed": "2.10.1"
            }
          ]
        }
      ],
      "versions": [
        "2.10.0"
      ],
      "database_specific": {
        "source": "https://github.com/github/advisory-database/blob/main/advisories/github-reviewed/2022/11/GHSA-27rc-728f-x5w2/GHSA-27rc-728f-x5w2.json"
      }
    },
    {
      "package": {
        "name": "tensorflow-cpu",
        "ecosystem": "PyPI",
        "purl": "pkg:pypi/tensorflow-cpu"
      },
      "ranges": [
        {
          "type": "ECOSYSTEM",
          "events": [
            {
              "introduced": "0"
            },
            {
              "fixed": "2.8.4"
            }
          ]
        }
      ],
      "versions": [
        "1.15.0",
        "2.1.0",
        "2.1.1",
        "2.1.2",
        "2.1.3",
        "2.1.4",
        "2.2.0",
        "2.2.1",
        "2.2.2",
        "2.2.3",
        "2.3.0",
        "2.3.1",
        "2.3.2",
        "2.3.3",
        "2.3.4",
        "2.4.0",
        "2.4.1",
        "2.4.2",
        "2.4.3",
        "2.4.4",
        "2.5.0",
        "2.5.1",
        "2.5.2",
        "2.5.3",
        "2.6.0",
        "2.6.1",
        "2.6.2",
        "2.6.3",
        "2.6.4",
        "2.6.5",
        "2.7.0",
        "2.7.1",
        "2.7.2",
        "2.7.3",
        "2.7.4",
        "2.8.0",
        "2.8.1",
        "2.8.2",
        "2.8.3"
      ],
      "database_specific": {
        "source": "https://github.com/github/advisory-database/blob/main/advisories/github-reviewed/2022/11/GHSA-27rc-728f-x5w2/GHSA-27rc-728f-x5w2.json"
      }
    },
    {
      "package": {
        "name": "tensorflow-gpu",
        "ecosystem": "PyPI",
        "purl": "pkg:pypi/tensorflow-gpu"
      },
      "ranges": [
        {
          "type": "ECOSYSTEM",
          "events": [
            {
              "introduced": "0"
            },
            {
              "fixed": "2.8.4"
            }
          ]
        }
      ],
      "versions": [
        "0.12.0",
        "0.12.1",
        "1.0.0",
        "1.0.1",
        "1.1.0",
        "1.10.0",
        "1.10.1",
        "1.11.0",
        "1.12.0",
        "1.12.2",
        "1.12.3",
        "1.13.1",
        "1.13.2",
        "1.14.0",
        "1.15.0",
        "1.15.2",
        "1.15.3",
        "1.15.4",
        "1.15.5",
        "1.2.0",
        "1.2.1",
        "1.3.0",
        "1.4.0",
        "1.4.1",
        "1.5.0",
        "1.5.1",
        "1.6.0",
        "1.7.0",
        "1.7.1",
        "1.8.0",
        "1.9.0",
        "2.0.0",
        "2.0.1",
        "2.0.2",
        "2.0.3",
        "2.0.4",
        "2.1.0",
        "2.1.1",
        "2.1.2",
        "2.1.3",
        "2.1.4",
        "2.2.0",
        "2.2.1",
        "2.2.2",
        "2.2.3",
        "2.3.0",
        "2.3.1",
        "2.3.2",
        "2.3.3",
        "2.3.4",
        "2.4.0",
        "2.4.1",
        "2.4.2",
        "2.4.3",
        "2.4.4",
        "2.5.0",
        "2.5.1",
        "2.5.2",
        "2.5.3",
        "2.6.0",
        "2.6.1",
        "2.6.2",
        "2.6.3",
        "2.6.4",
        "2.6.5",
        "2.7.0",
        "2.7.0rc0",
        "2.7.0rc1",
        "2.7.1",
        "2.7.2",
        "2.7.3",
        "2.7.4",
        "2.8.0",
        "2.8.0rc0",
        "2.8.0rc1",
        "2.8.1",
        "2.8.2",
        "2.8.3"
      ],
      "database_specific": {
        "source": "https://github.com/github/advisory-database/blob/main/advisories/github-reviewed/2022/11/GHSA-27rc-728f-x5w2/GHSA-27rc-728f-x5w2.json"
      }
    },
    {
      "package": {
        "name": "tensorflow-cpu",
        "ecosystem": "PyPI",
        "purl": "pkg:pypi/tensorflow-cpu"
      },
      "ranges": [
        {
          "type": "ECOSYSTEM",
          "events": [
            {
              "introduced": "2.9.0"
            },
            {
              "fixed": "2.9.3"
            }
          ]
        }
      ],
      "versions": [
        "2.9.0",
        "2.9.1",
        "2.9.2"
      ],
      "database_specific": {
        "source": "https://github.com/github/advisory-database/blob/main/advisories/github-reviewed/2022/11/GHSA-27rc-728f-x5w2/GHSA-27rc-728f-x5w2.json"
      }
    },
    {
      "package": {
        "name": "tensorflow-gpu",
        "ecosystem": "PyPI",
        "purl": "pkg:pypi/tensorflow-gpu"
      },
      "ranges": [
        {
          "type": "ECOSYSTEM",
          "events": [
            {
              "introduced": "2.9.0"
            },
            {
              "fixed": "2.9.3"
            }
          ]
        }
      ],
      "versions": [
        "2.9.0",
        "2.9.1",
        "2.9.2"
      ],
      "database_specific": {
        "source": "https://github.com/github/advisory-database/blob/main/advisories/github-reviewed/2022/11/GHSA-27rc-728f-x5w2/GHSA-27rc-728f-x5w2.json"
      }
    },
    {
      "package": {
        "name": "tensorflow-cpu",
        "ecosystem": "PyPI",
        "purl": "pkg:pypi/tensorflow-cpu"
      },
      "ranges": [
        {
          "type": "ECOSYSTEM",
          "events": [
            {
              "introduced": "2.10.0"
            },
            {
              "fixed": "2.10.1"
            }
          ]
        }
      ],
      "versions": [
        "2.10.0"
      ],
      "database_specific": {
        "source": "https://github.com/github/advisory-database/blob/main/advisories/github-reviewed/2022/11/GHSA-27rc-728f-x5w2/GHSA-27rc-728f-x5w2.json"
      }
    },
    {
      "package": {
        "name": "tensorflow-gpu",
        "ecosystem": "PyPI",
        "purl": "pkg:pypi/tensorflow-gpu"
      },
      "ranges": [
        {
          "type": "ECOSYSTEM",
          "events": [
            {
              "introduced": "2.10.0"
            },
            {
              "fixed": "2.10.1"
            }
          ]
        }
      ],
      "versions": [
        "2.10.0"
      ],
      "database_specific": {
        "source": "https://github.com/github/advisory-database/blob/main/advisories/github-reviewed/2022/11/GHSA-27rc-728f-x5w2/GHSA-27rc-728f-x5w2.json"
      }
    }
  ],
  "schema_version": "1.6.0",
  "severity": [
    {
      "type": "CVSS_V3",
      "score": "CVSS:3.1/AV:N/AC:H/PR:L/UI:R/S:U/C:N/I:N/A:H"
    }
  ]
}