{
  "id": "GHSA-3m93-m4q6-mc6v",
  "summary": "Inclusion of Sensitive Information in Log Files and Improper Output Neutralization for Logs in Ansible",
  "details": "Ansible, versions 2.9.x before 2.9.1, 2.8.x before 2.8.7 and Ansible versions 2.7.x before 2.7.15, is not respecting the flag no_log set it to True when Sumologic and Splunk callback plugins are used send tasks results events to collectors. This would discloses and collects any sensitive data.",
  "aliases": [
    "CVE-2019-14864",
    "PYSEC-2020-160"
  ],
  "modified": "2024-09-04T20:34:48.736459Z",
  "published": "2020-02-26T19:54:31Z",
  "database_specific": {
    "nvd_published_at": "2020-01-02T15:15:00Z",
    "cwe_ids": [
      "CWE-532"
    ],
    "severity": "MODERATE",
    "github_reviewed": true,
    "github_reviewed_at": "2020-02-25T02:19:23Z"
  },
  "references": [
    {
      "type": "ADVISORY",
      "url": "https://nvd.nist.gov/vuln/detail/CVE-2019-14864"
    },
    {
      "type": "WEB",
      "url": "https://github.com/ansible/ansible/issues/63522"
    },
    {
      "type": "WEB",
      "url": "https://github.com/ansible/ansible/pull/63527"
    },
    {
      "type": "WEB",
      "url": "https://github.com/ansible/ansible/pull/64273"
    },
    {
      "type": "WEB",
      "url": "https://github.com/ansible/ansible/pull/64274"
    },
    {
      "type": "WEB",
      "url": "https://github.com/ansible/ansible/pull/64748"
    },
    {
      "type": "WEB",
      "url": "https://github.com/ansible/ansible/commit/050f92f96054bf59e283fdec9972323c2ed00348"
    },
    {
      "type": "WEB",
      "url": "https://github.com/ansible/ansible/commit/75288a89d0053d6df35c90863fb6c9542d89850e"
    },
    {
      "type": "WEB",
      "url": "https://github.com/ansible/ansible/commit/a0ec2976b2716cdecdd7a8f416d96406acd79b7c"
    },
    {
      "type": "WEB",
      "url": "https://github.com/ansible/ansible/commit/c76e074e4c71c7621a1ca8159261c1959b5287af"
    },
    {
      "type": "WEB",
      "url": "https://bugzilla.redhat.com/show_bug.cgi?id=CVE-2019-14864"
    },
    {
      "type": "ADVISORY",
      "url": "https://github.com/advisories/GHSA-3m93-m4q6-mc6v"
    },
    {
      "type": "PACKAGE",
      "url": "https://github.com/ansible/ansible"
    },
    {
      "type": "WEB",
      "url": "https://github.com/pypa/advisory-database/tree/main/vulns/ansible/PYSEC-2020-160.yaml"
    },
    {
      "type": "WEB",
      "url": "https://www.debian.org/security/2021/dsa-4950"
    },
    {
      "type": "WEB",
      "url": "http://lists.opensuse.org/opensuse-security-announce/2020-04/msg00021.html"
    },
    {
      "type": "WEB",
      "url": "http://lists.opensuse.org/opensuse-security-announce/2020-04/msg00026.html"
    }
  ],
  "affected": [
    {
      "package": {
        "name": "ansible",
        "ecosystem": "PyPI",
        "purl": "pkg:pypi/ansible"
      },
      "ranges": [
        {
          "type": "ECOSYSTEM",
          "events": [
            {
              "introduced": "2.7.0a1"
            },
            {
              "fixed": "2.7.15"
            }
          ]
        }
      ],
      "versions": [
        "2.7.0",
        "2.7.0a1",
        "2.7.0b1",
        "2.7.0rc1",
        "2.7.0rc2",
        "2.7.0rc3",
        "2.7.0rc4",
        "2.7.1",
        "2.7.10",
        "2.7.11",
        "2.7.12",
        "2.7.13",
        "2.7.14",
        "2.7.2",
        "2.7.3",
        "2.7.4",
        "2.7.5",
        "2.7.6",
        "2.7.7",
        "2.7.8",
        "2.7.9"
      ],
      "database_specific": {
        "source": "https://github.com/github/advisory-database/blob/main/advisories/github-reviewed/2020/02/GHSA-3m93-m4q6-mc6v/GHSA-3m93-m4q6-mc6v.json"
      }
    },
    {
      "package": {
        "name": "ansible",
        "ecosystem": "PyPI",
        "purl": "pkg:pypi/ansible"
      },
      "ranges": [
        {
          "type": "ECOSYSTEM",
          "events": [
            {
              "introduced": "2.8.0a1"
            },
            {
              "fixed": "2.8.7"
            }
          ]
        }
      ],
      "versions": [
        "2.8.0",
        "2.8.0a1",
        "2.8.0b1",
        "2.8.0rc1",
        "2.8.0rc2",
        "2.8.0rc3",
        "2.8.1",
        "2.8.2",
        "2.8.3",
        "2.8.4",
        "2.8.5",
        "2.8.6"
      ],
      "database_specific": {
        "source": "https://github.com/github/advisory-database/blob/main/advisories/github-reviewed/2020/02/GHSA-3m93-m4q6-mc6v/GHSA-3m93-m4q6-mc6v.json"
      }
    },
    {
      "package": {
        "name": "ansible",
        "ecosystem": "PyPI",
        "purl": "pkg:pypi/ansible"
      },
      "ranges": [
        {
          "type": "ECOSYSTEM",
          "events": [
            {
              "introduced": "2.9.0a1"
            },
            {
              "fixed": "2.9.1"
            }
          ]
        }
      ],
      "versions": [
        "2.9.0",
        "2.9.0b1",
        "2.9.0rc1",
        "2.9.0rc2",
        "2.9.0rc3",
        "2.9.0rc4",
        "2.9.0rc5"
      ],
      "database_specific": {
        "source": "https://github.com/github/advisory-database/blob/main/advisories/github-reviewed/2020/02/GHSA-3m93-m4q6-mc6v/GHSA-3m93-m4q6-mc6v.json"
      }
    }
  ],
  "schema_version": "1.6.0",
  "severity": [
    {
      "type": "CVSS_V3",
      "score": "CVSS:3.1/AV:N/AC:L/PR:L/UI:N/S:U/C:H/I:N/A:N"
    }
  ]
}