{
  "id": "GHSA-578p-fxmm-6229",
  "summary": "Potentially untrusted input is rendered as HTML in final output",
  "details": "### Impact\n\nAll users of mjml-python who insert untrusted data into mjml templates unless that data is checked in a very strict manner. User input like `&lt;script&gt;` would be rendered as `<script>` in the final HTML output.\n\nThe attacker must be able to control some data which is later injected in an mjml template which is then send out as email to other users. The attacker could control contents of email messages sent through the platform.\n\n### Patches\n\nThe problem has been fixed in version 0.11.0 of this library. Versions before 0.10.0 are not affected by this security issue which was added as part of commit 84c495da20a91640a1ca551ace17df7f3be644aa.\n\n\n### Workarounds\n\n- Ensure that potentially untrusted user input does not contain any sequences which could be rendered as HTML. \n\n\n### References\n\n- Initial issue report by @sh-at-cs in #52\n",
  "aliases": [
    "CVE-2024-26151"
  ],
  "modified": "2024-02-22T22:11:34.182885Z",
  "published": "2024-02-22T21:40:59Z",
  "database_specific": {
    "nvd_published_at": "2024-02-22T19:15:09Z",
    "cwe_ids": [
      "CWE-20",
      "CWE-79"
    ],
    "severity": "HIGH",
    "github_reviewed": true,
    "github_reviewed_at": "2024-02-22T21:40:59Z"
  },
  "references": [
    {
      "type": "WEB",
      "url": "https://github.com/FelixSchwarz/mjml-python/security/advisories/GHSA-578p-fxmm-6229"
    },
    {
      "type": "ADVISORY",
      "url": "https://nvd.nist.gov/vuln/detail/CVE-2024-26151"
    },
    {
      "type": "WEB",
      "url": "https://github.com/FelixSchwarz/mjml-python/issues/52"
    },
    {
      "type": "WEB",
      "url": "https://github.com/FelixSchwarz/mjml-python/commit/84c495da20a91640a1ca551ace17df7f3be644aa"
    },
    {
      "type": "WEB",
      "url": "https://github.com/FelixSchwarz/mjml-python/commit/8d410b7a500703080bb14ed7e3d2663fe16767e6"
    },
    {
      "type": "PACKAGE",
      "url": "https://github.com/FelixSchwarz/mjml-python"
    },
    {
      "type": "WEB",
      "url": "https://github.com/FelixSchwarz/mjml-python/releases/tag/v0.11.0"
    }
  ],
  "affected": [
    {
      "package": {
        "name": "mjml",
        "ecosystem": "PyPI",
        "purl": "pkg:pypi/mjml"
      },
      "ranges": [
        {
          "type": "ECOSYSTEM",
          "events": [
            {
              "introduced": "0.10.0"
            },
            {
              "fixed": "0.11.0"
            }
          ]
        }
      ],
      "versions": [
        "0.10.0"
      ],
      "database_specific": {
        "source": "https://github.com/github/advisory-database/blob/main/advisories/github-reviewed/2024/02/GHSA-578p-fxmm-6229/GHSA-578p-fxmm-6229.json"
      }
    }
  ],
  "schema_version": "1.6.0",
  "severity": [
    {
      "type": "CVSS_V3",
      "score": "CVSS:3.1/AV:N/AC:L/PR:L/UI:R/S:C/C:L/I:H/A:L"
    }
  ]
}