{
  "id": "GHSA-344m-qcjq-xgrf",
  "summary": "Vulnerable OpenSSL included in sgx-dcap-quote-verify-python",
  "details": "sgx-dcap-quote-verify-python includes a statically linked copy of OpenSSL. The version of OpenSSL included in sgx-dcap-quote-verify-python 0.0.1..0.0.2 is vulnerable to a security issue. More details about the OpenSSL vulnerabilities themselves can be found at https://www.openssl.org/news/secadv/20230207.txt.\n\n## Analysis\nThe binding includes OpenSSL version 1.1.1s which is vulnerable to the vulnerabilities disclosed in [OpenSSL Security Advisory from the 7th February 2023](https://www.openssl.org/news/secadv/20230207.txt).\nThe binding does not directly use OpenSSL. The binding calls the SGX Quote Verification Library which uses OpenSSL.\n\n## Explanation\nThe SGX Quote Verification Library uses OpenSSL as a dependency to perform its cryptographic operations and certificate verification.\n\nThe OpenSSL security advisory mentions multiple vulnerabilities but I believe the most concerning would be CVE-2023-0286 \u201cX.400 address type confusion in X.509 GeneralName\u201d. Its severity is rated high and the advisory states that \u201cthis vulnerability is most likely to only affect applications which have implemented their own functionality for retrieving CRLs over a network.\u201d\n\nRelying on CRLs obtained from an untrusted party is exactly what can happen when verifying a quote. For instance, the vulnerability could be triggered through the \"sgx_qv_verify_quote\" function which can take untrusted quote collateral as input. The quote collateral contains a CRL and certificate chains. The Quote Verification Library uses OpenSSL to verify the validity of those in order to establish the authenticity of the quote. Thus the vulnerability could be exploited with corrupted/forged collateral and quote.\n\n## Impact\n\nAccording to the advisory the \"vulnerability may allow an attacker to pass arbitrary pointers to a memcmp call, enabling them to read memory contents or enact a denial of service\". Transitively I expect the same to be true for the Quote Verification Library.\nThe denial of service impact is not much of a concern I believe since processing forged collateral would most likely stop the software from proceeding normally anyway (forged collateral should be rejected). The part regarding the ability to read memory contents, could result in information disclosure which is a real concern. The quote verification happens on the relying party end, which might use it to check enclave authenticity before providing sensitive data, this vulnerability could therefore result in the leakage of sensitive data.\n",
  "modified": "2023-04-11T01:31:28.242051Z",
  "published": "2023-02-14T00:30:22Z",
  "database_specific": {
    "nvd_published_at": null,
    "github_reviewed_at": "2023-02-14T00:30:22Z",
    "severity": "HIGH",
    "github_reviewed": true,
    "cwe_ids": []
  },
  "references": [
    {
      "type": "WEB",
      "url": "https://github.com/mithril-security/sgx-dcap-quote-verify-python/security/advisories/GHSA-344m-qcjq-xgrf"
    },
    {
      "type": "PACKAGE",
      "url": "https://github.com/mithril-security/sgx-dcap-quote-verify-python"
    }
  ],
  "affected": [
    {
      "package": {
        "name": "sgx-dcap-quote-verify-python",
        "ecosystem": "PyPI",
        "purl": "pkg:pypi/sgx-dcap-quote-verify-python"
      },
      "ranges": [
        {
          "type": "ECOSYSTEM",
          "events": [
            {
              "introduced": "0"
            },
            {
              "fixed": "0.0.3"
            }
          ]
        }
      ],
      "versions": [
        "0.0.1",
        "0.0.2"
      ],
      "database_specific": {
        "source": "https://github.com/github/advisory-database/blob/main/advisories/github-reviewed/2023/02/GHSA-344m-qcjq-xgrf/GHSA-344m-qcjq-xgrf.json"
      }
    }
  ],
  "schema_version": "1.6.0"
}