{
  "id": "GHSA-52xq-j7v9-v4v2",
  "summary": "Vyper negative array index bounds checks",
  "details": "### Summary\nArrays can be keyed by a signed integer, while they are defined for unsigned integers only. The typechecker doesn't throw when spotting the usage of an `int` as an index for an array. Typically, negative integers are filtered out at runtime by the bounds checker, but small enough (i.e. large in magnitude, ex. `-2**255 + 5`) quantities combined with large enough arrays (at least `2**255` in length) can pass the bounds checker, resulting in unexpected behavior.\n\nA contract search was performed, and no production contracts were found to be impacted.\n\n### Details\nThe typechecker allows the usage of signed integers to be used as indexes to arrays. The vulnerability is present in different forms in all versions. Here is an example from `0.3.10`:\nhttps://github.com/vyperlang/vyper/blob/c150fc49ee9375a930d177044559b83cb95f7963/vyper/semantics/types/subscriptable.py#L127-L137\n\nAs can be seen, the validation is performed against `IntegerT.any()`.\n\n### PoC\nIf the array is sufficiently large, it can be indexed with a negative value:\n```python\narr: public(uint256[MAX_UINT256])\n\n@external\ndef set(idx: int256, num: uint256):\n    self.arr[idx] = num\n```\nFor signed integers, the 2's complement representation is used. Because the array was declared very large, the bounds checking will pass (negative values will simply be represented as very large numbers):\nhttps://github.com/vyperlang/vyper/blob/a1fd228cb9936c3e4bbca6f3ee3fb4426ef45490/vyper/codegen/core.py#L534-L541\n\n### Patches\nPatched in https://github.com/vyperlang/vyper/pull/3817.\n\n### Impact\nThere are two potential vulnerability classes: unpredictable behavior and accessing inaccessible elements.\n\n1. If it is possible to index an array with a negative integer without reverting, this is most likely not anticipated by the developer and such accesses can cause unpredictable behavior for the contract.\n\n2. If a contract has an invariant in the form `assert index < x` where both `index` and `x` are signed integers, the developer might suppose that no elements on indexes `y | y >= x` are accessible. However, by using negative indexes this can be bypassed.\n\nThe contract search found no production contracts impacted by these two classes of issues.",
  "aliases": [
    "CVE-2024-24563"
  ],
  "modified": "2024-06-25T02:34:48.353327Z",
  "published": "2024-02-07T17:27:58Z",
  "database_specific": {
    "nvd_published_at": "2024-02-07T17:15:10Z",
    "cwe_ids": [
      "CWE-129"
    ],
    "severity": "CRITICAL",
    "github_reviewed": true,
    "github_reviewed_at": "2024-02-07T17:27:58Z"
  },
  "references": [
    {
      "type": "WEB",
      "url": "https://github.com/vyperlang/vyper/security/advisories/GHSA-52xq-j7v9-v4v2"
    },
    {
      "type": "ADVISORY",
      "url": "https://nvd.nist.gov/vuln/detail/CVE-2024-24563"
    },
    {
      "type": "PACKAGE",
      "url": "https://github.com/vyperlang/vyper"
    },
    {
      "type": "WEB",
      "url": "https://github.com/vyperlang/vyper/blob/a1fd228cb9936c3e4bbca6f3ee3fb4426ef45490/vyper/codegen/core.py#L534-L541"
    },
    {
      "type": "WEB",
      "url": "https://github.com/vyperlang/vyper/blob/c150fc49ee9375a930d177044559b83cb95f7963/vyper/semantics/types/subscriptable.py#L127-L137"
    }
  ],
  "affected": [
    {
      "package": {
        "name": "vyper",
        "ecosystem": "PyPI",
        "purl": "pkg:pypi/vyper"
      },
      "ranges": [
        {
          "type": "ECOSYSTEM",
          "events": [
            {
              "introduced": "0"
            },
            {
              "fixed": "0.4.0"
            }
          ]
        }
      ],
      "versions": [
        "0.1.0b1",
        "0.1.0b10",
        "0.1.0b11",
        "0.1.0b12",
        "0.1.0b13",
        "0.1.0b14",
        "0.1.0b15",
        "0.1.0b16",
        "0.1.0b17",
        "0.1.0b2",
        "0.1.0b3",
        "0.1.0b4",
        "0.1.0b5",
        "0.1.0b6",
        "0.1.0b7",
        "0.1.0b8",
        "0.1.0b9",
        "0.2.1",
        "0.2.10",
        "0.2.11",
        "0.2.12",
        "0.2.13",
        "0.2.14",
        "0.2.15",
        "0.2.16",
        "0.2.2",
        "0.2.3",
        "0.2.4",
        "0.2.5",
        "0.2.6",
        "0.2.7",
        "0.2.8",
        "0.2.9",
        "0.3.0",
        "0.3.1",
        "0.3.10",
        "0.3.10rc1",
        "0.3.10rc2",
        "0.3.10rc3",
        "0.3.10rc4",
        "0.3.10rc5",
        "0.3.2",
        "0.3.3",
        "0.3.4",
        "0.3.5",
        "0.3.6",
        "0.3.7",
        "0.3.8",
        "0.3.9",
        "0.4.0b1",
        "0.4.0b2",
        "0.4.0b3",
        "0.4.0b4",
        "0.4.0b5",
        "0.4.0b6",
        "0.4.0rc1",
        "0.4.0rc2",
        "0.4.0rc3",
        "0.4.0rc4",
        "0.4.0rc5",
        "0.4.0rc6"
      ],
      "database_specific": {
        "source": "https://github.com/github/advisory-database/blob/main/advisories/github-reviewed/2024/02/GHSA-52xq-j7v9-v4v2/GHSA-52xq-j7v9-v4v2.json"
      }
    }
  ],
  "schema_version": "1.6.0",
  "severity": [
    {
      "type": "CVSS_V3",
      "score": "CVSS:3.1/AV:N/AC:L/PR:N/UI:N/S:U/C:H/I:H/A:H"
    }
  ]
}