{
  "id": "GHSA-39ph-wr67-j4xq",
  "summary": "loguru vulnerable to improper privilege management ",
  "details": "Improper Privilege Management in Conda loguru prior to 0.5.3.",
  "aliases": [
    "CVE-2022-0338",
    "PYSEC-2022-14"
  ],
  "modified": "2024-02-16T08:18:20.506506Z",
  "published": "2022-01-26T00:01:50Z",
  "database_specific": {
    "nvd_published_at": "2022-01-25T09:15:00Z",
    "cwe_ids": [
      "CWE-269",
      "CWE-532"
    ],
    "severity": "MODERATE",
    "github_reviewed": true,
    "github_reviewed_at": "2023-08-03T16:37:17Z"
  },
  "references": [
    {
      "type": "ADVISORY",
      "url": "https://nvd.nist.gov/vuln/detail/CVE-2022-0338"
    },
    {
      "type": "WEB",
      "url": "https://github.com/delgan/loguru/commit/ea39375e62f9b8f18e2ca798a5c0fb8c972b7eaa"
    },
    {
      "type": "PACKAGE",
      "url": "https://github.com/Delgan/loguru"
    },
    {
      "type": "WEB",
      "url": "https://huntr.dev/bounties/359bea50-2bc6-426a-b2f9-175d401b1ed0"
    }
  ],
  "affected": [
    {
      "package": {
        "name": "loguru",
        "ecosystem": "PyPI",
        "purl": "pkg:pypi/loguru"
      },
      "ranges": [
        {
          "type": "ECOSYSTEM",
          "events": [
            {
              "introduced": "0"
            },
            {
              "fixed": "0.5.3"
            }
          ]
        }
      ],
      "versions": [
        "0.1.0",
        "0.2.0",
        "0.2.1",
        "0.2.2",
        "0.2.3",
        "0.2.4",
        "0.2.5",
        "0.3.0",
        "0.3.1",
        "0.3.2",
        "0.4.0",
        "0.4.1",
        "0.5.0",
        "0.5.1",
        "0.5.2"
      ],
      "database_specific": {
        "source": "https://github.com/github/advisory-database/blob/main/advisories/github-reviewed/2022/01/GHSA-39ph-wr67-j4xq/GHSA-39ph-wr67-j4xq.json"
      }
    }
  ],
  "schema_version": "1.6.0",
  "severity": [
    {
      "type": "CVSS_V3",
      "score": "CVSS:3.1/AV:N/AC:L/PR:L/UI:N/S:U/C:L/I:N/A:N"
    }
  ]
}