{
  "id": "GHSA-57cr-rq3f-ppmx",
  "summary": "modoboa Cross-Site Request Forgery vulnerability",
  "details": "Cross-Site Request Forgery (CSRF) in GitHub repository modoboa/modoboa prior to 2.2.2.",
  "aliases": [
    "CVE-2023-5690",
    "PYSEC-2023-217"
  ],
  "modified": "2024-02-16T08:06:52.645875Z",
  "published": "2023-10-20T18:30:58Z",
  "database_specific": {
    "nvd_published_at": "2023-10-20T17:15:09Z",
    "cwe_ids": [
      "CWE-352"
    ],
    "severity": "MODERATE",
    "github_reviewed": true,
    "github_reviewed_at": "2023-10-20T23:03:16Z"
  },
  "references": [
    {
      "type": "ADVISORY",
      "url": "https://nvd.nist.gov/vuln/detail/CVE-2023-5690"
    },
    {
      "type": "WEB",
      "url": "https://github.com/modoboa/modoboa/commit/23e4c25511c66c0548da001236f47e19e3f9e4d9"
    },
    {
      "type": "PACKAGE",
      "url": "https://github.com/modoboa/modoboa"
    },
    {
      "type": "WEB",
      "url": "https://github.com/pypa/advisory-database/tree/main/vulns/modoboa/PYSEC-2023-217.yaml"
    },
    {
      "type": "WEB",
      "url": "https://huntr.com/bounties/980c75a5-d978-4b0e-9bcc-2b2682c97e01"
    }
  ],
  "affected": [
    {
      "package": {
        "name": "modoboa",
        "ecosystem": "PyPI",
        "purl": "pkg:pypi/modoboa"
      },
      "ranges": [
        {
          "type": "ECOSYSTEM",
          "events": [
            {
              "introduced": "0"
            },
            {
              "fixed": "2.2.2"
            }
          ]
        }
      ],
      "versions": [
        "0.7.0",
        "1.10.0",
        "1.10.1",
        "1.10.2",
        "1.10.3",
        "1.10.4",
        "1.10.5",
        "1.10.6",
        "1.10.7",
        "1.11.0",
        "1.11.1",
        "1.12.0",
        "1.12.1",
        "1.12.2",
        "1.13.0",
        "1.13.1",
        "1.14.0",
        "1.15.0",
        "1.16.0",
        "1.16.1",
        "1.17.0",
        "1.2.0",
        "1.2.0-rc2",
        "1.2.1",
        "1.2.2",
        "1.3.0",
        "1.3.1",
        "1.3.2",
        "1.3.3",
        "1.3.4",
        "1.3.5",
        "1.4.1",
        "1.4.2",
        "1.4.3",
        "1.4.4",
        "1.4.5",
        "1.5.0",
        "1.5.1",
        "1.5.2",
        "1.5.3",
        "1.6.0",
        "1.6.1",
        "1.6.2",
        "1.6.3",
        "1.7.0",
        "1.7.1",
        "1.7.2",
        "1.7.3",
        "1.7.4",
        "1.8.0",
        "1.8.1",
        "1.8.2",
        "1.8.3",
        "1.9.0",
        "1.9.1",
        "2.0.0",
        "2.0.0b1",
        "2.0.0b2",
        "2.0.0b3",
        "2.0.1",
        "2.0.2",
        "2.0.3",
        "2.0.4",
        "2.0.5",
        "2.1.0",
        "2.1.1",
        "2.1.2",
        "2.1.2.dev0",
        "2.1.3.dev0",
        "2.2.0",
        "2.2.1"
      ],
      "database_specific": {
        "source": "https://github.com/github/advisory-database/blob/main/advisories/github-reviewed/2023/10/GHSA-57cr-rq3f-ppmx/GHSA-57cr-rq3f-ppmx.json"
      }
    }
  ],
  "schema_version": "1.6.0",
  "severity": [
    {
      "type": "CVSS_V3",
      "score": "CVSS:3.0/AV:N/AC:L/PR:N/UI:N/S:U/C:L/I:N/A:N"
    }
  ]
}