{
  "id": "GHSA-2mqj-m65w-jghx",
  "summary": "Untrusted search path under some conditions on Windows allows arbitrary code execution",
  "details": "### Summary\n\nThis issue exists because of an incomplete fix for CVE-2023-40590. On Windows, GitPython uses an untrusted search path if it uses a shell to run `git`, as well as when it runs `bash.exe` to interpret hooks. If either of those features are used on Windows, a malicious `git.exe` or `bash.exe` may be run from an untrusted repository.\n\n### Details\n\nAlthough GitPython often avoids executing programs found in an untrusted search path since 3.1.33, two situations remain where this still occurs. Either can allow arbitrary code execution under some circumstances.\n\n#### When a shell is used\n\nGitPython can be told to run `git` commands through a shell rather than as direct subprocesses, by passing `shell=True` to any method that accepts it, or by both setting `Git.USE_SHELL = True` and not passing `shell=False`. Then the Windows `cmd.exe` shell process performs the path search, and GitPython does not prevent that shell from finding and running `git` in the current directory.\n\nWhen GitPython runs `git` directly rather than through a shell, the GitPython process performs the path search, and currently omits the current directory by setting `NoDefaultCurrentDirectoryInExePath` in its own environment during the `Popen` call. Although the `cmd.exe` shell will honor this environment variable when present, GitPython does not currently pass it into the shell subprocess's environment.\n\nFurthermore, because GitPython sets the subprocess CWD to the root of a repository's working tree, using a shell will run a malicious `git.exe` in an untrusted repository even if GitPython itself is run from a trusted location.\n\nThis also applies if `Git.execute` is called directly with `shell=True` (or after `Git.USE_SHELL = True`) to run any command.\n\n#### When hook scripts are run\n\nOn Windows, GitPython uses `bash.exe` to run hooks that appear to be scripts. However, unlike when running `git`, no steps are taken to avoid finding and running `bash.exe` in the current directory.\n\nThis allows the author of an untrusted fork or branch to cause a malicious `bash.exe` to be run in some otherwise safe workflows. An example of such a scenario is if the user installs a trusted hook while on a trusted branch, then switches to an untrusted feature branch (possibly from a fork) to review proposed changes. If the untrusted feature branch contains a malicious `bash.exe` and the user's current working directory is the working tree, and the user performs an action that runs the hook, then although the hook itself is uncorrupted, it runs with the malicious `bash.exe`.\n\nNote that, while `bash.exe` is a shell, this is a separate scenario from when `git` is run using the unrelated Windows `cmd.exe` shell.\n\n### PoC\n\nOn Windows, create a `git.exe` file in a repository. Then create a `Repo` object, and call any method through it (directly or indirectly) that supports the `shell` keyword argument with `shell=True`:\n\n```powershell\nmkdir testrepo\ngit init testrepo\ncp ... testrepo git.exe # Replace \"...\" with any executable of choice.\npython -c \"import git; print(git.Repo('testrepo').git.version(shell=True))\"\n```\n\nThe `git.exe` executable in the repository directory will be run.\n\nOr use no `Repo` object, but do it from the location with the `git.exe`:\n\n```powershell\ncd testrepo\npython -c \"import git; print(git.Git().version(shell=True))\"\n```\n\nThe `git.exe` executable in the current directory will be run.\n\nFor the scenario with hooks, install a hook in a repository, create a `bash.exe` file in the current directory, and perform an operation that causes GitPython to attempt to run the hook:\n\n```powershell\nmkdir testrepo\ncd testrepo\ngit init\nmv .git/hooks/pre-commit.sample .git/hooks/pre-commit\ncp ... bash.exe # Replace \"...\" with any executable of choice.\necho \"Some text\" >file.txt\ngit add file.txt\npython -c \"import git; git.Repo().index.commit('Some message')\"\n```\n\nThe `bash.exe` executable in the current directory will be run.\n\n### Impact\n\nThe greatest impact is probably in applications that set `Git.USE_SHELL = True` for historical reasons. (Undesired console windows had, in the past, been created in some kinds of applications, when it was not used.) Such an application may be vulnerable to arbitrary code execution from a malicious repository, even with no other exacerbating conditions. This is to say that, if a shell is used to run `git`, the full effect of CVE-2023-40590 is still present. Furthermore, as noted above, running the application itself from a trusted directory is not a sufficient mitigation.\n\nAn application that does not direct GitPython to use a shell to run `git` subprocesses thus avoids most of the risk. However, there is no such straightforward way to prevent GitPython from running `bash.exe` to interpret hooks. So while the conditions needed for that to be exploited are more involved, it may be harder to mitigate decisively prior to patching.\n\n### Possible solutions\n\nA straightforward approach would be to address each bug directly:\n\n- When a shell is used, pass `NoDefaultCurrentDirectoryInExePath` into the subprocess environment, because in that scenario the subprocess is the `cmd.exe` shell that itself performs the path search.\n- Set `NoDefaultCurrentDirectoryInExePath` in the GitPython process environment during the `Popen` call made to run hooks with a `bash.exe` subprocess.\n\nThese need only be done on Windows.",
  "aliases": [
    "CVE-2024-22190",
    "PYSEC-2024-4"
  ],
  "modified": "2024-02-16T08:14:20.500248Z",
  "published": "2024-01-10T15:46:00Z",
  "database_specific": {
    "nvd_published_at": "2024-01-11T02:15:48Z",
    "cwe_ids": [
      "CWE-426"
    ],
    "severity": "HIGH",
    "github_reviewed": true,
    "github_reviewed_at": "2024-01-10T15:46:00Z"
  },
  "references": [
    {
      "type": "WEB",
      "url": "https://github.com/gitpython-developers/GitPython/security/advisories/GHSA-2mqj-m65w-jghx"
    },
    {
      "type": "ADVISORY",
      "url": "https://nvd.nist.gov/vuln/detail/CVE-2024-22190"
    },
    {
      "type": "WEB",
      "url": "https://github.com/gitpython-developers/GitPython/pull/1792"
    },
    {
      "type": "WEB",
      "url": "https://github.com/gitpython-developers/GitPython/commit/ef3192cc414f2fd9978908454f6fd95243784c7f"
    },
    {
      "type": "PACKAGE",
      "url": "https://github.com/gitpython-developers/GitPython"
    },
    {
      "type": "WEB",
      "url": "https://github.com/pypa/advisory-database/tree/main/vulns/gitpython/PYSEC-2024-4.yaml"
    }
  ],
  "affected": [
    {
      "package": {
        "name": "gitpython",
        "ecosystem": "PyPI",
        "purl": "pkg:pypi/gitpython"
      },
      "ranges": [
        {
          "type": "ECOSYSTEM",
          "events": [
            {
              "introduced": "0"
            },
            {
              "fixed": "3.1.41"
            }
          ]
        }
      ],
      "versions": [
        "0.1.7",
        "0.2.0-beta1",
        "0.3.0-beta1",
        "0.3.0-beta2",
        "0.3.1-beta2",
        "0.3.2",
        "0.3.2.1",
        "0.3.2.RC1",
        "0.3.3",
        "0.3.4",
        "0.3.5",
        "0.3.6",
        "0.3.7",
        "1.0.0",
        "1.0.1",
        "1.0.2",
        "2.0.0",
        "2.0.1",
        "2.0.2",
        "2.0.3",
        "2.0.4",
        "2.0.5",
        "2.0.6",
        "2.0.7",
        "2.0.8",
        "2.0.9",
        "2.0.9.dev0",
        "2.0.9.dev1",
        "2.1.0",
        "2.1.1",
        "2.1.10",
        "2.1.11",
        "2.1.12",
        "2.1.13",
        "2.1.14",
        "2.1.15",
        "2.1.2",
        "2.1.3",
        "2.1.4",
        "2.1.5",
        "2.1.6",
        "2.1.7",
        "2.1.8",
        "2.1.9",
        "3.0.0",
        "3.0.1",
        "3.0.2",
        "3.0.3",
        "3.0.4",
        "3.0.5",
        "3.0.6",
        "3.0.7",
        "3.0.8",
        "3.0.9",
        "3.1.0",
        "3.1.1",
        "3.1.10",
        "3.1.11",
        "3.1.12",
        "3.1.13",
        "3.1.14",
        "3.1.15",
        "3.1.16",
        "3.1.17",
        "3.1.18",
        "3.1.19",
        "3.1.2",
        "3.1.20",
        "3.1.22",
        "3.1.23",
        "3.1.24",
        "3.1.25",
        "3.1.26",
        "3.1.27",
        "3.1.28",
        "3.1.29",
        "3.1.3",
        "3.1.30",
        "3.1.31",
        "3.1.32",
        "3.1.33",
        "3.1.34",
        "3.1.35",
        "3.1.36",
        "3.1.37",
        "3.1.38",
        "3.1.4",
        "3.1.40",
        "3.1.5",
        "3.1.6",
        "3.1.7",
        "3.1.8",
        "3.1.9"
      ],
      "database_specific": {
        "source": "https://github.com/github/advisory-database/blob/main/advisories/github-reviewed/2024/01/GHSA-2mqj-m65w-jghx/GHSA-2mqj-m65w-jghx.json"
      }
    }
  ],
  "schema_version": "1.6.0",
  "severity": [
    {
      "type": "CVSS_V3",
      "score": "CVSS:3.1/AV:L/AC:L/PR:N/UI:R/S:U/C:H/I:H/A:H"
    }
  ]
}