{
  "id": "GHSA-2p75-q37p-f852",
  "summary": "OctoPrint Improper Privilege Management vulnerability",
  "details": "OctoPrint prior to 1.8.3 allows a user with read access only to access a privileged user's account and functionality. Version 1.8.3 contains a patch for this issue.",
  "aliases": [
    "CVE-2022-3068",
    "PYSEC-2022-283"
  ],
  "modified": "2023-11-08T04:09:19.722681Z",
  "published": "2022-09-22T00:00:31Z",
  "database_specific": {
    "nvd_published_at": "2022-09-21T12:15:00Z",
    "github_reviewed_at": "2022-09-23T18:49:07Z",
    "severity": "HIGH",
    "github_reviewed": true,
    "cwe_ids": [
      "CWE-269"
    ]
  },
  "references": [
    {
      "type": "ADVISORY",
      "url": "https://nvd.nist.gov/vuln/detail/CVE-2022-3068"
    },
    {
      "type": "WEB",
      "url": "https://github.com/octoprint/octoprint/commit/ef95ef1c101b79394f134e8fce000e6bae046571"
    },
    {
      "type": "PACKAGE",
      "url": "https://github.com/octoprint/octoprint"
    },
    {
      "type": "WEB",
      "url": "https://github.com/pypa/advisory-database/tree/main/vulns/octoprint/PYSEC-2022-283.yaml"
    },
    {
      "type": "WEB",
      "url": "https://huntr.dev/bounties/f45c24cb-9104-4c6e-a9e1-5c7e75e83884"
    }
  ],
  "affected": [
    {
      "package": {
        "name": "octoprint",
        "ecosystem": "PyPI",
        "purl": "pkg:pypi/octoprint"
      },
      "ranges": [
        {
          "type": "ECOSYSTEM",
          "events": [
            {
              "introduced": "0"
            },
            {
              "fixed": "1.8.3"
            }
          ]
        }
      ],
      "versions": [
        "1.3.11",
        "1.3.12",
        "1.3.12rc1",
        "1.3.12rc3",
        "1.4.0",
        "1.4.0rc1",
        "1.4.0rc2",
        "1.4.0rc3",
        "1.4.0rc4",
        "1.4.0rc5",
        "1.4.0rc6",
        "1.4.1",
        "1.4.1rc1",
        "1.4.1rc2",
        "1.4.1rc3",
        "1.4.1rc4",
        "1.4.2",
        "1.5.0",
        "1.5.0rc1",
        "1.5.0rc2",
        "1.5.0rc3",
        "1.5.1",
        "1.5.2",
        "1.5.3",
        "1.6.0",
        "1.6.0rc1",
        "1.6.0rc2",
        "1.6.0rc3",
        "1.6.1",
        "1.7.0",
        "1.7.0rc1",
        "1.7.0rc2",
        "1.7.0rc3",
        "1.7.1",
        "1.7.2",
        "1.7.3",
        "1.8.0",
        "1.8.0rc1",
        "1.8.0rc2",
        "1.8.0rc3",
        "1.8.0rc4",
        "1.8.0rc5",
        "1.8.1",
        "1.8.2"
      ],
      "database_specific": {
        "source": "https://github.com/github/advisory-database/blob/main/advisories/github-reviewed/2022/09/GHSA-2p75-q37p-f852/GHSA-2p75-q37p-f852.json"
      }
    }
  ],
  "schema_version": "1.6.0",
  "severity": [
    {
      "type": "CVSS_V3",
      "score": "CVSS:3.1/AV:N/AC:L/PR:L/UI:N/S:U/C:H/I:H/A:H"
    }
  ]
}