{
  "id": "GHSA-42fp-4hm3-j8r7",
  "summary": "Moderate severity vulnerability that affects moin",
  "details": "Cross-site scripting (XSS) vulnerability in the link dialogue in GUI editor in MoinMoin before 1.9.10 allows remote attackers to inject arbitrary web script or HTML via unspecified vectors.",
  "aliases": [
    "CVE-2017-5934",
    "PYSEC-2018-47"
  ],
  "modified": "2024-02-16T08:11:09.556414Z",
  "published": "2019-01-04T17:46:08Z",
  "database_specific": {
    "nvd_published_at": null,
    "cwe_ids": [
      "CWE-79"
    ],
    "severity": "MODERATE",
    "github_reviewed": true,
    "github_reviewed_at": "2020-06-16T20:56:59Z"
  },
  "references": [
    {
      "type": "ADVISORY",
      "url": "https://nvd.nist.gov/vuln/detail/CVE-2017-5934"
    },
    {
      "type": "WEB",
      "url": "https://github.com/moinwiki/moin-1.9/commit/70955a8eae091cc88fd9a6e510177e70289ec024"
    },
    {
      "type": "ADVISORY",
      "url": "https://github.com/advisories/GHSA-42fp-4hm3-j8r7"
    },
    {
      "type": "PACKAGE",
      "url": "https://github.com/moinwiki/moin-1.9"
    },
    {
      "type": "WEB",
      "url": "https://lists.debian.org/debian-lts-announce/2018/10/msg00007.html"
    },
    {
      "type": "WEB",
      "url": "https://usn.ubuntu.com/3794-1"
    },
    {
      "type": "WEB",
      "url": "https://www.debian.org/security/2018/dsa-4318"
    },
    {
      "type": "WEB",
      "url": "http://lists.opensuse.org/opensuse-security-announce/2018-10/msg00024.html"
    },
    {
      "type": "WEB",
      "url": "http://moinmo.in/SecurityFixes"
    }
  ],
  "affected": [
    {
      "package": {
        "name": "moin",
        "ecosystem": "PyPI",
        "purl": "pkg:pypi/moin"
      },
      "ranges": [
        {
          "type": "ECOSYSTEM",
          "events": [
            {
              "introduced": "0"
            },
            {
              "fixed": "1.9.10"
            }
          ]
        }
      ],
      "versions": [
        "1.8.4",
        "1.8.5",
        "1.8.6",
        "1.8.7",
        "1.9.0",
        "1.9.1",
        "1.9.2",
        "1.9.3",
        "1.9.4",
        "1.9.5",
        "1.9.6",
        "1.9.7",
        "1.9.8",
        "1.9.9"
      ],
      "database_specific": {
        "source": "https://github.com/github/advisory-database/blob/main/advisories/github-reviewed/2019/01/GHSA-42fp-4hm3-j8r7/GHSA-42fp-4hm3-j8r7.json"
      }
    }
  ],
  "schema_version": "1.6.0",
  "severity": [
    {
      "type": "CVSS_V3",
      "score": "CVSS:3.0/AV:N/AC:L/PR:N/UI:R/S:C/C:L/I:L/A:N"
    }
  ]
}