{
  "id": "GHSA-4vq7-8699-4xgc",
  "summary": "WMAgent arbitrary code execution via a crafted dbs-client package",
  "details": "WMAgent v1.3.3rc2 and 1.3.3rc1, reqmgr2 1.4.1rc5 and 1.4.0rc2, reqmon 1.4.1rc5, and global-workqueue 1.4.1rc5 allows attackers to execute arbitrary code via a crafted dbs-client package.",
  "aliases": [
    "CVE-2022-34558"
  ],
  "modified": "2023-11-08T04:09:45.893275Z",
  "published": "2022-07-29T00:00:17Z",
  "database_specific": {
    "nvd_published_at": "2022-07-28T23:15:00Z",
    "github_reviewed_at": "2022-08-06T05:52:32Z",
    "severity": "CRITICAL",
    "github_reviewed": true,
    "cwe_ids": []
  },
  "references": [
    {
      "type": "ADVISORY",
      "url": "https://nvd.nist.gov/vuln/detail/CVE-2022-34558"
    },
    {
      "type": "WEB",
      "url": "https://github.com/dmwm/WMCore/issues/11188"
    },
    {
      "type": "PACKAGE",
      "url": "https://github.com/dmwm/WMCore"
    }
  ],
  "affected": [
    {
      "package": {
        "name": "wmagent",
        "ecosystem": "PyPI",
        "purl": "pkg:pypi/wmagent"
      },
      "ranges": [
        {
          "type": "ECOSYSTEM",
          "events": [
            {
              "introduced": "1.3.3rc1"
            },
            {
              "fixed": "2.0.4"
            }
          ]
        }
      ],
      "database_specific": {
        "last_known_affected_version_range": "<= 1.3.3rc2",
        "source": "https://github.com/github/advisory-database/blob/main/advisories/github-reviewed/2022/07/GHSA-4vq7-8699-4xgc/GHSA-4vq7-8699-4xgc.json"
      },
      "versions": []
    },
    {
      "package": {
        "name": "reqmgr2",
        "ecosystem": "PyPI",
        "purl": "pkg:pypi/reqmgr2"
      },
      "ranges": [
        {
          "type": "ECOSYSTEM",
          "events": [
            {
              "introduced": "1.4.0rc2"
            },
            {
              "fixed": "2.0.4"
            }
          ]
        }
      ],
      "database_specific": {
        "last_known_affected_version_range": "<= 1.4.1rc5",
        "source": "https://github.com/github/advisory-database/blob/main/advisories/github-reviewed/2022/07/GHSA-4vq7-8699-4xgc/GHSA-4vq7-8699-4xgc.json"
      },
      "versions": []
    },
    {
      "package": {
        "name": "reqmon",
        "ecosystem": "PyPI",
        "purl": "pkg:pypi/reqmon"
      },
      "ranges": [
        {
          "type": "ECOSYSTEM",
          "events": [
            {
              "introduced": "1.4.1rc5"
            },
            {
              "fixed": "2.0.4"
            }
          ]
        }
      ],
      "versions": [
        "1.4.1rc5"
      ],
      "database_specific": {
        "source": "https://github.com/github/advisory-database/blob/main/advisories/github-reviewed/2022/07/GHSA-4vq7-8699-4xgc/GHSA-4vq7-8699-4xgc.json"
      }
    },
    {
      "package": {
        "name": "global-workqueue",
        "ecosystem": "PyPI",
        "purl": "pkg:pypi/global-workqueue"
      },
      "ranges": [
        {
          "type": "ECOSYSTEM",
          "events": [
            {
              "introduced": "1.4.1rc5"
            },
            {
              "fixed": "2.0.4"
            }
          ]
        }
      ],
      "versions": [
        "1.4.1rc5"
      ],
      "database_specific": {
        "source": "https://github.com/github/advisory-database/blob/main/advisories/github-reviewed/2022/07/GHSA-4vq7-8699-4xgc/GHSA-4vq7-8699-4xgc.json"
      }
    }
  ],
  "schema_version": "1.6.0",
  "severity": [
    {
      "type": "CVSS_V3",
      "score": "CVSS:3.1/AV:N/AC:L/PR:N/UI:N/S:U/C:H/I:H/A:H"
    }
  ]
}