{
  "id": "GHSA-2q26-r8c4-jfx5",
  "summary": "Edgewall Trac Cross-site request forgery (CSRF) vulnerability",
  "details": "Cross-site request forgery (CSRF) vulnerability in Edgewall Trac 0.10 and earlier allows remote attackers to perform unauthorized actions as other users via unknown vectors.",
  "aliases": [
    "CVE-2006-5878",
    "PYSEC-2006-3"
  ],
  "modified": "2024-04-29T14:56:57.736771Z",
  "published": "2022-05-01T07:32:37Z",
  "database_specific": {
    "nvd_published_at": "2006-11-14T19:07:00Z",
    "cwe_ids": [
      "CWE-352"
    ],
    "severity": "HIGH",
    "github_reviewed": true,
    "github_reviewed_at": "2024-04-29T14:33:51Z"
  },
  "references": [
    {
      "type": "ADVISORY",
      "url": "https://nvd.nist.gov/vuln/detail/CVE-2006-5878"
    },
    {
      "type": "WEB",
      "url": "https://exchange.xforce.ibmcloud.com/vulnerabilities/30146"
    },
    {
      "type": "WEB",
      "url": "https://web.archive.org/web/20140724015143/http://secunia.com/advisories/23357"
    },
    {
      "type": "WEB",
      "url": "https://web.archive.org/web/20140724111033/http://secunia.com/advisories/22868"
    },
    {
      "type": "WEB",
      "url": "https://web.archive.org/web/20140801133247/http://secunia.com/advisories/22789"
    },
    {
      "type": "WEB",
      "url": "http://security.gentoo.org/glsa/glsa-200612-14.xml"
    },
    {
      "type": "WEB",
      "url": "http://trac.edgewall.org/ticket/4049"
    },
    {
      "type": "WEB",
      "url": "http://trac.edgewall.org/wiki/ChangeLog"
    },
    {
      "type": "WEB",
      "url": "http://www.debian.org/security/2006/dsa-1209"
    }
  ],
  "affected": [
    {
      "package": {
        "name": "trac",
        "ecosystem": "PyPI",
        "purl": "pkg:pypi/trac"
      },
      "ranges": [
        {
          "type": "ECOSYSTEM",
          "events": [
            {
              "introduced": "0"
            },
            {
              "fixed": "0.10.1"
            }
          ]
        }
      ],
      "versions": [
        "0.10",
        "0.8.4",
        "0.9"
      ],
      "database_specific": {
        "source": "https://github.com/github/advisory-database/blob/main/advisories/github-reviewed/2022/05/GHSA-2q26-r8c4-jfx5/GHSA-2q26-r8c4-jfx5.json"
      }
    }
  ],
  "schema_version": "1.6.0"
}