{
  "id": "GHSA-48mj-p7x2-5jfm",
  "summary": "Basic auth bypass in esphome",
  "details": "### Impact\n\nAnyone with web_server enabled and HTTP basic auth configured on 2021.9.1 or older\n\n`web_server` allows OTA update without checking user defined basic auth username & password\n\n### Patches\n\nPatch released in 2021.9.2\n\n### Workarounds\n\nDisable/remove `web_server`\n",
  "aliases": [
    "CVE-2021-41104",
    "PYSEC-2021-351"
  ],
  "modified": "2023-11-08T04:06:51.299405Z",
  "published": "2021-09-29T17:09:14Z",
  "database_specific": {
    "nvd_published_at": "2021-09-28T16:15:00Z",
    "github_reviewed_at": "2021-09-28T21:10:08Z",
    "severity": "HIGH",
    "github_reviewed": true,
    "cwe_ids": [
      "CWE-306"
    ]
  },
  "references": [
    {
      "type": "WEB",
      "url": "https://github.com/esphome/esphome/security/advisories/GHSA-48mj-p7x2-5jfm"
    },
    {
      "type": "ADVISORY",
      "url": "https://nvd.nist.gov/vuln/detail/CVE-2021-41104"
    },
    {
      "type": "WEB",
      "url": "https://github.com/esphome/esphome/pull/2409/commits/207cde1667d8c799a197b78ca8a5a14de8d5ca1e"
    },
    {
      "type": "WEB",
      "url": "https://github.com/esphome/esphome/commit/be965a60eba6bb769e2a5afdbc8eed132f077a59"
    },
    {
      "type": "PACKAGE",
      "url": "https://github.com/esphome/esphome"
    },
    {
      "type": "WEB",
      "url": "https://github.com/esphome/esphome/releases/tag/2021.9.2"
    }
  ],
  "affected": [
    {
      "package": {
        "name": "esphome",
        "ecosystem": "PyPI",
        "purl": "pkg:pypi/esphome"
      },
      "ranges": [
        {
          "type": "ECOSYSTEM",
          "events": [
            {
              "introduced": "0"
            },
            {
              "fixed": "2021.9.2"
            }
          ]
        }
      ],
      "versions": [
        "1.10.1",
        "1.11.0",
        "1.11.0b1",
        "1.11.0b2",
        "1.11.0b3",
        "1.11.1",
        "1.11.2",
        "1.12.0",
        "1.12.0b1",
        "1.12.0b2",
        "1.12.0b3",
        "1.12.0b4",
        "1.12.1",
        "1.12.2",
        "1.13.0",
        "1.13.0b1",
        "1.13.0b2",
        "1.13.0b3",
        "1.13.0b4",
        "1.13.0b5",
        "1.13.0b6",
        "1.13.0b7",
        "1.13.1",
        "1.13.2",
        "1.13.3",
        "1.13.4",
        "1.13.5",
        "1.13.6",
        "1.14.0",
        "1.14.0b1",
        "1.14.0b2",
        "1.14.0b3",
        "1.14.0b4",
        "1.14.0b5",
        "1.14.1",
        "1.14.2",
        "1.14.3",
        "1.14.4",
        "1.14.5",
        "1.15.0",
        "1.15.0b1",
        "1.15.0b2",
        "1.15.0b3",
        "1.15.0b4",
        "1.15.1",
        "1.15.2",
        "1.15.3",
        "1.16.0",
        "1.16.0b1",
        "1.16.0b2",
        "1.16.0b3",
        "1.16.0b4",
        "1.16.0b5",
        "1.16.0b6",
        "1.16.0b7",
        "1.16.0b8",
        "1.16.1",
        "1.16.2",
        "1.17.0",
        "1.17.0b1",
        "1.17.1",
        "1.17.2",
        "1.18.0",
        "1.18.0b1",
        "1.18.0b2",
        "1.18.0b3",
        "1.18.0b4",
        "1.19.0",
        "1.19.0b1",
        "1.19.0b2",
        "1.19.0b3",
        "1.19.0b4",
        "1.19.0b5",
        "1.19.0b6",
        "1.19.0b7",
        "1.19.1",
        "1.19.2",
        "1.19.3",
        "1.19.4",
        "1.20.0",
        "1.20.0b1",
        "1.20.0b2",
        "1.20.0b3",
        "1.20.0b4",
        "1.20.0b5",
        "1.20.0b6",
        "1.20.1",
        "1.20.2",
        "1.20.3",
        "1.20.4",
        "1.21.0b1",
        "1.21.0b2",
        "1.21.0b3",
        "2021.8.0",
        "2021.8.1",
        "2021.8.2",
        "2021.9.0",
        "2021.9.0b1",
        "2021.9.0b2",
        "2021.9.0b3",
        "2021.9.0b4",
        "2021.9.0b5",
        "2021.9.1"
      ],
      "database_specific": {
        "source": "https://github.com/github/advisory-database/blob/main/advisories/github-reviewed/2021/09/GHSA-48mj-p7x2-5jfm/GHSA-48mj-p7x2-5jfm.json"
      }
    }
  ],
  "schema_version": "1.6.0",
  "severity": [
    {
      "type": "CVSS_V3",
      "score": "CVSS:3.1/AV:N/AC:L/PR:N/UI:N/S:U/C:N/I:H/A:N"
    }
  ]
}