{
  "id": "GHSA-2q4h-27m7-rj67",
  "summary": "python-bugzilla has improper validation of X.509 certificates",
  "details": "python-bugzilla before 0.9.0 does not validate X.509 certificates, which allows man-in-the-middle attackers to spoof Bugzilla servers via a crafted certificate.",
  "aliases": [
    "CVE-2013-2191",
    "PYSEC-2014-88"
  ],
  "modified": "2024-04-29T15:56:44.977479Z",
  "published": "2022-05-14T02:10:10Z",
  "database_specific": {
    "nvd_published_at": "2014-02-08T00:55:00Z",
    "cwe_ids": [
      "CWE-20"
    ],
    "severity": "MODERATE",
    "github_reviewed": true,
    "github_reviewed_at": "2024-04-29T14:47:01Z"
  },
  "references": [
    {
      "type": "ADVISORY",
      "url": "https://nvd.nist.gov/vuln/detail/CVE-2013-2191"
    },
    {
      "type": "WEB",
      "url": "https://github.com/python-bugzilla/python-bugzilla/commit/a782282ee479ba4cc1b8b1d89700ac630ba83eef"
    },
    {
      "type": "WEB",
      "url": "https://bugzilla.redhat.com/show_bug.cgi?id=951594"
    },
    {
      "type": "WEB",
      "url": "https://git.fedorahosted.org/cgit/python-bugzilla.git/commit/?id=a782282ee479ba4cc1b8b1d89700ac630ba83eef"
    },
    {
      "type": "PACKAGE",
      "url": "https://github.com/python-bugzilla/python-bugzilla"
    },
    {
      "type": "WEB",
      "url": "https://lists.fedorahosted.org/pipermail/python-bugzilla/2013-June/000104.html"
    },
    {
      "type": "WEB",
      "url": "http://lists.opensuse.org/opensuse-updates/2013-07/msg00025.html"
    },
    {
      "type": "WEB",
      "url": "http://lists.opensuse.org/opensuse-updates/2013-07/msg00026.html"
    },
    {
      "type": "WEB",
      "url": "http://www.openwall.com/lists/oss-security/2013/06/19/6"
    }
  ],
  "affected": [
    {
      "package": {
        "name": "python-bugzilla",
        "ecosystem": "PyPI",
        "purl": "pkg:pypi/python-bugzilla"
      },
      "ranges": [
        {
          "type": "ECOSYSTEM",
          "events": [
            {
              "introduced": "0"
            },
            {
              "fixed": "0.9.0"
            }
          ]
        }
      ],
      "versions": [
        "0.6.2",
        "0.7.0",
        "0.8.0"
      ],
      "database_specific": {
        "source": "https://github.com/github/advisory-database/blob/main/advisories/github-reviewed/2022/05/GHSA-2q4h-27m7-rj67/GHSA-2q4h-27m7-rj67.json"
      }
    }
  ],
  "schema_version": "1.6.0"
}