{
  "id": "GHSA-287q-jfcp-9vhv",
  "summary": "django-photologue vulnerable to Cross-site Scripting",
  "details": "A vulnerability was found in django-photologue up to 3.15.1 and classified as problematic. Affected by this issue is some unknown functionality of the file photologue/templates/photologue/photo_detail.html of the component Default Template Handler. The manipulation of the argument object.caption leads to cross site scripting. The attack may be launched remotely. Upgrading to version 3.16 is able to address this issue. The name of the patch is 960cb060ce5e2964e6d716ff787c72fc18a371e7. It is recommended to apply a patch to fix this issue. VDB-215906 is the identifier assigned to this vulnerability.",
  "aliases": [
    "CVE-2022-4526",
    "PYSEC-2022-43061"
  ],
  "modified": "2024-02-16T08:22:47.730032Z",
  "published": "2022-12-15T21:30:26Z",
  "database_specific": {
    "nvd_published_at": "2022-12-15T21:15:00Z",
    "cwe_ids": [
      "CWE-79"
    ],
    "severity": "MODERATE",
    "github_reviewed": true,
    "github_reviewed_at": "2022-12-15T23:29:11Z"
  },
  "references": [
    {
      "type": "ADVISORY",
      "url": "https://nvd.nist.gov/vuln/detail/CVE-2022-4526"
    },
    {
      "type": "WEB",
      "url": "https://github.com/richardbarran/django-photologue/issues/223"
    },
    {
      "type": "WEB",
      "url": "https://github.com/richardbarran/django-photologue/commit/960cb060ce5e2964e6d716ff787c72fc18a371e7"
    },
    {
      "type": "WEB",
      "url": "https://github.com/pypa/advisory-database/tree/main/vulns/django-photologue/PYSEC-2022-43061.yaml"
    },
    {
      "type": "PACKAGE",
      "url": "https://github.com/richardbarran/django-photologue"
    },
    {
      "type": "WEB",
      "url": "https://vuldb.com/?id.215906"
    }
  ],
  "affected": [
    {
      "package": {
        "name": "django-photologue",
        "ecosystem": "PyPI",
        "purl": "pkg:pypi/django-photologue"
      },
      "ranges": [
        {
          "type": "ECOSYSTEM",
          "events": [
            {
              "introduced": "0"
            },
            {
              "fixed": "3.16"
            }
          ]
        }
      ],
      "versions": [
        "2.3",
        "2.4",
        "2.5",
        "2.6",
        "2.6.1",
        "2.7",
        "2.8",
        "2.8.1",
        "2.8.2",
        "2.8.3",
        "3.0",
        "3.0.1",
        "3.0.2",
        "3.1",
        "3.1.1",
        "3.10",
        "3.11",
        "3.12",
        "3.13",
        "3.14",
        "3.15",
        "3.15.1",
        "3.2",
        "3.3",
        "3.3.1",
        "3.3.2",
        "3.4",
        "3.4.1",
        "3.5",
        "3.5.1",
        "3.6",
        "3.7",
        "3.8",
        "3.8.1",
        "3.9"
      ],
      "database_specific": {
        "last_known_affected_version_range": "<= 3.15.1",
        "source": "https://github.com/github/advisory-database/blob/main/advisories/github-reviewed/2022/12/GHSA-287q-jfcp-9vhv/GHSA-287q-jfcp-9vhv.json"
      }
    }
  ],
  "schema_version": "1.6.0",
  "severity": [
    {
      "type": "CVSS_V3",
      "score": "CVSS:3.1/AV:N/AC:L/PR:N/UI:R/S:C/C:L/I:L/A:N"
    }
  ]
}