{
  "id": "GHSA-5626-pw9c-hmjr",
  "summary": "OctoPrint Unverified Password Change via Access Control Settings",
  "details": "### Impact\n\nOctoPrint versions up until and including 1.9.3 contain a vulnerability that allows malicious admins to change the password of other admin accounts, including their own, without having to repeat their password.\n\nAn attacker who managed to hijack an admin account might use this to lock out actual admins from their OctoPrint instance.\n\n### Patches\n\nThe vulnerability will be patched in version 1.10.0.\n\n### Workarounds\n\nOctoPrint administrators are strongly advised to thoroughly vet who has admin access to their installation.\n\n### Credits\n\nThis vulnerability was discovered and responsibly disclosed to OctoPrint by Timothy \"TK\" Ruppert.\n",
  "aliases": [
    "CVE-2024-23637",
    "PYSEC-2024-29"
  ],
  "modified": "2024-02-16T08:07:10.638179Z",
  "published": "2024-01-31T18:04:48Z",
  "database_specific": {
    "nvd_published_at": "2024-01-31T18:15:49Z",
    "cwe_ids": [
      "CWE-287",
      "CWE-620"
    ],
    "severity": "MODERATE",
    "github_reviewed": true,
    "github_reviewed_at": "2024-01-31T18:04:48Z"
  },
  "references": [
    {
      "type": "WEB",
      "url": "https://github.com/OctoPrint/OctoPrint/security/advisories/GHSA-5626-pw9c-hmjr"
    },
    {
      "type": "ADVISORY",
      "url": "https://nvd.nist.gov/vuln/detail/CVE-2024-23637"
    },
    {
      "type": "WEB",
      "url": "https://github.com/OctoPrint/OctoPrint/commit/1729d167b4ae4a5835bbc7211b92c6828b1c4125"
    },
    {
      "type": "PACKAGE",
      "url": "https://github.com/OctoPrint/OctoPrint"
    },
    {
      "type": "WEB",
      "url": "https://github.com/OctoPrint/OctoPrint/releases/tag/1.10.0rc1"
    },
    {
      "type": "WEB",
      "url": "https://github.com/pypa/advisory-database/tree/main/vulns/octoprint/PYSEC-2024-29.yaml"
    }
  ],
  "affected": [
    {
      "package": {
        "name": "octoprint",
        "ecosystem": "PyPI",
        "purl": "pkg:pypi/octoprint"
      },
      "ranges": [
        {
          "type": "ECOSYSTEM",
          "events": [
            {
              "introduced": "0"
            },
            {
              "fixed": "1.10.0rc1"
            }
          ]
        }
      ],
      "versions": [
        "1.3.11",
        "1.3.12",
        "1.3.12rc1",
        "1.3.12rc3",
        "1.4.0",
        "1.4.0rc1",
        "1.4.0rc2",
        "1.4.0rc3",
        "1.4.0rc4",
        "1.4.0rc5",
        "1.4.0rc6",
        "1.4.1",
        "1.4.1rc1",
        "1.4.1rc2",
        "1.4.1rc3",
        "1.4.1rc4",
        "1.4.2",
        "1.5.0",
        "1.5.0rc1",
        "1.5.0rc2",
        "1.5.0rc3",
        "1.5.1",
        "1.5.2",
        "1.5.3",
        "1.6.0",
        "1.6.0rc1",
        "1.6.0rc2",
        "1.6.0rc3",
        "1.6.1",
        "1.7.0",
        "1.7.0rc1",
        "1.7.0rc2",
        "1.7.0rc3",
        "1.7.1",
        "1.7.2",
        "1.7.3",
        "1.8.0",
        "1.8.0rc1",
        "1.8.0rc2",
        "1.8.0rc3",
        "1.8.0rc4",
        "1.8.0rc5",
        "1.8.1",
        "1.8.2",
        "1.8.3",
        "1.8.4",
        "1.8.5",
        "1.8.6",
        "1.8.7",
        "1.9.0",
        "1.9.0rc1",
        "1.9.0rc2",
        "1.9.0rc3",
        "1.9.0rc4",
        "1.9.0rc5",
        "1.9.0rc6",
        "1.9.1",
        "1.9.2",
        "1.9.3"
      ],
      "database_specific": {
        "last_known_affected_version_range": "<= 1.9.3",
        "source": "https://github.com/github/advisory-database/blob/main/advisories/github-reviewed/2024/01/GHSA-5626-pw9c-hmjr/GHSA-5626-pw9c-hmjr.json"
      }
    }
  ],
  "schema_version": "1.6.0",
  "severity": [
    {
      "type": "CVSS_V3",
      "score": "CVSS:3.1/AV:L/AC:L/PR:H/UI:N/S:U/C:L/I:L/A:L"
    }
  ]
}