{
  "id": "GHSA-4cfr-gjfx-fj3x",
  "summary": "Cobbler before 3.3.0 allows arbitrary file write operations via upload_log_data.",
  "details": "Cobbler before 3.3.0 allows arbitrary file write operations via upload_log_data.",
  "aliases": [
    "CVE-2021-40324",
    "PYSEC-2021-374"
  ],
  "modified": "2023-11-08T04:06:47.100494Z",
  "published": "2021-10-05T17:53:11Z",
  "database_specific": {
    "nvd_published_at": "2021-10-04T06:15:00Z",
    "github_reviewed_at": "2021-10-05T15:51:30Z",
    "severity": "HIGH",
    "github_reviewed": true,
    "cwe_ids": [
      "CWE-434"
    ]
  },
  "references": [
    {
      "type": "ADVISORY",
      "url": "https://nvd.nist.gov/vuln/detail/CVE-2021-40324"
    },
    {
      "type": "WEB",
      "url": "https://github.com/cobbler/cobbler/commit/d8f60bbf14a838c8c8a1dba98086b223e35fe70a"
    },
    {
      "type": "PACKAGE",
      "url": "https://github.com/cobbler/cobbler"
    },
    {
      "type": "WEB",
      "url": "https://github.com/cobbler/cobbler/releases/tag/v3.3.0"
    }
  ],
  "affected": [
    {
      "package": {
        "name": "cobbler",
        "ecosystem": "PyPI",
        "purl": "pkg:pypi/cobbler"
      },
      "ranges": [
        {
          "type": "ECOSYSTEM",
          "events": [
            {
              "introduced": "0"
            },
            {
              "fixed": "3.3.0"
            }
          ]
        }
      ],
      "versions": [
        "0.6.3-2",
        "3.1.2",
        "3.2.1",
        "3.2.2"
      ],
      "database_specific": {
        "source": "https://github.com/github/advisory-database/blob/main/advisories/github-reviewed/2021/10/GHSA-4cfr-gjfx-fj3x/GHSA-4cfr-gjfx-fj3x.json"
      }
    }
  ],
  "schema_version": "1.6.0"
}