{
  "id": "GHSA-52wr-3vww-rmpq",
  "summary": "SOAPpy vulnerable to XML External Entity attacks",
  "details": "SOAPpy 0.12.5 allows remote attackers to read arbitrary files via a SOAP request containing an external entity declaration in conjunction with an entity reference, related to an XML External Entity (XXE) issue.",
  "aliases": [
    "CVE-2014-3242"
  ],
  "modified": "2024-02-16T08:19:55.378016Z",
  "published": "2022-05-17T04:44:24Z",
  "database_specific": {
    "nvd_published_at": "2014-05-12T14:55:00Z",
    "cwe_ids": [
      "CWE-611"
    ],
    "severity": "MODERATE",
    "github_reviewed": true,
    "github_reviewed_at": "2023-08-16T23:29:45Z"
  },
  "references": [
    {
      "type": "ADVISORY",
      "url": "https://nvd.nist.gov/vuln/detail/CVE-2014-3242"
    },
    {
      "type": "PACKAGE",
      "url": "https://github.com/kiorky/soappy"
    },
    {
      "type": "WEB",
      "url": "https://web.archive.org/web/20150501220613/http://www.pnigos.com/?p=260"
    },
    {
      "type": "WEB",
      "url": "https://web.archive.org/web/20200229062311/http://www.securityfocus.com/bid/67216"
    },
    {
      "type": "WEB",
      "url": "http://seclists.org/fulldisclosure/2014/May/20"
    },
    {
      "type": "WEB",
      "url": "http://www.openwall.com/lists/oss-security/2014/05/06/1"
    },
    {
      "type": "WEB",
      "url": "http://www.openwall.com/lists/oss-security/2014/05/06/9"
    }
  ],
  "affected": [
    {
      "package": {
        "name": "soappy",
        "ecosystem": "PyPI",
        "purl": "pkg:pypi/soappy"
      },
      "ranges": [
        {
          "type": "ECOSYSTEM",
          "events": [
            {
              "introduced": "0"
            },
            {
              "last_affected": "0.12.5"
            }
          ]
        }
      ],
      "versions": [
        "0.12.1",
        "0.12.3",
        "0.12.4",
        "0.12.5"
      ],
      "database_specific": {
        "source": "https://github.com/github/advisory-database/blob/main/advisories/github-reviewed/2022/05/GHSA-52wr-3vww-rmpq/GHSA-52wr-3vww-rmpq.json"
      }
    }
  ],
  "schema_version": "1.6.0"
}