{
  "id": "GHSA-5889-7v45-q28m",
  "summary": "Incomplete validation in signal ops leads to crashes in TensorFlow",
  "details": "### Impact\nThe `tf.compat.v1.signal.rfft2d` and `tf.compat.v1.signal.rfft3d` lack input validation and under certain condition can result in crashes (due to `CHECK`-failures).\n\n### Patches \nWe have patched the issue in GitHub commit [0a8a781e597b18ead006d19b7d23d0a369e9ad73](https://github.com/tensorflow/tensorflow/commit/0a8a781e597b18ead006d19b7d23d0a369e9ad73) (merging GitHub PR [#55274](https://github.com/tensorflow/tensorflow/pull/55274)).\n\nThe fix will be included in TensorFlow 2.9.0. We will also cherrypick this commit on TensorFlow 2.8.1, TensorFlow 2.7.2, and TensorFlow 2.6.4, as these are also affected and still in supported range.\n\n### For more information\nPlease consult [our security guide](https://github.com/tensorflow/tensorflow/blob/master/SECURITY.md) for more information regarding the security model and how to contact us with issues and questions.\n\n### Attribution\nThis vulnerability has been reported externally via a [GitHub issue](https://github.com/tensorflow/tensorflow/issues/55263).",
  "aliases": [
    "BIT-tensorflow-2022-29213",
    "CVE-2022-29213"
  ],
  "modified": "2024-02-16T08:16:19.326856Z",
  "published": "2022-05-24T22:16:29Z",
  "database_specific": {
    "nvd_published_at": "2022-05-21T00:15:00Z",
    "cwe_ids": [
      "CWE-20",
      "CWE-617"
    ],
    "severity": "MODERATE",
    "github_reviewed": true,
    "github_reviewed_at": "2022-05-24T22:16:29Z"
  },
  "references": [
    {
      "type": "WEB",
      "url": "https://github.com/tensorflow/tensorflow/security/advisories/GHSA-5889-7v45-q28m"
    },
    {
      "type": "ADVISORY",
      "url": "https://nvd.nist.gov/vuln/detail/CVE-2022-29213"
    },
    {
      "type": "WEB",
      "url": "https://github.com/tensorflow/tensorflow/issues/55263"
    },
    {
      "type": "WEB",
      "url": "https://github.com/tensorflow/tensorflow/pull/55274"
    },
    {
      "type": "WEB",
      "url": "https://github.com/tensorflow/tensorflow/commit/0a8a781e597b18ead006d19b7d23d0a369e9ad73"
    },
    {
      "type": "PACKAGE",
      "url": "https://github.com/tensorflow/tensorflow"
    },
    {
      "type": "WEB",
      "url": "https://github.com/tensorflow/tensorflow/releases/tag/v2.6.4"
    },
    {
      "type": "WEB",
      "url": "https://github.com/tensorflow/tensorflow/releases/tag/v2.7.2"
    },
    {
      "type": "WEB",
      "url": "https://github.com/tensorflow/tensorflow/releases/tag/v2.8.1"
    },
    {
      "type": "WEB",
      "url": "https://github.com/tensorflow/tensorflow/releases/tag/v2.9.0"
    }
  ],
  "affected": [
    {
      "package": {
        "name": "tensorflow",
        "ecosystem": "PyPI",
        "purl": "pkg:pypi/tensorflow"
      },
      "ranges": [
        {
          "type": "ECOSYSTEM",
          "events": [
            {
              "introduced": "0"
            },
            {
              "fixed": "2.6.4"
            }
          ]
        }
      ],
      "versions": [
        "0.12.0",
        "0.12.1",
        "1.0.0",
        "1.0.1",
        "1.1.0",
        "1.10.0",
        "1.10.1",
        "1.11.0",
        "1.12.0",
        "1.12.2",
        "1.12.3",
        "1.13.1",
        "1.13.2",
        "1.14.0",
        "1.15.0",
        "1.15.2",
        "1.15.3",
        "1.15.4",
        "1.15.5",
        "1.2.0",
        "1.2.1",
        "1.3.0",
        "1.4.0",
        "1.4.1",
        "1.5.0",
        "1.5.1",
        "1.6.0",
        "1.7.0",
        "1.7.1",
        "1.8.0",
        "1.9.0",
        "2.0.0",
        "2.0.1",
        "2.0.2",
        "2.0.3",
        "2.0.4",
        "2.1.0",
        "2.1.1",
        "2.1.2",
        "2.1.3",
        "2.1.4",
        "2.2.0",
        "2.2.1",
        "2.2.2",
        "2.2.3",
        "2.3.0",
        "2.3.1",
        "2.3.2",
        "2.3.3",
        "2.3.4",
        "2.4.0",
        "2.4.1",
        "2.4.2",
        "2.4.3",
        "2.4.4",
        "2.5.0",
        "2.5.1",
        "2.5.2",
        "2.5.3",
        "2.6.0",
        "2.6.0rc0",
        "2.6.0rc1",
        "2.6.0rc2",
        "2.6.1",
        "2.6.2",
        "2.6.3"
      ],
      "database_specific": {
        "source": "https://github.com/github/advisory-database/blob/main/advisories/github-reviewed/2022/05/GHSA-5889-7v45-q28m/GHSA-5889-7v45-q28m.json"
      }
    },
    {
      "package": {
        "name": "tensorflow",
        "ecosystem": "PyPI",
        "purl": "pkg:pypi/tensorflow"
      },
      "ranges": [
        {
          "type": "ECOSYSTEM",
          "events": [
            {
              "introduced": "2.7.0"
            },
            {
              "fixed": "2.7.2"
            }
          ]
        }
      ],
      "versions": [
        "2.7.0",
        "2.7.1"
      ],
      "database_specific": {
        "source": "https://github.com/github/advisory-database/blob/main/advisories/github-reviewed/2022/05/GHSA-5889-7v45-q28m/GHSA-5889-7v45-q28m.json"
      }
    },
    {
      "package": {
        "name": "tensorflow",
        "ecosystem": "PyPI",
        "purl": "pkg:pypi/tensorflow"
      },
      "ranges": [
        {
          "type": "ECOSYSTEM",
          "events": [
            {
              "introduced": "2.8.0"
            },
            {
              "fixed": "2.8.1"
            }
          ]
        }
      ],
      "versions": [
        "2.8.0"
      ],
      "database_specific": {
        "source": "https://github.com/github/advisory-database/blob/main/advisories/github-reviewed/2022/05/GHSA-5889-7v45-q28m/GHSA-5889-7v45-q28m.json"
      }
    },
    {
      "package": {
        "name": "tensorflow-cpu",
        "ecosystem": "PyPI",
        "purl": "pkg:pypi/tensorflow-cpu"
      },
      "ranges": [
        {
          "type": "ECOSYSTEM",
          "events": [
            {
              "introduced": "0"
            },
            {
              "fixed": "2.6.4"
            }
          ]
        }
      ],
      "versions": [
        "1.15.0",
        "2.1.0",
        "2.1.1",
        "2.1.2",
        "2.1.3",
        "2.1.4",
        "2.2.0",
        "2.2.1",
        "2.2.2",
        "2.2.3",
        "2.3.0",
        "2.3.1",
        "2.3.2",
        "2.3.3",
        "2.3.4",
        "2.4.0",
        "2.4.1",
        "2.4.2",
        "2.4.3",
        "2.4.4",
        "2.5.0",
        "2.5.1",
        "2.5.2",
        "2.5.3",
        "2.6.0",
        "2.6.1",
        "2.6.2",
        "2.6.3"
      ],
      "database_specific": {
        "source": "https://github.com/github/advisory-database/blob/main/advisories/github-reviewed/2022/05/GHSA-5889-7v45-q28m/GHSA-5889-7v45-q28m.json"
      }
    },
    {
      "package": {
        "name": "tensorflow-cpu",
        "ecosystem": "PyPI",
        "purl": "pkg:pypi/tensorflow-cpu"
      },
      "ranges": [
        {
          "type": "ECOSYSTEM",
          "events": [
            {
              "introduced": "2.7.0"
            },
            {
              "fixed": "2.7.2"
            }
          ]
        }
      ],
      "versions": [
        "2.7.0",
        "2.7.1"
      ],
      "database_specific": {
        "source": "https://github.com/github/advisory-database/blob/main/advisories/github-reviewed/2022/05/GHSA-5889-7v45-q28m/GHSA-5889-7v45-q28m.json"
      }
    },
    {
      "package": {
        "name": "tensorflow-cpu",
        "ecosystem": "PyPI",
        "purl": "pkg:pypi/tensorflow-cpu"
      },
      "ranges": [
        {
          "type": "ECOSYSTEM",
          "events": [
            {
              "introduced": "2.8.0"
            },
            {
              "fixed": "2.8.1"
            }
          ]
        }
      ],
      "versions": [
        "2.8.0"
      ],
      "database_specific": {
        "source": "https://github.com/github/advisory-database/blob/main/advisories/github-reviewed/2022/05/GHSA-5889-7v45-q28m/GHSA-5889-7v45-q28m.json"
      }
    },
    {
      "package": {
        "name": "tensorflow-gpu",
        "ecosystem": "PyPI",
        "purl": "pkg:pypi/tensorflow-gpu"
      },
      "ranges": [
        {
          "type": "ECOSYSTEM",
          "events": [
            {
              "introduced": "0"
            },
            {
              "fixed": "2.6.4"
            }
          ]
        }
      ],
      "versions": [
        "0.12.0",
        "0.12.1",
        "1.0.0",
        "1.0.1",
        "1.1.0",
        "1.10.0",
        "1.10.1",
        "1.11.0",
        "1.12.0",
        "1.12.2",
        "1.12.3",
        "1.13.1",
        "1.13.2",
        "1.14.0",
        "1.15.0",
        "1.15.2",
        "1.15.3",
        "1.15.4",
        "1.15.5",
        "1.2.0",
        "1.2.1",
        "1.3.0",
        "1.4.0",
        "1.4.1",
        "1.5.0",
        "1.5.1",
        "1.6.0",
        "1.7.0",
        "1.7.1",
        "1.8.0",
        "1.9.0",
        "2.0.0",
        "2.0.1",
        "2.0.2",
        "2.0.3",
        "2.0.4",
        "2.1.0",
        "2.1.1",
        "2.1.2",
        "2.1.3",
        "2.1.4",
        "2.2.0",
        "2.2.1",
        "2.2.2",
        "2.2.3",
        "2.3.0",
        "2.3.1",
        "2.3.2",
        "2.3.3",
        "2.3.4",
        "2.4.0",
        "2.4.1",
        "2.4.2",
        "2.4.3",
        "2.4.4",
        "2.5.0",
        "2.5.1",
        "2.5.2",
        "2.5.3",
        "2.6.0",
        "2.6.1",
        "2.6.2",
        "2.6.3"
      ],
      "database_specific": {
        "source": "https://github.com/github/advisory-database/blob/main/advisories/github-reviewed/2022/05/GHSA-5889-7v45-q28m/GHSA-5889-7v45-q28m.json"
      }
    },
    {
      "package": {
        "name": "tensorflow-gpu",
        "ecosystem": "PyPI",
        "purl": "pkg:pypi/tensorflow-gpu"
      },
      "ranges": [
        {
          "type": "ECOSYSTEM",
          "events": [
            {
              "introduced": "2.7.0"
            },
            {
              "fixed": "2.7.2"
            }
          ]
        }
      ],
      "versions": [
        "2.7.0",
        "2.7.1"
      ],
      "database_specific": {
        "source": "https://github.com/github/advisory-database/blob/main/advisories/github-reviewed/2022/05/GHSA-5889-7v45-q28m/GHSA-5889-7v45-q28m.json"
      }
    },
    {
      "package": {
        "name": "tensorflow-gpu",
        "ecosystem": "PyPI",
        "purl": "pkg:pypi/tensorflow-gpu"
      },
      "ranges": [
        {
          "type": "ECOSYSTEM",
          "events": [
            {
              "introduced": "2.8.0"
            },
            {
              "fixed": "2.8.1"
            }
          ]
        }
      ],
      "versions": [
        "2.8.0"
      ],
      "database_specific": {
        "source": "https://github.com/github/advisory-database/blob/main/advisories/github-reviewed/2022/05/GHSA-5889-7v45-q28m/GHSA-5889-7v45-q28m.json"
      }
    }
  ],
  "schema_version": "1.6.0",
  "severity": [
    {
      "type": "CVSS_V3",
      "score": "CVSS:3.1/AV:L/AC:L/PR:L/UI:N/S:U/C:N/I:N/A:H"
    }
  ]
}