{
  "id": "GHSA-267x-w5hx-8hjr",
  "summary": "Integer Overflow or Wraparound in OpenCV",
  "details": "In opencv/modules/imgcodecs/src/grfmt_pxm.cpp, function ReadNumber did not checkout the input length, which lead to integer overflow. If the image is from remote, may lead to remote code execution or denial of service. This affects OpenCV 3.3 (corresponding with OpenCV-Python version 3.3.0.9) and earlier.",
  "aliases": [
    "CVE-2017-12864"
  ],
  "modified": "2023-11-08T03:58:54.518605Z",
  "published": "2021-10-12T22:02:45Z",
  "database_specific": {
    "nvd_published_at": "2017-08-15T16:29:00Z",
    "github_reviewed_at": "2021-10-07T20:35:35Z",
    "severity": "HIGH",
    "github_reviewed": true,
    "cwe_ids": [
      "CWE-190"
    ]
  },
  "references": [
    {
      "type": "ADVISORY",
      "url": "https://nvd.nist.gov/vuln/detail/CVE-2017-12864"
    },
    {
      "type": "WEB",
      "url": "https://github.com/opencv/opencv/issues/9372"
    },
    {
      "type": "WEB",
      "url": "https://github.com/opencv/opencv/pull/9376"
    },
    {
      "type": "PACKAGE",
      "url": "https://github.com/opencv/opencv-python"
    },
    {
      "type": "WEB",
      "url": "https://lists.debian.org/debian-lts-announce/2018/07/msg00030.html"
    },
    {
      "type": "WEB",
      "url": "https://lists.debian.org/debian-lts-announce/2021/10/msg00028.html"
    },
    {
      "type": "WEB",
      "url": "https://security.gentoo.org/glsa/201712-02"
    }
  ],
  "affected": [
    {
      "package": {
        "name": "opencv-python",
        "ecosystem": "PyPI",
        "purl": "pkg:pypi/opencv-python"
      },
      "ranges": [
        {
          "type": "ECOSYSTEM",
          "events": [
            {
              "introduced": "0"
            },
            {
              "fixed": "3.3.1.11"
            }
          ]
        }
      ],
      "versions": [
        "3.1.0",
        "3.1.0.0",
        "3.1.0.1",
        "3.1.0.2",
        "3.1.0.3",
        "3.1.0.4",
        "3.1.0.5",
        "3.2.0.6",
        "3.2.0.7",
        "3.2.0.8",
        "3.3.0.10",
        "3.3.0.9"
      ],
      "database_specific": {
        "last_known_affected_version_range": "<= 3.3.0.9",
        "source": "https://github.com/github/advisory-database/blob/main/advisories/github-reviewed/2021/10/GHSA-267x-w5hx-8hjr/GHSA-267x-w5hx-8hjr.json"
      }
    },
    {
      "package": {
        "name": "opencv-contrib-python",
        "ecosystem": "PyPI",
        "purl": "pkg:pypi/opencv-contrib-python"
      },
      "ranges": [
        {
          "type": "ECOSYSTEM",
          "events": [
            {
              "introduced": "0"
            },
            {
              "fixed": "3.3.1.11"
            }
          ]
        }
      ],
      "versions": [
        "3.1.0.0",
        "3.2.0.7",
        "3.2.0.8",
        "3.3.0.10",
        "3.3.0.9"
      ],
      "database_specific": {
        "last_known_affected_version_range": "<= 3.3.0.9",
        "source": "https://github.com/github/advisory-database/blob/main/advisories/github-reviewed/2021/10/GHSA-267x-w5hx-8hjr/GHSA-267x-w5hx-8hjr.json"
      }
    }
  ],
  "schema_version": "1.6.0",
  "severity": [
    {
      "type": "CVSS_V3",
      "score": "CVSS:3.0/AV:N/AC:L/PR:N/UI:R/S:U/C:H/I:H/A:H"
    }
  ]
}