{
  "id": "GHSA-4749-p7rx-8jjj",
  "summary": "tlslite remote denial of service vulnerability",
  "details": "The tlslite library before 0.4.9 for Python allows remote attackers to trigger a denial of service (runtime exception and process crash).",
  "aliases": [
    "CVE-2015-3220",
    "PYSEC-2017-96"
  ],
  "modified": "2024-02-16T08:08:01.456163Z",
  "published": "2022-05-14T03:07:28Z",
  "database_specific": {
    "nvd_published_at": "2017-06-13T16:29:00Z",
    "cwe_ids": [
      "CWE-119"
    ],
    "severity": "HIGH",
    "github_reviewed": true,
    "github_reviewed_at": "2023-08-02T20:59:14Z"
  },
  "references": [
    {
      "type": "ADVISORY",
      "url": "https://nvd.nist.gov/vuln/detail/CVE-2015-3220"
    },
    {
      "type": "WEB",
      "url": "https://github.com/trevp/tlslite/commit/aca8d4f898b436ff6754e1a9ab96cae976c8a853"
    },
    {
      "type": "WEB",
      "url": "https://bugzilla.redhat.com/show_bug.cgi?id=1254215"
    },
    {
      "type": "WEB",
      "url": "https://groups.google.com/forum/#!topic/tlslite-dev/MoWE7B0A4iU"
    }
  ],
  "affected": [
    {
      "package": {
        "name": "tlslite",
        "ecosystem": "PyPI",
        "purl": "pkg:pypi/tlslite"
      },
      "ranges": [
        {
          "type": "ECOSYSTEM",
          "events": [
            {
              "introduced": "0"
            },
            {
              "fixed": "0.4.9"
            }
          ]
        }
      ],
      "versions": [
        "0.3.8",
        "0.4.0",
        "0.4.1",
        "0.4.2",
        "0.4.3",
        "0.4.4",
        "0.4.5",
        "0.4.6",
        "0.4.7",
        "0.4.8"
      ],
      "ecosystem_specific": {
        "affected_functions": [
          "tlslite.tlsrecordlayer.TLSRecordLayer._decryptRecord"
        ]
      },
      "database_specific": {
        "source": "https://github.com/github/advisory-database/blob/main/advisories/github-reviewed/2022/05/GHSA-4749-p7rx-8jjj/GHSA-4749-p7rx-8jjj.json"
      }
    }
  ],
  "schema_version": "1.6.0",
  "severity": [
    {
      "type": "CVSS_V3",
      "score": "CVSS:3.0/AV:N/AC:L/PR:N/UI:N/S:U/C:N/I:N/A:H"
    }
  ]
}