{
  "id": "GHSA-2fqr-cx7q-3ph8",
  "summary": "openstack-heat may disclose sensitive information",
  "details": "An incomplete fix for CVE-2023-1625 was found in openstack-heat. Sensitive information may possibly be disclosed through the OpenStack stack abandon command with the hidden feature set to True and the CVE-2023-1625 fix applied.",
  "aliases": [
    "CVE-2024-7319"
  ],
  "modified": "2024-08-05T17:41:53.738578Z",
  "published": "2024-08-02T21:31:34Z",
  "database_specific": {
    "nvd_published_at": "2024-08-02T21:16:31Z",
    "cwe_ids": [
      "CWE-200"
    ],
    "severity": "HIGH",
    "github_reviewed": true,
    "github_reviewed_at": "2024-08-05T17:27:41Z"
  },
  "references": [
    {
      "type": "ADVISORY",
      "url": "https://nvd.nist.gov/vuln/detail/CVE-2024-7319"
    },
    {
      "type": "WEB",
      "url": "https://access.redhat.com/security/cve/CVE-2024-7319"
    },
    {
      "type": "WEB",
      "url": "https://bugzilla.redhat.com/show_bug.cgi?id=2258810"
    },
    {
      "type": "PACKAGE",
      "url": "https://github.com/openstack/heat"
    },
    {
      "type": "WEB",
      "url": "https://storyboard.openstack.org/#!/story/2011007"
    }
  ],
  "affected": [
    {
      "package": {
        "name": "openstack-heat",
        "ecosystem": "PyPI",
        "purl": "pkg:pypi/openstack-heat"
      },
      "ranges": [
        {
          "type": "ECOSYSTEM",
          "events": [
            {
              "introduced": "0"
            },
            {
              "last_affected": "22.0.1"
            }
          ]
        }
      ],
      "versions": [
        "11.0.0.0rc2.dev52",
        "11.0.2",
        "11.0.3",
        "12.0.0",
        "12.0.0.0rc1",
        "12.0.0.0rc2",
        "12.1.0",
        "12.2.0",
        "13.0.0",
        "13.0.0.0rc1",
        "13.0.0.0rc2",
        "13.0.1",
        "13.0.2",
        "13.1.0",
        "14.0.0",
        "14.0.0.0rc1",
        "14.1.0",
        "14.2.0",
        "15.0.0",
        "15.0.0.0rc1",
        "15.1.0",
        "16.0.0",
        "16.0.0.0rc1",
        "16.1.0",
        "17.0.0",
        "17.0.0.0rc1",
        "17.0.0.0rc2",
        "17.0.1",
        "17.0.2",
        "18.0.0",
        "18.0.0.0rc1",
        "18.0.1",
        "19.0.0",
        "19.0.0.0rc1",
        "19.0.0.0rc2",
        "19.0.1",
        "19.0.2",
        "20.0.0",
        "20.0.0.0rc1",
        "20.0.0.0rc2",
        "20.0.1",
        "21.0.0",
        "21.0.0.0rc1",
        "22.0.0",
        "22.0.0.0rc1",
        "22.0.1"
      ],
      "database_specific": {
        "source": "https://github.com/github/advisory-database/blob/main/advisories/github-reviewed/2024/08/GHSA-2fqr-cx7q-3ph8/GHSA-2fqr-cx7q-3ph8.json"
      }
    }
  ],
  "schema_version": "1.6.0",
  "severity": [
    {
      "type": "CVSS_V3",
      "score": "CVSS:3.1/AV:N/AC:L/PR:L/UI:N/S:C/C:L/I:L/A:L"
    },
    {
      "type": "CVSS_V4",
      "score": "CVSS:4.0/AV:N/AC:L/AT:N/PR:L/UI:N/VC:L/VI:L/VA:L/SC:L/SI:L/SA:L"
    }
  ]
}