{
  "id": "GHSA-57h3-9rgr-c24m",
  "summary": "Out of bounds write in Pillow",
  "details": "An issue was discovered in Pillow before 8.1.1. TiffDecode has a heap-based buffer overflow when decoding crafted YCbCr files because of certain interpretation conflicts with LibTIFF in RGBA mode. NOTE: this issue exists because of an incomplete fix for CVE-2020-35654.",
  "aliases": [
    "BIT-pillow-2021-25289",
    "CVE-2021-25289",
    "PYSEC-2021-35"
  ],
  "modified": "2024-03-26T19:13:36Z",
  "published": "2021-03-29T16:35:16Z",
  "database_specific": {
    "nvd_published_at": "2021-03-19T04:15:00Z",
    "cwe_ids": [
      "CWE-787"
    ],
    "severity": "HIGH",
    "github_reviewed": true,
    "github_reviewed_at": "2021-03-22T22:07:48Z"
  },
  "references": [
    {
      "type": "ADVISORY",
      "url": "https://nvd.nist.gov/vuln/detail/CVE-2021-25289"
    },
    {
      "type": "WEB",
      "url": "https://github.com/python-pillow/Pillow/commit/3fee28eb9479bf7d59e0fa08068f9cc4a6e2f04c"
    },
    {
      "type": "WEB",
      "url": "https://github.com/python-pillow/Pillow/commit/cbfdde7b1f2295059a20a539ee9960f0bec7b299"
    },
    {
      "type": "WEB",
      "url": "https://github.com/python-pillow/Pillow"
    },
    {
      "type": "WEB",
      "url": "https://pillow.readthedocs.io/en/stable/releasenotes/8.1.1.html"
    },
    {
      "type": "WEB",
      "url": "https://security.gentoo.org/glsa/202107-33"
    }
  ],
  "affected": [
    {
      "package": {
        "name": "pillow",
        "ecosystem": "PyPI",
        "purl": "pkg:pypi/pillow"
      },
      "ranges": [
        {
          "type": "ECOSYSTEM",
          "events": [
            {
              "introduced": "8.1.0"
            },
            {
              "fixed": "8.1.1"
            }
          ]
        }
      ],
      "versions": [
        "8.1.0"
      ],
      "database_specific": {
        "source": "https://github.com/github/advisory-database/blob/main/advisories/github-reviewed/2021/03/GHSA-57h3-9rgr-c24m/GHSA-57h3-9rgr-c24m.json"
      }
    }
  ],
  "schema_version": "1.6.0",
  "severity": [
    {
      "type": "CVSS_V3",
      "score": "CVSS:3.1/AV:N/AC:L/PR:N/UI:R/S:U/C:H/I:H/A:H"
    }
  ]
}