{
  "id": "GHSA-4f74-84v3-j9q5",
  "summary": "matrix-synapse vulnerable to temporary storage of plaintext passwords during password changes",
  "details": "### Impact\n\nWhen users update their passwords, the new credentials may be briefly held in the server database. While this doesn't grant the server any added capabilities\u2014it already learns the users' passwords as part of the authentication process\u2014it does disrupt the expectation that passwords won't be stored in the database. As a result, these passwords could inadvertently be captured in database backups for a longer duration.\n\nThese temporarily stored passwords are automatically erased after a 48-hour window.\n\n### Patches\nhttps://github.com/matrix-org/synapse/pull/16272\n\n### References\n\nThis bug was due to a regression in https://github.com/matrix-org/synapse/pull/13188.",
  "aliases": [
    "CVE-2023-41335",
    "PYSEC-2023-185"
  ],
  "modified": "2024-02-16T07:57:08.203091Z",
  "published": "2023-09-26T18:55:24Z",
  "database_specific": {
    "nvd_published_at": "2023-09-27T15:19:30Z",
    "cwe_ids": [
      "CWE-312"
    ],
    "severity": "LOW",
    "github_reviewed": true,
    "github_reviewed_at": "2023-09-26T18:55:24Z"
  },
  "references": [
    {
      "type": "WEB",
      "url": "https://github.com/matrix-org/synapse/security/advisories/GHSA-4f74-84v3-j9q5"
    },
    {
      "type": "ADVISORY",
      "url": "https://nvd.nist.gov/vuln/detail/CVE-2023-41335"
    },
    {
      "type": "WEB",
      "url": "https://github.com/matrix-org/synapse/pull/13188"
    },
    {
      "type": "WEB",
      "url": "https://github.com/matrix-org/synapse/pull/16272"
    },
    {
      "type": "WEB",
      "url": "https://github.com/matrix-org/synapse/commit/69b74d9330e42fc91a9c7423d00a06cd6d3732bf"
    },
    {
      "type": "PACKAGE",
      "url": "https://github.com/matrix-org/synapse"
    },
    {
      "type": "WEB",
      "url": "https://github.com/pypa/advisory-database/tree/main/vulns/matrix-synapse/PYSEC-2023-185.yaml"
    },
    {
      "type": "WEB",
      "url": "https://lists.fedoraproject.org/archives/list/package-announce@lists.fedoraproject.org/message/2AFB2Y3S2VCPCN5P2XCZTG24MBMZ7DM4"
    },
    {
      "type": "WEB",
      "url": "https://lists.fedoraproject.org/archives/list/package-announce@lists.fedoraproject.org/message/65QPC55I4D27HIZP7H2NQ34EOXHPP4AO"
    },
    {
      "type": "WEB",
      "url": "https://lists.fedoraproject.org/archives/list/package-announce@lists.fedoraproject.org/message/N6P4QULVUE254WI7XF2LWWOGHCYVFXFY"
    },
    {
      "type": "WEB",
      "url": "https://security.gentoo.org/glsa/202401-12"
    }
  ],
  "affected": [
    {
      "package": {
        "name": "matrix-synapse",
        "ecosystem": "PyPI",
        "purl": "pkg:pypi/matrix-synapse"
      },
      "ranges": [
        {
          "type": "ECOSYSTEM",
          "events": [
            {
              "introduced": "1.66.0"
            },
            {
              "fixed": "1.93.0"
            }
          ]
        }
      ],
      "versions": [
        "1.66.0",
        "1.67.0",
        "1.67.0rc1",
        "1.68.0",
        "1.68.0rc1",
        "1.68.0rc2",
        "1.69.0",
        "1.69.0rc1",
        "1.69.0rc2",
        "1.69.0rc4",
        "1.70.0",
        "1.70.0rc1",
        "1.70.0rc2",
        "1.70.1",
        "1.71.0",
        "1.71.0rc1",
        "1.71.0rc2",
        "1.72.0",
        "1.72.0rc1",
        "1.73.0",
        "1.73.0rc2",
        "1.74.0",
        "1.74.0rc1",
        "1.75.0",
        "1.75.0rc1",
        "1.75.0rc2",
        "1.76.0",
        "1.76.0rc1",
        "1.76.0rc2",
        "1.77.0",
        "1.77.0rc1",
        "1.77.0rc2",
        "1.78.0",
        "1.78.0rc1",
        "1.79.0",
        "1.79.0rc1",
        "1.79.0rc2",
        "1.80.0",
        "1.80.0rc1",
        "1.80.0rc2",
        "1.81.0",
        "1.81.0rc1",
        "1.81.0rc2",
        "1.82.0",
        "1.82.0rc1",
        "1.83.0",
        "1.83.0rc1",
        "1.84.0",
        "1.84.0rc1",
        "1.84.1",
        "1.85.0",
        "1.85.0rc1",
        "1.85.0rc2",
        "1.85.1",
        "1.85.2",
        "1.86.0",
        "1.86.0rc2",
        "1.87.0",
        "1.87.0rc1",
        "1.88.0",
        "1.88.0rc1",
        "1.89.0",
        "1.89.0rc1",
        "1.90.0",
        "1.90.0rc1",
        "1.91.0",
        "1.91.0rc1",
        "1.91.1",
        "1.91.2",
        "1.92.0rc1",
        "1.92.1",
        "1.92.2",
        "1.92.3",
        "1.93.0rc1"
      ],
      "database_specific": {
        "source": "https://github.com/github/advisory-database/blob/main/advisories/github-reviewed/2023/09/GHSA-4f74-84v3-j9q5/GHSA-4f74-84v3-j9q5.json"
      }
    }
  ],
  "schema_version": "1.6.0",
  "severity": [
    {
      "type": "CVSS_V3",
      "score": "CVSS:3.1/AV:L/AC:H/PR:H/UI:R/S:C/C:L/I:L/A:N"
    }
  ]
}