{
  "id": "GHSA-57h7-r3q3-w57j",
  "summary": "Cross-Site Scripting",
  "details": "Django-Rest-Framework, before 3.9.1, has a XSS vulnerability caused by disabled autoescaping in the default DRF Browsable API view templates.",
  "modified": "2023-04-11T01:40:41.487253Z",
  "published": "2021-02-24T19:46:00Z",
  "withdrawn": "2021-02-24T19:46:00Z",
  "database_specific": {
    "nvd_published_at": null,
    "github_reviewed_at": "2019-05-22T15:03:51Z",
    "severity": "MODERATE",
    "github_reviewed": true,
    "cwe_ids": []
  },
  "references": [
    {
      "type": "WEB",
      "url": "https://github.com/encode/django-rest-framework/pull/6330"
    },
    {
      "type": "WEB",
      "url": "https://github.com/encode/django-rest-framework/commit/343ce4a03cad02631752a5e9bde26218fd647c14"
    },
    {
      "type": "WEB",
      "url": "https://github.com/encode/django-rest-framework/commit/75a489150ae24c2f3c794104a8e98fa43e2c9ce9"
    }
  ],
  "affected": [
    {
      "package": {
        "name": "djangorestframework",
        "ecosystem": "PyPI",
        "purl": "pkg:pypi/djangorestframework"
      },
      "ranges": [
        {
          "type": "ECOSYSTEM",
          "events": [
            {
              "introduced": "0"
            },
            {
              "fixed": "3.9.1"
            }
          ]
        }
      ],
      "versions": [
        "0.1",
        "0.1.1",
        "0.2.0",
        "0.2.1",
        "0.2.2",
        "0.2.3",
        "0.2.4",
        "0.3.0",
        "0.3.1",
        "0.3.2",
        "0.3.3",
        "0.4.0",
        "2.0.0",
        "2.0.1",
        "2.0.2",
        "2.1.0",
        "2.1.1",
        "2.1.10",
        "2.1.11",
        "2.1.12",
        "2.1.13",
        "2.1.14",
        "2.1.15",
        "2.1.16",
        "2.1.17",
        "2.1.2",
        "2.1.3",
        "2.1.4",
        "2.1.5",
        "2.1.6",
        "2.1.7",
        "2.1.8",
        "2.1.9",
        "2.2.0",
        "2.2.1",
        "2.2.2",
        "2.2.3",
        "2.2.4",
        "2.2.5",
        "2.2.6",
        "2.2.7",
        "2.3.0",
        "2.3.1",
        "2.3.10",
        "2.3.11",
        "2.3.12",
        "2.3.13",
        "2.3.14",
        "2.3.2",
        "2.3.3",
        "2.3.4",
        "2.3.5",
        "2.3.6",
        "2.3.7",
        "2.3.8",
        "2.3.9",
        "2.4.0",
        "2.4.1",
        "2.4.2",
        "2.4.3",
        "2.4.4",
        "2.4.5",
        "2.4.6",
        "2.4.7",
        "2.4.8",
        "3.0.0",
        "3.0.1",
        "3.0.2",
        "3.0.3",
        "3.0.4",
        "3.0.5",
        "3.1.0",
        "3.1.1",
        "3.1.2",
        "3.1.3",
        "3.2.0",
        "3.2.1",
        "3.2.2",
        "3.2.3",
        "3.2.4",
        "3.2.5",
        "3.3.0",
        "3.3.1",
        "3.3.2",
        "3.3.3",
        "3.4.0",
        "3.4.1",
        "3.4.2",
        "3.4.3",
        "3.4.4",
        "3.4.5",
        "3.4.6",
        "3.4.7",
        "3.5.0",
        "3.5.1",
        "3.5.2",
        "3.5.3",
        "3.5.4",
        "3.6.0",
        "3.6.1",
        "3.6.2",
        "3.6.3",
        "3.6.4",
        "3.7.0",
        "3.7.1",
        "3.7.2",
        "3.7.3",
        "3.7.4",
        "3.7.5",
        "3.7.6",
        "3.7.7",
        "3.8.0",
        "3.8.1",
        "3.8.2",
        "3.9.0"
      ],
      "database_specific": {
        "source": "https://github.com/github/advisory-database/blob/main/advisories/github-reviewed/2021/02/GHSA-57h7-r3q3-w57j/GHSA-57h7-r3q3-w57j.json"
      }
    }
  ],
  "schema_version": "1.6.0"
}