{
  "id": "GHSA-2j58-pwwv-x666",
  "summary": "Cross-Site Request Forgery in sqlite-web",
  "details": "This affects all versions of package sqlite-web. The SQL dashboard area allows sensitive actions to be performed without validating that the request originated from the application. This could enable an attacker to trick a user into performing these actions unknowingly through a Cross Site Request Forgery (CSRF) attack.",
  "aliases": [
    "CVE-2021-23404",
    "PYSEC-2021-332",
    "SNYK-PYTHON-SQLITEWEB-1316324"
  ],
  "modified": "2024-02-16T08:10:06.954843Z",
  "published": "2021-09-09T17:10:35Z",
  "database_specific": {
    "nvd_published_at": "2021-09-08T11:15:00Z",
    "cwe_ids": [
      "CWE-352"
    ],
    "severity": "HIGH",
    "github_reviewed": true,
    "github_reviewed_at": "2021-09-09T13:38:52Z"
  },
  "references": [
    {
      "type": "ADVISORY",
      "url": "https://nvd.nist.gov/vuln/detail/CVE-2021-23404"
    },
    {
      "type": "PACKAGE",
      "url": "https://github.com/coleifer/sqlite-web"
    },
    {
      "type": "WEB",
      "url": "https://github.com/coleifer/sqlite-web/blob/2e7c85da3d37f80074ed3ae39b5851069b4f301c/sqlite_web/__main__.py"
    },
    {
      "type": "WEB",
      "url": "https://snyk.io/vuln/SNYK-PYTHON-SQLITEWEB-1316324"
    }
  ],
  "affected": [
    {
      "package": {
        "name": "sqlite-web",
        "ecosystem": "PyPI",
        "purl": "pkg:pypi/sqlite-web"
      },
      "ranges": [
        {
          "type": "ECOSYSTEM",
          "events": [
            {
              "introduced": "0"
            },
            {
              "last_affected": "0.3.8"
            }
          ]
        }
      ],
      "versions": [
        "0.1.1",
        "0.1.3",
        "0.1.4",
        "0.1.5",
        "0.1.6",
        "0.1.7",
        "0.1.8",
        "0.2.0",
        "0.2.1",
        "0.2.2",
        "0.3.0",
        "0.3.1",
        "0.3.2",
        "0.3.3",
        "0.3.4",
        "0.3.5",
        "0.3.6",
        "0.3.7",
        "0.3.8"
      ],
      "database_specific": {
        "source": "https://github.com/github/advisory-database/blob/main/advisories/github-reviewed/2021/09/GHSA-2j58-pwwv-x666/GHSA-2j58-pwwv-x666.json"
      }
    }
  ],
  "schema_version": "1.6.0",
  "severity": [
    {
      "type": "CVSS_V3",
      "score": "CVSS:3.1/AV:N/AC:L/PR:N/UI:R/S:U/C:H/I:L/A:L"
    }
  ]
}