{
  "id": "GHSA-3qr5-h7w4-3gx3",
  "summary": "Donfig Command Injection in collect_yaml method",
  "details": "An issue was discovered in Donfig 0.3.0. There is a vulnerability in the `collect_yaml` method in `config_obj.py`. It can execute arbitrary Python commands, resulting in command execution.",
  "aliases": [
    "CVE-2019-7537",
    "PYSEC-2019-21"
  ],
  "modified": "2024-02-16T08:18:23.882741Z",
  "published": "2022-05-14T01:15:39Z",
  "database_specific": {
    "nvd_published_at": "2019-03-21T20:29:00Z",
    "cwe_ids": [
      "CWE-77"
    ],
    "severity": "CRITICAL",
    "github_reviewed": true,
    "github_reviewed_at": "2023-07-19T19:52:48Z"
  },
  "references": [
    {
      "type": "ADVISORY",
      "url": "https://nvd.nist.gov/vuln/detail/CVE-2019-7537"
    },
    {
      "type": "WEB",
      "url": "https://github.com/pytroll/donfig/issues/5"
    },
    {
      "type": "PACKAGE",
      "url": "https://github.com/pytroll/donfig"
    }
  ],
  "affected": [
    {
      "package": {
        "name": "donfig",
        "ecosystem": "PyPI",
        "purl": "pkg:pypi/donfig"
      },
      "ranges": [
        {
          "type": "ECOSYSTEM",
          "events": [
            {
              "introduced": "0"
            },
            {
              "last_affected": "0.3.0"
            }
          ]
        }
      ],
      "versions": [
        "0.1.0",
        "0.1.1",
        "0.1.2",
        "0.2.0",
        "0.3.0"
      ],
      "database_specific": {
        "source": "https://github.com/github/advisory-database/blob/main/advisories/github-reviewed/2022/05/GHSA-3qr5-h7w4-3gx3/GHSA-3qr5-h7w4-3gx3.json"
      }
    }
  ],
  "schema_version": "1.6.0",
  "severity": [
    {
      "type": "CVSS_V3",
      "score": "CVSS:3.0/AV:N/AC:L/PR:N/UI:N/S:U/C:H/I:H/A:H"
    }
  ]
}