{
  "id": "GHSA-4mg4-wvmx-5332",
  "summary": "Server-Side Request Forgery in Plone",
  "details": "Plone through 5.2.4 allows remote authenticated managers to conduct SSRF attacks via an event ical URL, to read one line of a file.",
  "aliases": [
    "CVE-2021-33510",
    "PYSEC-2021-82"
  ],
  "modified": "2023-11-08T04:06:05.076347Z",
  "published": "2021-06-15T16:11:47Z",
  "database_specific": {
    "nvd_published_at": "2021-05-21T22:15:00Z",
    "github_reviewed_at": "2021-05-27T21:39:48Z",
    "severity": "MODERATE",
    "github_reviewed": true,
    "cwe_ids": [
      "CWE-918"
    ]
  },
  "references": [
    {
      "type": "ADVISORY",
      "url": "https://nvd.nist.gov/vuln/detail/CVE-2021-33510"
    },
    {
      "type": "WEB",
      "url": "https://plone.org/security/hotfix/20210518/server-side-request-forgery-via-event-ical-url"
    },
    {
      "type": "WEB",
      "url": "http://www.openwall.com/lists/oss-security/2021/05/22/1"
    }
  ],
  "affected": [
    {
      "package": {
        "name": "plone",
        "ecosystem": "PyPI",
        "purl": "pkg:pypi/plone"
      },
      "ranges": [
        {
          "type": "ECOSYSTEM",
          "events": [
            {
              "introduced": "0"
            },
            {
              "last_affected": "5.2.4"
            }
          ]
        }
      ],
      "versions": [
        "3.2",
        "3.2.1",
        "3.2.2",
        "3.2.3",
        "3.2a1",
        "3.2rc1",
        "3.3",
        "3.3.1",
        "3.3.2",
        "3.3.3",
        "3.3.4",
        "3.3.5",
        "3.3.6",
        "3.3b1",
        "3.3rc1",
        "3.3rc2",
        "3.3rc3",
        "3.3rc4",
        "3.3rc5",
        "4.0",
        "4.0.1",
        "4.0.10",
        "4.0.2",
        "4.0.3",
        "4.0.4",
        "4.0.5",
        "4.0.6",
        "4.0.7",
        "4.0.8",
        "4.0.9",
        "4.0a1",
        "4.0a2",
        "4.0a3",
        "4.0a4",
        "4.0a5",
        "4.0b1",
        "4.0b2",
        "4.0b3",
        "4.0b4",
        "4.0b5",
        "4.0rc1",
        "4.1",
        "4.1.1",
        "4.1.2",
        "4.1.3",
        "4.1.4",
        "4.1.5",
        "4.1.6",
        "4.1a1",
        "4.1a2",
        "4.1a3",
        "4.1b1",
        "4.1b2",
        "4.1rc2",
        "4.1rc3",
        "4.2",
        "4.2.1",
        "4.2.2",
        "4.2.3",
        "4.2.4",
        "4.2.5",
        "4.2.6",
        "4.2.7",
        "4.2a1",
        "4.2a2",
        "4.2b1",
        "4.2b2",
        "4.2rc1",
        "4.2rc2",
        "4.3",
        "4.3.1",
        "4.3.10",
        "4.3.11",
        "4.3.12",
        "4.3.13",
        "4.3.14",
        "4.3.15",
        "4.3.16",
        "4.3.17",
        "4.3.18",
        "4.3.19",
        "4.3.2",
        "4.3.20",
        "4.3.3",
        "4.3.4",
        "4.3.5",
        "4.3.6",
        "4.3.7",
        "4.3.8",
        "4.3.9",
        "4.3a1",
        "4.3a2",
        "4.3b1",
        "4.3b2",
        "4.3rc1",
        "5.0",
        "5.0.1",
        "5.0.10",
        "5.0.2",
        "5.0.3",
        "5.0.4",
        "5.0.5",
        "5.0.6",
        "5.0.7",
        "5.0.8",
        "5.0.9",
        "5.0a1",
        "5.0a2",
        "5.0a3",
        "5.0b1",
        "5.0b2",
        "5.0b3",
        "5.0b4",
        "5.0rc1",
        "5.0rc2",
        "5.0rc3",
        "5.1.0",
        "5.1.1",
        "5.1.2",
        "5.1.3",
        "5.1.4",
        "5.1.5",
        "5.1.6",
        "5.1.7",
        "5.1a1",
        "5.1a2",
        "5.1b1",
        "5.1b2",
        "5.1b3",
        "5.1b4",
        "5.1rc1",
        "5.1rc2",
        "5.2.0",
        "5.2.1",
        "5.2.2",
        "5.2.3",
        "5.2.4",
        "5.2a1",
        "5.2a2",
        "5.2b1",
        "5.2rc1",
        "5.2rc2",
        "5.2rc3",
        "5.2rc4",
        "5.2rc5"
      ],
      "database_specific": {
        "source": "https://github.com/github/advisory-database/blob/main/advisories/github-reviewed/2021/06/GHSA-4mg4-wvmx-5332/GHSA-4mg4-wvmx-5332.json"
      }
    }
  ],
  "schema_version": "1.6.0",
  "severity": [
    {
      "type": "CVSS_V3",
      "score": "CVSS:3.1/AV:N/AC:L/PR:L/UI:N/S:U/C:L/I:N/A:N"
    }
  ]
}