{
  "id": "GHSA-53mr-44pp-crf4",
  "summary": "pip lack of randomness in build directory",
  "details": "pip 1.3 through 1.5.6 allows local users to cause a denial of service (prevention of package installation) by creating a `/tmp/pip-build-*` file for another user.",
  "aliases": [
    "CVE-2014-8991",
    "PYSEC-2014-11"
  ],
  "modified": "2024-02-16T08:11:19.979885Z",
  "published": "2022-05-13T01:11:25Z",
  "database_specific": {
    "nvd_published_at": "2014-11-24T15:59:00Z",
    "cwe_ids": [],
    "severity": "LOW",
    "github_reviewed": true,
    "github_reviewed_at": "2023-10-19T17:39:17Z"
  },
  "references": [
    {
      "type": "ADVISORY",
      "url": "https://nvd.nist.gov/vuln/detail/CVE-2014-8991"
    },
    {
      "type": "WEB",
      "url": "https://github.com/pypa/pip/pull/2122"
    },
    {
      "type": "WEB",
      "url": "https://github.com/pypa/pip/commit/043fe9f5700315d97f83609c1f59deece8f1b901"
    },
    {
      "type": "WEB",
      "url": "https://bugs.debian.org/cgi-bin/bugreport.cgi?bug=725847"
    },
    {
      "type": "PACKAGE",
      "url": "https://github.com/pypa/pip"
    },
    {
      "type": "WEB",
      "url": "http://www.openwall.com/lists/oss-security/2014/11/19/17"
    },
    {
      "type": "WEB",
      "url": "http://www.openwall.com/lists/oss-security/2014/11/20/6"
    },
    {
      "type": "WEB",
      "url": "http://www.oracle.com/technetwork/topics/security/bulletinjul2015-2511963.html"
    },
    {
      "type": "WEB",
      "url": "http://www.securityfocus.com/bid/71209"
    }
  ],
  "affected": [
    {
      "package": {
        "name": "pip",
        "ecosystem": "PyPI",
        "purl": "pkg:pypi/pip"
      },
      "ranges": [
        {
          "type": "ECOSYSTEM",
          "events": [
            {
              "introduced": "0"
            },
            {
              "fixed": "6.0"
            }
          ]
        }
      ],
      "versions": [
        "0.2",
        "0.2.1",
        "0.3",
        "0.3.1",
        "0.4",
        "0.5",
        "0.5.1",
        "0.6",
        "0.6.1",
        "0.6.2",
        "0.6.3",
        "0.7",
        "0.7.1",
        "0.7.2",
        "0.8",
        "0.8.1",
        "0.8.2",
        "0.8.3",
        "1.0",
        "1.0.1",
        "1.0.2",
        "1.1",
        "1.2",
        "1.2.1",
        "1.3",
        "1.3.1",
        "1.4",
        "1.4.1",
        "1.5",
        "1.5.1",
        "1.5.2",
        "1.5.3",
        "1.5.4",
        "1.5.5",
        "1.5.6"
      ],
      "database_specific": {
        "source": "https://github.com/github/advisory-database/blob/main/advisories/github-reviewed/2022/05/GHSA-53mr-44pp-crf4/GHSA-53mr-44pp-crf4.json"
      }
    }
  ],
  "schema_version": "1.6.0"
}