{
  "id": "GHSA-22x7-vwh9-5w4g",
  "summary": "LIEF heap-buffer-overflow",
  "details": "An issue was discovered in LIEF through 0.11.0. A heap-buffer-overflow exists in the function main located in `pe_reader.c`. It allows an attacker to cause code Execution.",
  "aliases": [
    "CVE-2021-32297",
    "PYSEC-2021-324"
  ],
  "modified": "2024-02-16T08:07:05.761487Z",
  "published": "2022-05-24T19:15:12Z",
  "database_specific": {
    "nvd_published_at": "2021-09-20T16:15:00Z",
    "cwe_ids": [
      "CWE-787"
    ],
    "severity": "HIGH",
    "github_reviewed": true,
    "github_reviewed_at": "2024-02-01T21:22:04Z"
  },
  "references": [
    {
      "type": "ADVISORY",
      "url": "https://nvd.nist.gov/vuln/detail/CVE-2021-32297"
    },
    {
      "type": "WEB",
      "url": "https://github.com/lief-project/LIEF/issues/449"
    },
    {
      "type": "WEB",
      "url": "https://github.com/lief-project/LIEF/commit/19e06755e8ce1ecf136360a5c36cded3701ac253"
    }
  ],
  "affected": [
    {
      "package": {
        "name": "lief",
        "ecosystem": "PyPI",
        "purl": "pkg:pypi/lief"
      },
      "ranges": [
        {
          "type": "ECOSYSTEM",
          "events": [
            {
              "introduced": "0"
            },
            {
              "fixed": "0.11.0"
            }
          ]
        }
      ],
      "versions": [
        "0.10.0",
        "0.10.1",
        "0.8.0",
        "0.8.1",
        "0.8.2",
        "0.8.3",
        "0.9.0"
      ],
      "database_specific": {
        "source": "https://github.com/github/advisory-database/blob/main/advisories/github-reviewed/2022/05/GHSA-22x7-vwh9-5w4g/GHSA-22x7-vwh9-5w4g.json"
      }
    }
  ],
  "schema_version": "1.6.0",
  "severity": [
    {
      "type": "CVSS_V3",
      "score": "CVSS:3.1/AV:N/AC:L/PR:N/UI:R/S:U/C:H/I:H/A:H"
    }
  ]
}