{
  "id": "GHSA-3pqx-4fqf-j49f",
  "summary": "Deserialization of Untrusted Data in PyYAML",
  "details": "PyYAML 5.1 through 5.1.2 has insufficient restrictions on the load and load_all functions because of a class deserialization issue, e.g., Popen is a class in the subprocess module. NOTE: this issue exists because of an incomplete fix for CVE-2017-18342.",
  "aliases": [
    "CVE-2019-20477",
    "PYSEC-2020-176"
  ],
  "modified": "2024-02-17T05:33:38.341970Z",
  "published": "2021-04-20T16:40:42Z",
  "database_specific": {
    "nvd_published_at": "2020-02-19T04:15:00Z",
    "cwe_ids": [
      "CWE-502"
    ],
    "severity": "HIGH",
    "github_reviewed": true,
    "github_reviewed_at": "2021-04-08T19:24:04Z"
  },
  "references": [
    {
      "type": "ADVISORY",
      "url": "https://nvd.nist.gov/vuln/detail/CVE-2019-20477"
    },
    {
      "type": "PACKAGE",
      "url": "https://github.com/yaml/pyyaml"
    },
    {
      "type": "WEB",
      "url": "https://github.com/yaml/pyyaml/blob/master/CHANGES"
    },
    {
      "type": "WEB",
      "url": "https://lists.fedoraproject.org/archives/list/package-announce@lists.fedoraproject.org/message/33VBUY73AA6CTTYL3LRWHNFDULV7PFPN"
    },
    {
      "type": "WEB",
      "url": "https://lists.fedoraproject.org/archives/list/package-announce@lists.fedoraproject.org/message/52N5XS73Z5S4ZN7I7R56ICCPCTKCUV4H"
    },
    {
      "type": "WEB",
      "url": "https://www.exploit-db.com/download/47655"
    }
  ],
  "affected": [
    {
      "package": {
        "name": "pyyaml",
        "ecosystem": "PyPI",
        "purl": "pkg:pypi/pyyaml"
      },
      "ranges": [
        {
          "type": "ECOSYSTEM",
          "events": [
            {
              "introduced": "5.1"
            },
            {
              "fixed": "5.2"
            }
          ]
        }
      ],
      "versions": [
        "5.1",
        "5.1.1",
        "5.1.2",
        "5.2b1"
      ],
      "database_specific": {
        "source": "https://github.com/github/advisory-database/blob/main/advisories/github-reviewed/2021/04/GHSA-3pqx-4fqf-j49f/GHSA-3pqx-4fqf-j49f.json"
      }
    }
  ],
  "schema_version": "1.6.0",
  "severity": [
    {
      "type": "CVSS_V3",
      "score": "CVSS:3.1/AV:N/AC:L/PR:N/UI:N/S:U/C:H/I:H/A:H"
    }
  ]
}