{
  "id": "GHSA-22jh-6gx8-f944",
  "summary": "Elastic APM agent for Python client CGI proxy redirection flaw",
  "details": "When the Elastic APM agent for Python versions before 5.1.0 is run as a CGI script, there is a variable name clash flaw if a remote attacker can control the proxy header. This could result in an attacker redirecting collected APM data to a proxy of their choosing.",
  "aliases": [
    "CVE-2019-7617",
    "PYSEC-2019-178"
  ],
  "modified": "2024-02-18T05:31:13.767469Z",
  "published": "2022-05-24T16:54:36Z",
  "database_specific": {
    "nvd_published_at": "2019-08-22T17:15:00Z",
    "cwe_ids": [
      "CWE-20"
    ],
    "severity": "HIGH",
    "github_reviewed": true,
    "github_reviewed_at": "2023-07-17T22:02:54Z"
  },
  "references": [
    {
      "type": "ADVISORY",
      "url": "https://nvd.nist.gov/vuln/detail/CVE-2019-7617"
    },
    {
      "type": "WEB",
      "url": "https://discuss.elastic.co/t/elastic-apm-agent-for-python-5-1-0-security-update/196145"
    },
    {
      "type": "WEB",
      "url": "https://www.elastic.co/community/security"
    }
  ],
  "affected": [
    {
      "package": {
        "name": "elastic-apm",
        "ecosystem": "PyPI",
        "purl": "pkg:pypi/elastic-apm"
      },
      "ranges": [
        {
          "type": "ECOSYSTEM",
          "events": [
            {
              "introduced": "0"
            },
            {
              "fixed": "5.1.0"
            }
          ]
        }
      ],
      "versions": [
        "1.0.0",
        "1.0.0.dev0",
        "1.0.0.dev1",
        "1.0.0.dev2",
        "1.0.0.dev3",
        "2.0.0",
        "2.0.1",
        "2.1.0",
        "2.1.1",
        "2.2.0",
        "2.2.1",
        "3.0.0",
        "3.0.1",
        "3.0.2",
        "3.0.3",
        "3.0.4",
        "3.0.5",
        "4.0.0",
        "4.0.1",
        "4.0.2",
        "4.0.3",
        "4.1.0",
        "4.2.0",
        "4.2.1",
        "4.2.2",
        "5.0.0"
      ],
      "database_specific": {
        "source": "https://github.com/github/advisory-database/blob/main/advisories/github-reviewed/2022/05/GHSA-22jh-6gx8-f944/GHSA-22jh-6gx8-f944.json"
      }
    }
  ],
  "schema_version": "1.6.0",
  "severity": [
    {
      "type": "CVSS_V3",
      "score": "CVSS:3.0/AV:N/AC:L/PR:N/UI:N/S:C/C:L/I:L/A:N"
    }
  ]
}