{
  "id": "GHSA-53q7-4874-24qg",
  "summary": "Information Disclosure Vulnerability in Privacy Center of SERVER_SIDE_FIDES_API_URL",
  "details": "`SERVER_SIDE_FIDES_API_URL` is a server-side configuration environment variable used by the Fides Privacy Center to communicate with the Fides webserver backend. The value of this variable is a URL which typically includes a private IP address, private domain name, and/or port.\n\nThis vulnerability allows an unauthenticated attacker to make a HTTP GET request from the Privacy Center that discloses the value of this server-side URL.\n\n### Impact\n\nDisclosure of server-side configuration giving an attacker information on server-side ports, private IP addresses, and/or private domain names.\n\n### Patches\nThe vulnerability has been patched in Fides version `2.39.2`. Users are advised to upgrade to this version or later to secure their systems against this threat.\n\n### Workarounds\nThere are no workarounds.\n\n### Proof of Concept\n\n1. Set the value of the environment variable `FIDES_PRIVACY_CENTER__SERVER_SIDE_FIDES_API_URL` of your Fides Privacy Center container before start-up to a private value such as `https://some.private.domain.name/api/v1` and start the Privacy Center application.\n\n2. Once the application is up, perform a HTTP GET request of the Privacy Center's main page e.g. `https://privacy.example.com` . The value of `SERVER_SIDE_FIDES_API_URL` is returned in the response's body.\n\n\n```\n~ \u276f curl -s https://privacy.example.com/ | \\\ngrep '__NEXT_DATA__' | \\\nsed 's/.*<script id=\"__NEXT_DATA__\" type=\"application\\/json\">//;s/<\\/script>.*//' | \\\njq '.props.serverEnvironment.settings.SERVER_SIDE_FIDES_API_URL'\n\"https://some.private.domain.name/api/v1\"\n```",
  "aliases": [
    "CVE-2024-31223"
  ],
  "modified": "2024-07-05T20:57:34.194211Z",
  "published": "2024-07-05T20:40:06Z",
  "database_specific": {
    "nvd_published_at": "2024-07-03T18:15:05Z",
    "cwe_ids": [
      "CWE-497"
    ],
    "severity": "MODERATE",
    "github_reviewed": true,
    "github_reviewed_at": "2024-07-05T20:40:06Z"
  },
  "references": [
    {
      "type": "WEB",
      "url": "https://github.com/ethyca/fides/security/advisories/GHSA-53q7-4874-24qg"
    },
    {
      "type": "ADVISORY",
      "url": "https://nvd.nist.gov/vuln/detail/CVE-2024-31223"
    },
    {
      "type": "WEB",
      "url": "https://github.com/ethyca/fides/commit/0555080541f18a5aacff452c590ac9a1b56d7097"
    },
    {
      "type": "WEB",
      "url": "https://github.com/ethyca/fides/commit/cd510216b281de5443ec1c126add95cc5be0970a"
    },
    {
      "type": "PACKAGE",
      "url": "https://github.com/ethyca/fides"
    }
  ],
  "affected": [
    {
      "package": {
        "name": "ethyca-fides",
        "ecosystem": "PyPI",
        "purl": "pkg:pypi/ethyca-fides"
      },
      "ranges": [
        {
          "type": "ECOSYSTEM",
          "events": [
            {
              "introduced": "2.19.0"
            },
            {
              "fixed": "2.39.2"
            }
          ]
        }
      ],
      "versions": [
        "2.19.0",
        "2.19.1",
        "2.19.1b0",
        "2.19.1rc1",
        "2.19.1rc2",
        "2.19.2b0",
        "2.19.2b1",
        "2.19.2b2",
        "2.20.0",
        "2.20.0rc0",
        "2.20.0rc1",
        "2.20.0rc2",
        "2.20.0rc3",
        "2.20.0rc4",
        "2.20.0rc5",
        "2.20.0rc6",
        "2.20.0rc7",
        "2.20.1",
        "2.20.1b0",
        "2.20.1b1",
        "2.20.1b2",
        "2.20.1b3",
        "2.20.1rc0",
        "2.20.2",
        "2.20.2b0",
        "2.20.2rc0",
        "2.20.3b0",
        "2.20.3b1",
        "2.20.3b2",
        "2.21.0",
        "2.21.0rc0",
        "2.21.0rc1",
        "2.21.0rc2",
        "2.21.0rc3",
        "2.21.0rc4",
        "2.21.0rc5",
        "2.21.1b0",
        "2.21.1b2",
        "2.21.1b3",
        "2.22.0",
        "2.22.0rc0",
        "2.22.0rc1",
        "2.22.0rc2",
        "2.22.0rc3",
        "2.22.0rc4",
        "2.22.0rc5",
        "2.22.1",
        "2.22.1b0",
        "2.22.1b1",
        "2.22.1b2",
        "2.22.1b3",
        "2.22.1rc0",
        "2.22.1rc1",
        "2.22.2b0",
        "2.22.2b1",
        "2.22.2b2",
        "2.22.2b3",
        "2.23.0",
        "2.23.0rc0",
        "2.23.0rc1",
        "2.23.0rc2",
        "2.23.0rc3",
        "2.23.0rc4",
        "2.23.0rc5",
        "2.23.0rc6",
        "2.23.0rc7",
        "2.23.1",
        "2.23.1b0",
        "2.23.1rc0",
        "2.23.2",
        "2.23.2b0",
        "2.23.3",
        "2.23.3b0",
        "2.23.3b1",
        "2.23.3b3",
        "2.23.3rc0",
        "2.23.3rc1",
        "2.23.3rc2",
        "2.24.0",
        "2.24.0rc0",
        "2.24.0rc2",
        "2.24.0rc3",
        "2.24.0rc4",
        "2.24.0rc5",
        "2.24.0rc6",
        "2.24.0rc7",
        "2.24.0rc8",
        "2.24.0rc9",
        "2.24.1",
        "2.24.1b0",
        "2.24.1b1",
        "2.24.1rc0",
        "2.24.1rc1",
        "2.24.2b0",
        "2.24.2b1",
        "2.25.0",
        "2.25.0rc0",
        "2.25.1b0",
        "2.25.1b1",
        "2.25.1b2",
        "2.25.1b3",
        "2.25.1b4",
        "2.26.0",
        "2.26.0rc0",
        "2.26.0rc1",
        "2.26.0rc2",
        "2.26.0rc3",
        "2.26.0rc4",
        "2.26.0rc5",
        "2.26.0rc6",
        "2.26.0rc7",
        "2.26.0rc8",
        "2.26.0rc9",
        "2.26.1b0",
        "2.26.1b1",
        "2.26.3",
        "2.27.0",
        "2.27.0rc0",
        "2.27.0rc1",
        "2.27.0rc2",
        "2.27.0rc3",
        "2.27.0rc4",
        "2.27.0rc5",
        "2.27.0rc6",
        "2.27.0rc7",
        "2.27.0rc8",
        "2.27.0rc9",
        "2.27.1b0",
        "2.27.1b1",
        "2.28.0",
        "2.28.0rc0",
        "2.28.0rc1",
        "2.28.0rc2",
        "2.28.0rc3",
        "2.28.0rc4",
        "2.28.0rc5",
        "2.28.1a5",
        "2.28.1b0",
        "2.28.1b1",
        "2.29.0",
        "2.29.0rc0",
        "2.29.0rc1",
        "2.29.0rc2",
        "2.29.0rc3",
        "2.29.0rc4",
        "2.29.1b0",
        "2.29.1b1",
        "2.30.0",
        "2.30.0rc0",
        "2.30.0rc1",
        "2.30.0rc2",
        "2.30.1",
        "2.30.1b0",
        "2.30.1rc0",
        "2.30.2b0",
        "2.30.2b1",
        "2.31.0",
        "2.31.0rc0",
        "2.31.0rc1",
        "2.31.0rc2",
        "2.31.0rc3",
        "2.31.1b0",
        "2.31.1b2",
        "2.32.0",
        "2.32.0rc0",
        "2.32.0rc1",
        "2.32.0rc2",
        "2.32.0rc3",
        "2.32.1b1",
        "2.32.1b2",
        "2.33.0",
        "2.33.0rc0",
        "2.33.0rc1",
        "2.33.0rc2",
        "2.33.0rc3",
        "2.33.1",
        "2.33.1b0",
        "2.33.1rc0",
        "2.33.2a0",
        "2.33.2b0",
        "2.34.0",
        "2.34.0rc0",
        "2.34.0rc1",
        "2.34.0rc2",
        "2.34.0rc3",
        "2.34.0rc4",
        "2.34.0rc5",
        "2.34.1a0",
        "2.34.1b0",
        "2.34.1rc1",
        "2.34.2b0",
        "2.34.2b1",
        "2.34.2b2",
        "2.34.2b3",
        "2.35.0",
        "2.35.0rc0",
        "2.35.0rc1",
        "2.35.0rc2",
        "2.35.1",
        "2.35.1rc0",
        "2.35.2b0",
        "2.35.2b1",
        "2.36.0",
        "2.36.0rc0",
        "2.36.0rc1",
        "2.36.1a0",
        "2.36.1b0",
        "2.36.1rc1",
        "2.36.1rc2",
        "2.36.1rc3",
        "2.36.1rc4",
        "2.36.2b0",
        "2.36.2b1",
        "2.36.2b2",
        "2.36.2b3",
        "2.36.2b4",
        "2.36.2b5",
        "2.37.0",
        "2.37.0rc0",
        "2.37.0rc1",
        "2.37.0rc2",
        "2.37.0rc3",
        "2.37.0rc4",
        "2.37.1b0",
        "2.37.1b1",
        "2.37.1b2",
        "2.37.1b3",
        "2.37.1b4",
        "2.38.0",
        "2.38.0rc0",
        "2.38.0rc1",
        "2.38.1",
        "2.38.1b0",
        "2.38.1b1",
        "2.38.1rc0",
        "2.38.1rc1",
        "2.38.2b0",
        "2.38.2b1",
        "2.38.2b2",
        "2.39.0",
        "2.39.0rc0",
        "2.39.0rc1",
        "2.39.0rc2",
        "2.39.1",
        "2.39.1b0",
        "2.39.1rc0",
        "2.39.2b0",
        "2.39.2rc0"
      ],
      "database_specific": {
        "source": "https://github.com/github/advisory-database/blob/main/advisories/github-reviewed/2024/07/GHSA-53q7-4874-24qg/GHSA-53q7-4874-24qg.json"
      }
    }
  ],
  "schema_version": "1.6.0",
  "severity": [
    {
      "type": "CVSS_V3",
      "score": "CVSS:3.1/AV:N/AC:L/PR:N/UI:N/S:U/C:L/I:N/A:N"
    }
  ]
}