{
  "id": "GHSA-3g2p-7c6p-vj8c",
  "summary": "Apache Qpid Python client Improper certificate validation",
  "details": "The Python client in Apache Qpid before 2.2 does not verify that the server hostname matches a domain name in the subject's Common Name (CN) or subjectAltName field of the X.509 certificate, which allows man-in-the-middle attackers to spoof SSL servers via an arbitrary valid certificate.",
  "aliases": [
    "CVE-2013-1909",
    "PYSEC-2013-25"
  ],
  "modified": "2024-04-29T11:41:33.240116Z",
  "published": "2022-05-13T01:08:41Z",
  "database_specific": {
    "nvd_published_at": "2013-08-23T16:55:00Z",
    "cwe_ids": [
      "CWE-20"
    ],
    "severity": "MODERATE",
    "github_reviewed": true,
    "github_reviewed_at": "2024-04-29T11:05:29Z"
  },
  "references": [
    {
      "type": "ADVISORY",
      "url": "https://nvd.nist.gov/vuln/detail/CVE-2013-1909"
    },
    {
      "type": "WEB",
      "url": "https://github.com/apache/qpid-python/commit/7d8f51791c4949404d78f1083f465b7b4c8e954b"
    },
    {
      "type": "PACKAGE",
      "url": "https://github.com/apache/qpid-python"
    },
    {
      "type": "WEB",
      "url": "https://issues.apache.org/jira/browse/QPID-4918"
    },
    {
      "type": "WEB",
      "url": "https://web.archive.org/web/20140722191407/http://secunia.com/advisories/53968"
    },
    {
      "type": "WEB",
      "url": "https://web.archive.org/web/20140722194233/http://secunia.com/advisories/54137"
    },
    {
      "type": "WEB",
      "url": "http://qpid.apache.org/releases/qpid-0.22/release-notes.html"
    },
    {
      "type": "WEB",
      "url": "http://rhn.redhat.com/errata/RHSA-2013-1024.html"
    },
    {
      "type": "WEB",
      "url": "http://svn.apache.org/viewvc?view=revision&revision=1460013"
    }
  ],
  "affected": [
    {
      "package": {
        "name": "qpid-python",
        "ecosystem": "PyPI",
        "purl": "pkg:pypi/qpid-python"
      },
      "ranges": [
        {
          "type": "ECOSYSTEM",
          "events": [
            {
              "introduced": "0"
            },
            {
              "fixed": "0.22"
            }
          ]
        }
      ],
      "versions": [
        "0.20"
      ],
      "database_specific": {
        "source": "https://github.com/github/advisory-database/blob/main/advisories/github-reviewed/2022/05/GHSA-3g2p-7c6p-vj8c/GHSA-3g2p-7c6p-vj8c.json"
      }
    }
  ],
  "schema_version": "1.6.0"
}