{
  "id": "GHSA-4fg9-5w46-xmrj",
  "summary": "Apache Superset Server Side Request Forgery vulnerability",
  "details": "Improper REST API permission in Apache Superset up to and including 2.1.0 allows for an authenticated Gamma users to test network connections, possible SSRF.\n\n",
  "aliases": [
    "CVE-2023-36388"
  ],
  "modified": "2024-02-16T08:18:29.122437Z",
  "published": "2023-09-06T15:30:26Z",
  "database_specific": {
    "nvd_published_at": "2023-09-06T13:15:08Z",
    "cwe_ids": [
      "CWE-918"
    ],
    "severity": "MODERATE",
    "github_reviewed": true,
    "github_reviewed_at": "2023-09-08T12:18:25Z"
  },
  "references": [
    {
      "type": "ADVISORY",
      "url": "https://nvd.nist.gov/vuln/detail/CVE-2023-36388"
    },
    {
      "type": "PACKAGE",
      "url": "https://github.com/apache/superset"
    },
    {
      "type": "WEB",
      "url": "https://lists.apache.org/thread/ccmjjz4jp17yc2kcd18qshmdtf7qorfs"
    }
  ],
  "affected": [
    {
      "package": {
        "name": "apache-superset",
        "ecosystem": "PyPI",
        "purl": "pkg:pypi/apache-superset"
      },
      "ranges": [
        {
          "type": "ECOSYSTEM",
          "events": [
            {
              "introduced": "0"
            },
            {
              "last_affected": "2.1.0"
            }
          ]
        }
      ],
      "versions": [
        "0.34.0",
        "0.34.1",
        "0.35.1",
        "0.35.2",
        "0.36.0",
        "0.37.0",
        "0.37.1",
        "0.37.2",
        "0.38.0",
        "0.38.1",
        "1.0.0",
        "1.0.1",
        "1.1.0",
        "1.2.0",
        "1.3.0",
        "1.3.1",
        "1.3.2",
        "1.4.0",
        "1.4.1",
        "1.4.2",
        "1.5.0",
        "1.5.1",
        "1.5.2",
        "1.5.3",
        "2.0.0",
        "2.0.1",
        "2.1.0"
      ],
      "database_specific": {
        "source": "https://github.com/github/advisory-database/blob/main/advisories/github-reviewed/2023/09/GHSA-4fg9-5w46-xmrj/GHSA-4fg9-5w46-xmrj.json"
      }
    }
  ],
  "schema_version": "1.6.0",
  "severity": [
    {
      "type": "CVSS_V3",
      "score": "CVSS:3.1/AV:N/AC:L/PR:L/UI:N/S:U/C:L/I:N/A:N"
    }
  ]
}