{
  "id": "GHSA-22jm-4hxw-35jf",
  "summary": "OpenStack Nova can leak consoleauth token into log files",
  "details": "An issue was discovered in OpenStack Nova before 18.2.4, 19.x before 19.1.0, and 20.x before 20.1.0. It can leak consoleauth tokens into log files. An attacker with read access to the service's logs may obtain tokens used for console access. All Nova setups using novncproxy are affected. This is related to `NovaProxyRequestHandlerBase.new_websocket_client` in `console/websocketproxy.py`.",
  "aliases": [
    "CVE-2015-9543"
  ],
  "modified": "2024-05-09T16:26:50.695258Z",
  "published": "2022-05-24T17:09:18Z",
  "database_specific": {
    "nvd_published_at": "2020-02-19T03:15:00Z",
    "cwe_ids": [
      "CWE-200"
    ],
    "severity": "LOW",
    "github_reviewed": true,
    "github_reviewed_at": "2024-05-09T15:57:25Z"
  },
  "references": [
    {
      "type": "ADVISORY",
      "url": "https://nvd.nist.gov/vuln/detail/CVE-2015-9543"
    },
    {
      "type": "WEB",
      "url": "https://github.com/openstack/nova/commit/08f1f914cc219cf526adfb08c46b8f40b4e78232"
    },
    {
      "type": "WEB",
      "url": "https://github.com/openstack/nova/commit/26d4047e17eba9bc271f8868f1d0ffeec97b555e"
    },
    {
      "type": "WEB",
      "url": "https://github.com/openstack/nova/commit/d8fbf04f325f593836f8d44b6bbf42b85bde94e3"
    },
    {
      "type": "WEB",
      "url": "https://launchpad.net/bugs/1492140"
    },
    {
      "type": "WEB",
      "url": "https://review.opendev.org/220622"
    },
    {
      "type": "WEB",
      "url": "https://security.openstack.org/ossa/OSSA-2020-001.html"
    },
    {
      "type": "WEB",
      "url": "http://www.openwall.com/lists/oss-security/2020/02/19/2"
    }
  ],
  "affected": [
    {
      "package": {
        "name": "nova",
        "ecosystem": "PyPI",
        "purl": "pkg:pypi/nova"
      },
      "ranges": [
        {
          "type": "ECOSYSTEM",
          "events": [
            {
              "introduced": "0"
            },
            {
              "fixed": "18.2.4"
            }
          ]
        }
      ],
      "versions": [
        "15.1.5",
        "16.1.6",
        "16.1.7",
        "16.1.8",
        "17.0.10",
        "17.0.11",
        "17.0.12",
        "17.0.13",
        "17.0.7",
        "17.0.8",
        "17.0.9",
        "18.0.2",
        "18.0.3",
        "18.1.0",
        "18.2.0",
        "18.2.1",
        "18.2.2",
        "18.2.3"
      ],
      "database_specific": {
        "source": "https://github.com/github/advisory-database/blob/main/advisories/github-reviewed/2022/05/GHSA-22jm-4hxw-35jf/GHSA-22jm-4hxw-35jf.json"
      }
    },
    {
      "package": {
        "name": "nova",
        "ecosystem": "PyPI",
        "purl": "pkg:pypi/nova"
      },
      "ranges": [
        {
          "type": "ECOSYSTEM",
          "events": [
            {
              "introduced": "19.0.0"
            },
            {
              "fixed": "19.1.0"
            }
          ]
        }
      ],
      "versions": [
        "19.0.0",
        "19.0.1",
        "19.0.2",
        "19.0.3"
      ],
      "database_specific": {
        "source": "https://github.com/github/advisory-database/blob/main/advisories/github-reviewed/2022/05/GHSA-22jm-4hxw-35jf/GHSA-22jm-4hxw-35jf.json"
      }
    },
    {
      "package": {
        "name": "nova",
        "ecosystem": "PyPI",
        "purl": "pkg:pypi/nova"
      },
      "ranges": [
        {
          "type": "ECOSYSTEM",
          "events": [
            {
              "introduced": "20.0.0"
            },
            {
              "fixed": "20.1.0"
            }
          ]
        }
      ],
      "versions": [
        "20.0.0",
        "20.0.1"
      ],
      "database_specific": {
        "source": "https://github.com/github/advisory-database/blob/main/advisories/github-reviewed/2022/05/GHSA-22jm-4hxw-35jf/GHSA-22jm-4hxw-35jf.json"
      }
    }
  ],
  "schema_version": "1.6.0",
  "severity": [
    {
      "type": "CVSS_V3",
      "score": "CVSS:3.1/AV:L/AC:L/PR:L/UI:N/S:U/C:L/I:N/A:N"
    }
  ]
}