{
  "id": "GHSA-3x58-8qmv-wqw5",
  "summary": "Aubio is vulnerable to out of bound read when samplerate > 50kHz",
  "details": "An issue was discovered in aubio 0.4.6. A buffer over-read can occur in `new_aubio_pitchyinfft` in `pitch/pitchyinfft.c` when the samplerate of the input file is larger than 50kHz.",
  "aliases": [
    "CVE-2018-14523",
    "PYSEC-2018-63"
  ],
  "modified": "2024-09-04T20:33:59.425383Z",
  "published": "2022-05-13T01:49:58Z",
  "database_specific": {
    "nvd_published_at": "2018-07-23T08:29:00Z",
    "cwe_ids": [
      "CWE-125"
    ],
    "severity": "HIGH",
    "github_reviewed": true,
    "github_reviewed_at": "2023-08-04T21:51:56Z"
  },
  "references": [
    {
      "type": "ADVISORY",
      "url": "https://nvd.nist.gov/vuln/detail/CVE-2018-14523"
    },
    {
      "type": "WEB",
      "url": "https://github.com/aubio/aubio/issues/189"
    },
    {
      "type": "WEB",
      "url": "https://github.com/aubio/aubio/commit/af4f9e6a93b629fb6defa2a229ec828885b9d187"
    },
    {
      "type": "PACKAGE",
      "url": "https://github.com/aubio/aubio"
    },
    {
      "type": "WEB",
      "url": "https://github.com/pypa/advisory-database/tree/main/vulns/aubio/PYSEC-2018-63.yaml"
    },
    {
      "type": "WEB",
      "url": "http://lists.opensuse.org/opensuse-security-announce/2019-03/msg00031.html"
    },
    {
      "type": "WEB",
      "url": "http://lists.opensuse.org/opensuse-security-announce/2019-04/msg00071.html"
    }
  ],
  "affected": [
    {
      "package": {
        "name": "aubio",
        "ecosystem": "PyPI",
        "purl": "pkg:pypi/aubio"
      },
      "ranges": [
        {
          "type": "ECOSYSTEM",
          "events": [
            {
              "introduced": "0"
            },
            {
              "fixed": "0.4.7"
            }
          ]
        }
      ],
      "versions": [
        "0.4.3",
        "0.4.3.post1",
        "0.4.3a1",
        "0.4.3a2",
        "0.4.4",
        "0.4.5",
        "0.4.6"
      ],
      "database_specific": {
        "source": "https://github.com/github/advisory-database/blob/main/advisories/github-reviewed/2022/05/GHSA-3x58-8qmv-wqw5/GHSA-3x58-8qmv-wqw5.json"
      }
    }
  ],
  "schema_version": "1.6.0",
  "severity": [
    {
      "type": "CVSS_V3",
      "score": "CVSS:3.1/AV:N/AC:L/PR:N/UI:R/S:U/C:H/I:H/A:H"
    },
    {
      "type": "CVSS_V4",
      "score": "CVSS:4.0/AV:N/AC:L/AT:N/PR:N/UI:P/VC:H/VI:H/VA:H/SC:N/SI:N/SA:N"
    }
  ]
}