{
  "id": "GHSA-296w-6qhq-gf92",
  "summary": "Django denial of service via file upload naming",
  "details": "The default configuration for the file upload handling system in Django before 1.4.14, 1.5.x before 1.5.9, 1.6.x before 1.6.6, and 1.7 before release candidate 3 uses a sequential file name generation process when a file with a conflicting name is uploaded, which allows remote attackers to cause a denial of service (CPU consumption) by unloading a multiple files with the same name.",
  "aliases": [
    "CVE-2014-0481",
    "PYSEC-2014-5"
  ],
  "modified": "2024-02-22T05:33:53.368950Z",
  "published": "2022-05-14T02:05:08Z",
  "database_specific": {
    "nvd_published_at": "2014-08-26T14:55:00Z",
    "cwe_ids": [
      "CWE-400"
    ],
    "severity": "MODERATE",
    "github_reviewed": true,
    "github_reviewed_at": "2023-08-15T23:28:45Z"
  },
  "references": [
    {
      "type": "ADVISORY",
      "url": "https://nvd.nist.gov/vuln/detail/CVE-2014-0481"
    },
    {
      "type": "WEB",
      "url": "https://github.com/django/django/commit/26cd48e166ac4d84317c8ee6d63ac52a87e8da99"
    },
    {
      "type": "WEB",
      "url": "https://github.com/django/django/commit/30042d475bf084c6723c6217a21598d9247a9c41"
    },
    {
      "type": "WEB",
      "url": "https://github.com/django/django/commit/dd0c3f4ee1a30c1a1e6055061c6ba6e58c6b54d1"
    },
    {
      "type": "WEB",
      "url": "https://www.djangoproject.com/weblog/2014/aug/20/security"
    },
    {
      "type": "WEB",
      "url": "http://lists.opensuse.org/opensuse-updates/2014-09/msg00023.html"
    },
    {
      "type": "WEB",
      "url": "http://www.debian.org/security/2014/dsa-3010"
    }
  ],
  "affected": [
    {
      "package": {
        "name": "django",
        "ecosystem": "PyPI",
        "purl": "pkg:pypi/django"
      },
      "ranges": [
        {
          "type": "ECOSYSTEM",
          "events": [
            {
              "introduced": "0"
            },
            {
              "fixed": "1.4.14"
            }
          ]
        }
      ],
      "versions": [
        "1.0.1",
        "1.0.2",
        "1.0.3",
        "1.0.4",
        "1.1",
        "1.1.1",
        "1.1.2",
        "1.1.3",
        "1.1.4",
        "1.2",
        "1.2.1",
        "1.2.2",
        "1.2.3",
        "1.2.4",
        "1.2.5",
        "1.2.6",
        "1.2.7",
        "1.3",
        "1.3.1",
        "1.3.2",
        "1.3.3",
        "1.3.4",
        "1.3.5",
        "1.3.6",
        "1.3.7",
        "1.4",
        "1.4.1",
        "1.4.10",
        "1.4.11",
        "1.4.12",
        "1.4.13",
        "1.4.2",
        "1.4.3",
        "1.4.4",
        "1.4.5",
        "1.4.6",
        "1.4.7",
        "1.4.8",
        "1.4.9"
      ],
      "ecosystem_specific": {
        "affected_functions": [
          "django.core.files.storage.Storage.get_available_name"
        ]
      },
      "database_specific": {
        "source": "https://github.com/github/advisory-database/blob/main/advisories/github-reviewed/2022/05/GHSA-296w-6qhq-gf92/GHSA-296w-6qhq-gf92.json"
      }
    },
    {
      "package": {
        "name": "django",
        "ecosystem": "PyPI",
        "purl": "pkg:pypi/django"
      },
      "ranges": [
        {
          "type": "ECOSYSTEM",
          "events": [
            {
              "introduced": "1.5.0"
            },
            {
              "fixed": "1.5.9"
            }
          ]
        }
      ],
      "versions": [
        "1.5",
        "1.5.1",
        "1.5.2",
        "1.5.3",
        "1.5.4",
        "1.5.5",
        "1.5.6",
        "1.5.7",
        "1.5.8"
      ],
      "database_specific": {
        "source": "https://github.com/github/advisory-database/blob/main/advisories/github-reviewed/2022/05/GHSA-296w-6qhq-gf92/GHSA-296w-6qhq-gf92.json"
      }
    },
    {
      "package": {
        "name": "django",
        "ecosystem": "PyPI",
        "purl": "pkg:pypi/django"
      },
      "ranges": [
        {
          "type": "ECOSYSTEM",
          "events": [
            {
              "introduced": "1.6"
            },
            {
              "fixed": "1.6.6"
            }
          ]
        }
      ],
      "versions": [
        "1.6",
        "1.6.1",
        "1.6.2",
        "1.6.3",
        "1.6.4",
        "1.6.5"
      ],
      "database_specific": {
        "source": "https://github.com/github/advisory-database/blob/main/advisories/github-reviewed/2022/05/GHSA-296w-6qhq-gf92/GHSA-296w-6qhq-gf92.json"
      }
    }
  ],
  "schema_version": "1.6.0"
}