{
  "id": "GHSA-42q4-9xf9-f67x",
  "summary": "Apache Superset allowed for database connections password leak for authenticated users",
  "details": "Apache Superset up to and including 1.3.1 allowed for database connections password leak for authenticated users. This information could be accessed in a non-trivial way.",
  "aliases": [
    "CVE-2021-41972",
    "PYSEC-2021-434"
  ],
  "modified": "2024-09-12T20:52:41.852332Z",
  "published": "2022-05-24T19:20:31Z",
  "database_specific": {
    "nvd_published_at": "2021-11-12T19:15:00Z",
    "cwe_ids": [
      "CWE-522"
    ],
    "severity": "MODERATE",
    "github_reviewed": true,
    "github_reviewed_at": "2022-06-21T20:09:18Z"
  },
  "references": [
    {
      "type": "ADVISORY",
      "url": "https://nvd.nist.gov/vuln/detail/CVE-2021-41972"
    },
    {
      "type": "ADVISORY",
      "url": "https://github.com/advisories/GHSA-42q4-9xf9-f67x"
    },
    {
      "type": "WEB",
      "url": "https://github.com/apache/superset"
    },
    {
      "type": "WEB",
      "url": "https://github.com/pypa/advisory-database/tree/main/vulns/apache-superset/PYSEC-2021-434.yaml"
    },
    {
      "type": "WEB",
      "url": "https://lists.apache.org/thread/xpdl2r538o695o7r9gd9qrwqb17bdd3v"
    },
    {
      "type": "WEB",
      "url": "https://seclists.org/oss-sec/2021/q4/106"
    }
  ],
  "affected": [
    {
      "package": {
        "name": "apache-superset",
        "ecosystem": "PyPI",
        "purl": "pkg:pypi/apache-superset"
      },
      "ranges": [
        {
          "type": "ECOSYSTEM",
          "events": [
            {
              "introduced": "0"
            },
            {
              "fixed": "1.3.2"
            }
          ]
        }
      ],
      "versions": [
        "0.34.0",
        "0.34.1",
        "0.35.1",
        "0.35.2",
        "0.36.0",
        "0.37.0",
        "0.37.1",
        "0.37.2",
        "0.38.0",
        "0.38.1",
        "1.0.0",
        "1.0.1",
        "1.1.0",
        "1.2.0",
        "1.3.0",
        "1.3.1"
      ],
      "database_specific": {
        "last_known_affected_version_range": "<= 1.3.1",
        "source": "https://github.com/github/advisory-database/blob/main/advisories/github-reviewed/2022/05/GHSA-42q4-9xf9-f67x/GHSA-42q4-9xf9-f67x.json"
      }
    }
  ],
  "schema_version": "1.6.0",
  "severity": [
    {
      "type": "CVSS_V3",
      "score": "CVSS:3.1/AV:N/AC:L/PR:L/UI:N/S:U/C:H/I:N/A:N"
    },
    {
      "type": "CVSS_V4",
      "score": "CVSS:4.0/AV:N/AC:L/AT:N/PR:L/UI:N/VC:H/VI:N/VA:N/SC:N/SI:N/SA:N"
    }
  ]
}