{
  "id": "GHSA-46x4-9jmv-jc8p",
  "summary": "Django Access Restrictions Bypass ",
  "details": "Django 1.9.x before 1.9.2, when `ModelAdmin.save_as` is set to True, allows remote authenticated users to bypass intended access restrictions and create ModelAdmin objects via the \"Save as New\" option when editing objects and leveraging the \"change\" permission.",
  "aliases": [
    "CVE-2016-2048",
    "PYSEC-2016-14"
  ],
  "modified": "2024-05-07T21:17:10.023650Z",
  "published": "2022-05-17T03:43:00Z",
  "database_specific": {
    "nvd_published_at": "2016-02-08T19:59:00Z",
    "cwe_ids": [
      "CWE-284"
    ],
    "severity": "MODERATE",
    "github_reviewed": true,
    "github_reviewed_at": "2023-07-31T22:43:10Z"
  },
  "references": [
    {
      "type": "ADVISORY",
      "url": "https://nvd.nist.gov/vuln/detail/CVE-2016-2048"
    },
    {
      "type": "WEB",
      "url": "https://github.com/django/django/commit/adbca5e4db42542575734b8e5d26961c8ada7265"
    },
    {
      "type": "PACKAGE",
      "url": "https://github.com/django/django"
    },
    {
      "type": "WEB",
      "url": "https://web.archive.org/web/20210123075529/http://www.securityfocus.com/bid/82329"
    },
    {
      "type": "WEB",
      "url": "https://web.archive.org/web/20211204051406/http://www.securitytracker.com/id/1034894"
    },
    {
      "type": "WEB",
      "url": "https://www.djangoproject.com/weblog/2016/feb/01/releases-192-and-189"
    }
  ],
  "affected": [
    {
      "package": {
        "name": "django",
        "ecosystem": "PyPI",
        "purl": "pkg:pypi/django"
      },
      "ranges": [
        {
          "type": "ECOSYSTEM",
          "events": [
            {
              "introduced": "1.9"
            },
            {
              "fixed": "1.9.2"
            }
          ]
        }
      ],
      "versions": [
        "1.9",
        "1.9.1"
      ],
      "database_specific": {
        "source": "https://github.com/github/advisory-database/blob/main/advisories/github-reviewed/2022/05/GHSA-46x4-9jmv-jc8p/GHSA-46x4-9jmv-jc8p.json"
      }
    }
  ],
  "schema_version": "1.6.0",
  "severity": [
    {
      "type": "CVSS_V3",
      "score": "CVSS:3.0/AV:N/AC:L/PR:H/UI:N/S:U/C:L/I:H/A:N"
    }
  ]
}