{
  "id": "GHSA-36h2-g4c8-9xcm",
  "summary": "Aim denial of service vulnerability",
  "details": "A vulnerability in aimhubio/aim version 3.19.3 allows an attacker to cause an infinite loop by configuring the remote tracking server to point at itself. This results in the server endlessly connecting to itself, rendering it unable to respond to other connections.",
  "aliases": [
    "CVE-2024-6227"
  ],
  "modified": "2024-08-30T20:36:36.381663Z",
  "published": "2024-07-08T21:31:40Z",
  "database_specific": {
    "nvd_published_at": "2024-07-08T19:15:10Z",
    "cwe_ids": [
      "CWE-835"
    ],
    "severity": "HIGH",
    "github_reviewed": true,
    "github_reviewed_at": "2024-08-07T20:38:41Z"
  },
  "references": [
    {
      "type": "ADVISORY",
      "url": "https://nvd.nist.gov/vuln/detail/CVE-2024-6227"
    },
    {
      "type": "PACKAGE",
      "url": "https://github.com/aimhubio/aim"
    },
    {
      "type": "WEB",
      "url": "https://github.com/aimhubio/aim/blob/2e7b8aff8dcba9ddd5043dfec88cf2319ba8a87c/aim/sdk/repo.py#L195"
    },
    {
      "type": "WEB",
      "url": "https://huntr.com/bounties/abcea7c6-bb3b-45e9-aa15-9eb6b224451a"
    }
  ],
  "affected": [
    {
      "package": {
        "name": "aim",
        "ecosystem": "PyPI",
        "purl": "pkg:pypi/aim"
      },
      "ranges": [
        {
          "type": "ECOSYSTEM",
          "events": [
            {
              "introduced": "0"
            },
            {
              "last_affected": "3.19.3"
            }
          ]
        }
      ],
      "versions": [
        "2.0.19",
        "2.0.20",
        "2.0.21",
        "2.0.22",
        "2.0.23",
        "2.0.24",
        "2.0.25",
        "2.0.26",
        "2.0.27",
        "2.1.0",
        "2.1.1",
        "2.1.2",
        "2.1.3",
        "2.1.4",
        "2.1.5",
        "2.1.6",
        "2.2.0",
        "2.2.1",
        "2.3.0",
        "2.4.0",
        "2.5.0",
        "2.6.0",
        "2.7.0",
        "2.7.1",
        "2.7.2",
        "2.7.3",
        "2.7.4",
        "3.0.0",
        "3.0.1",
        "3.0.2",
        "3.0.3",
        "3.0.4",
        "3.0.5",
        "3.0.6",
        "3.0.7",
        "3.1.0",
        "3.1.1",
        "3.10.0",
        "3.10.0.dev9",
        "3.10.1",
        "3.10.2",
        "3.10.3",
        "3.11.0",
        "3.11.0.dev4",
        "3.11.1",
        "3.11.1.dev1",
        "3.11.2",
        "3.12.0",
        "3.12.0.dev2",
        "3.12.1",
        "3.12.2",
        "3.13.0",
        "3.13.1",
        "3.13.2",
        "3.13.3",
        "3.13.4",
        "3.14.0",
        "3.14.1",
        "3.14.2",
        "3.14.3",
        "3.14.4",
        "3.15.0",
        "3.15.1",
        "3.15.2",
        "3.16.0",
        "3.16.1",
        "3.16.2",
        "3.17.0",
        "3.17.1",
        "3.17.2",
        "3.17.3",
        "3.17.4",
        "3.17.5",
        "3.17.5rc1",
        "3.17.5rc2",
        "3.17.5rc3",
        "3.17.5rc4",
        "3.18.0",
        "3.18.0.dev2",
        "3.18.0.dev3",
        "3.18.0.dev4",
        "3.18.0.dev5",
        "3.18.1",
        "3.19.0",
        "3.19.1",
        "3.19.2",
        "3.19.3",
        "3.2.0",
        "3.2.1",
        "3.2.2",
        "3.3.0",
        "3.3.1",
        "3.3.2",
        "3.3.3",
        "3.3.4",
        "3.3.5",
        "3.4.0",
        "3.4.1",
        "3.5.0",
        "3.5.1",
        "3.5.2",
        "3.5.3",
        "3.5.4",
        "3.6.0",
        "3.6.1",
        "3.6.2",
        "3.6.3",
        "3.7.0",
        "3.7.1",
        "3.7.2",
        "3.7.3",
        "3.7.4",
        "3.7.5",
        "3.8.0",
        "3.8.1",
        "3.9.0a1",
        "3.9.0a14",
        "3.9.2",
        "3.9.3",
        "3.9.4"
      ],
      "database_specific": {
        "source": "https://github.com/github/advisory-database/blob/main/advisories/github-reviewed/2024/07/GHSA-36h2-g4c8-9xcm/GHSA-36h2-g4c8-9xcm.json"
      }
    }
  ],
  "schema_version": "1.6.0",
  "severity": [
    {
      "type": "CVSS_V3",
      "score": "CVSS:3.0/AV:N/AC:L/PR:N/UI:N/S:U/C:N/I:N/A:H"
    },
    {
      "type": "CVSS_V4",
      "score": "CVSS:4.0/AV:N/AC:L/AT:N/PR:N/UI:N/VC:N/VI:N/VA:H/SC:N/SI:N/SA:N"
    }
  ]
}