{
  "id": "GHSA-43hc-pwvx-pmfg",
  "summary": "OpenStack Compute (Nova) Denial of Service vulnerability",
  "details": "OpenStack Compute (Nova) before 2014.1.4 and 2014.2.x before 2014.2.1 allows remote authenticated users to cause a denial of service (CPU consumption) via an IP filter in a list active servers API request.",
  "aliases": [
    "CVE-2014-3708"
  ],
  "modified": "2023-11-08T03:57:40.739617Z",
  "published": "2022-05-14T01:58:45Z",
  "database_specific": {
    "nvd_published_at": "2014-10-31T14:55:00Z",
    "github_reviewed_at": "2023-02-08T19:47:45Z",
    "severity": "MODERATE",
    "github_reviewed": true,
    "cwe_ids": []
  },
  "references": [
    {
      "type": "ADVISORY",
      "url": "https://nvd.nist.gov/vuln/detail/CVE-2014-3708"
    },
    {
      "type": "WEB",
      "url": "https://access.redhat.com/errata/RHSA-2015:0843"
    },
    {
      "type": "WEB",
      "url": "https://access.redhat.com/errata/RHSA-2015:0844"
    },
    {
      "type": "WEB",
      "url": "https://access.redhat.com/security/cve/CVE-2014-3708"
    },
    {
      "type": "WEB",
      "url": "https://bugs.launchpad.net/nova/+bug/1358583"
    },
    {
      "type": "WEB",
      "url": "https://bugzilla.redhat.com/show_bug.cgi?id=1154951"
    },
    {
      "type": "PACKAGE",
      "url": "https://opendev.org/openstack/nova"
    },
    {
      "type": "WEB",
      "url": "https://web.archive.org/web/20200901000000*/http://www.securityfocus.com/bid/70777"
    },
    {
      "type": "WEB",
      "url": "http://lists.openstack.org/pipermail/openstack-announce/2014-October/000301.html"
    },
    {
      "type": "WEB",
      "url": "http://rhn.redhat.com/errata/RHSA-2015-0843.html"
    },
    {
      "type": "WEB",
      "url": "http://rhn.redhat.com/errata/RHSA-2015-0844.html"
    },
    {
      "type": "WEB",
      "url": "http://www.securityfocus.com/bid/70777"
    }
  ],
  "affected": [
    {
      "package": {
        "name": "nova",
        "ecosystem": "PyPI",
        "purl": "pkg:pypi/nova"
      },
      "ranges": [
        {
          "type": "ECOSYSTEM",
          "events": [
            {
              "introduced": "0"
            },
            {
              "fixed": "2014.1.4"
            }
          ]
        }
      ],
      "versions": [
        "15.1.5",
        "16.1.6",
        "16.1.7",
        "16.1.8",
        "17.0.10",
        "17.0.11",
        "17.0.12",
        "17.0.13",
        "17.0.7",
        "17.0.8",
        "17.0.9",
        "18.0.2",
        "18.0.3",
        "18.1.0",
        "18.2.0",
        "18.2.1",
        "18.2.2",
        "18.2.3",
        "18.3.0",
        "19.0.0",
        "19.0.0.0rc1",
        "19.0.0.0rc2",
        "19.0.1",
        "19.0.2",
        "19.0.3",
        "19.1.0",
        "19.2.0",
        "19.3.0",
        "19.3.1",
        "19.3.2",
        "20.0.0",
        "20.0.0.0rc1",
        "20.0.0.0rc2",
        "20.0.1",
        "20.1.0",
        "20.1.1",
        "20.2.0",
        "20.3.0",
        "20.4.0",
        "20.4.1",
        "20.5.0",
        "20.6.0",
        "20.6.1",
        "21.0.0",
        "21.0.0.0rc1",
        "21.0.0.0rc2",
        "21.1.0",
        "21.1.1",
        "21.1.2",
        "21.2.0",
        "21.2.1",
        "21.2.2",
        "21.2.3",
        "21.2.4",
        "22.0.0",
        "22.0.0.0rc1",
        "22.0.1",
        "22.1.0",
        "22.2.0",
        "22.2.1",
        "22.2.2",
        "22.3.0",
        "22.4.0",
        "23.0.0",
        "23.0.0.0rc1",
        "23.0.0.0rc2",
        "23.0.1",
        "23.0.2",
        "23.1.0",
        "23.2.0",
        "23.2.1",
        "23.2.2",
        "24.0.0",
        "24.0.0.0rc1",
        "24.0.0.0rc2",
        "24.1.0",
        "24.1.1",
        "24.2.0",
        "25.0.0",
        "25.0.0.0rc1",
        "25.0.1",
        "25.1.0",
        "26.0.0",
        "26.0.0.0rc1",
        "26.0.0.0rc2",
        "26.1.0",
        "27.0.0",
        "27.0.0.0rc1"
      ],
      "database_specific": {
        "source": "https://github.com/github/advisory-database/blob/main/advisories/github-reviewed/2022/05/GHSA-43hc-pwvx-pmfg/GHSA-43hc-pwvx-pmfg.json"
      }
    },
    {
      "package": {
        "name": "nova",
        "ecosystem": "PyPI",
        "purl": "pkg:pypi/nova"
      },
      "ranges": [
        {
          "type": "ECOSYSTEM",
          "events": [
            {
              "introduced": "2014.2.0"
            },
            {
              "fixed": "2014.2.1"
            }
          ]
        }
      ],
      "database_specific": {
        "source": "https://github.com/github/advisory-database/blob/main/advisories/github-reviewed/2022/05/GHSA-43hc-pwvx-pmfg/GHSA-43hc-pwvx-pmfg.json"
      },
      "versions": []
    }
  ],
  "schema_version": "1.6.0"
}