{
  "id": "GHSA-3434-hc3m-8mmm",
  "summary": "Reflected Cross-Site Scripting (XSS) in zenml",
  "details": "A reflected Cross-Site Scripting (XSS) vulnerability was identified in zenml-io/zenml version 0.57.1. The vulnerability exists due to improper neutralization of input during web page generation, specifically within the survey redirect parameter. This flaw allows an attacker to redirect users to a specified URL after completing a survey, without proper validation of the 'redirect' parameter. Consequently, an attacker can execute arbitrary JavaScript code in the context of the user's browser session. This vulnerability could be exploited to steal cookies, potentially leading to account takeover.",
  "aliases": [
    "CVE-2024-5062"
  ],
  "modified": "2024-08-20T18:16:26Z",
  "published": "2024-06-30T18:30:37Z",
  "database_specific": {
    "nvd_published_at": "2024-06-30T16:15:03Z",
    "cwe_ids": [
      "CWE-79"
    ],
    "severity": "MODERATE",
    "github_reviewed": true,
    "github_reviewed_at": "2024-07-01T18:34:48Z"
  },
  "references": [
    {
      "type": "ADVISORY",
      "url": "https://nvd.nist.gov/vuln/detail/CVE-2024-5062"
    },
    {
      "type": "WEB",
      "url": "https://github.com/zenml-io/zenml/commit/21edd863c0ba53c1110b6f018a07c2d6853cf6d4"
    },
    {
      "type": "PACKAGE",
      "url": "https://github.com/zenml-io/zenml"
    },
    {
      "type": "WEB",
      "url": "https://huntr.com/bounties/ceddd3c1-a9da-4d6c-85c4-41d4d1e1102f"
    }
  ],
  "affected": [
    {
      "package": {
        "name": "zenml",
        "ecosystem": "PyPI",
        "purl": "pkg:pypi/zenml"
      },
      "ranges": [
        {
          "type": "ECOSYSTEM",
          "events": [
            {
              "introduced": "0.57.1"
            },
            {
              "fixed": "0.58.0"
            }
          ]
        }
      ],
      "versions": [
        "0.57.1"
      ],
      "database_specific": {
        "source": "https://github.com/github/advisory-database/blob/main/advisories/github-reviewed/2024/06/GHSA-3434-hc3m-8mmm/GHSA-3434-hc3m-8mmm.json"
      }
    }
  ],
  "schema_version": "1.6.0",
  "severity": [
    {
      "type": "CVSS_V3",
      "score": "CVSS:3.1/AV:N/AC:L/PR:N/UI:R/S:C/C:L/I:L/A:N"
    },
    {
      "type": "CVSS_V4",
      "score": "CVSS:4.0/AV:N/AC:L/AT:N/PR:N/UI:P/VC:L/VI:L/VA:N/SC:L/SI:L/SA:N"
    }
  ]
}