{
  "id": "GHSA-4ppj-4p4v-jf4p",
  "summary": "OpenStack Keystone Denial of Service vulnerability via a large HTTP request",
  "details": "OpenStack Keystone Grizzly before 2013.1, Folsom, and possibly earlier allows remote attackers to cause a denial of service (CPU and memory consumption) via a large HTTP request, as demonstrated by a long tenant_name when requesting a token.",
  "aliases": [
    "CVE-2013-0270"
  ],
  "modified": "2024-05-19T02:24:37.657494Z",
  "published": "2022-05-05T02:48:42Z",
  "database_specific": {
    "nvd_published_at": "2013-04-12T22:55:00Z",
    "cwe_ids": [
      "CWE-119"
    ],
    "severity": "MODERATE",
    "github_reviewed": true,
    "github_reviewed_at": "2024-05-13T16:11:49Z"
  },
  "references": [
    {
      "type": "ADVISORY",
      "url": "https://nvd.nist.gov/vuln/detail/CVE-2013-0270"
    },
    {
      "type": "WEB",
      "url": "https://github.com/openstack/keystone/commit/7691276b869a86c2b75631d5bede9f61e030d9d8"
    },
    {
      "type": "WEB",
      "url": "https://github.com/openstack/keystone/commit/82c87e5638ebaf9f166a9b07a0155291276d6fdc"
    },
    {
      "type": "WEB",
      "url": "https://bugs.launchpad.net/keystone/+bug/1099025"
    },
    {
      "type": "WEB",
      "url": "https://bugzilla.redhat.com/show_bug.cgi?id=909012"
    },
    {
      "type": "WEB",
      "url": "https://launchpad.net/keystone/grizzly/2013.1"
    },
    {
      "type": "WEB",
      "url": "http://rhn.redhat.com/errata/RHSA-2013-0708.html"
    }
  ],
  "affected": [
    {
      "package": {
        "name": "keystone",
        "ecosystem": "PyPI",
        "purl": "pkg:pypi/keystone"
      },
      "ranges": [
        {
          "type": "ECOSYSTEM",
          "events": [
            {
              "introduced": "0"
            },
            {
              "fixed": "8.0.0a0"
            }
          ]
        }
      ],
      "database_specific": {
        "source": "https://github.com/github/advisory-database/blob/main/advisories/github-reviewed/2022/05/GHSA-4ppj-4p4v-jf4p/GHSA-4ppj-4p4v-jf4p.json"
      },
      "versions": []
    }
  ],
  "schema_version": "1.6.0"
}