{
  "id": "GHSA-45h5-cqqw-9rjw",
  "summary": "Aubio is vulnerable to a NULL pointer dereference",
  "details": "A NULL pointer dereference (DoS) Vulnerability was found in the function `aubio_source_avcodec_readframe` in io/source_avcodec.c of aubio, which may lead to DoS when playing a crafted audio file.",
  "aliases": [
    "CVE-2017-17554",
    "PYSEC-2017-76"
  ],
  "modified": "2024-09-06T16:15:51.846912Z",
  "published": "2022-05-14T03:07:24Z",
  "database_specific": {
    "nvd_published_at": "2017-12-12T01:29:00Z",
    "cwe_ids": [
      "CWE-476"
    ],
    "severity": "MODERATE",
    "github_reviewed": true,
    "github_reviewed_at": "2023-08-02T22:37:01Z"
  },
  "references": [
    {
      "type": "ADVISORY",
      "url": "https://nvd.nist.gov/vuln/detail/CVE-2017-17554"
    },
    {
      "type": "WEB",
      "url": "https://github.com/aubio/aubio/commit/a81b12a3b4174953b3bc7ef4c37103f4d5636740"
    },
    {
      "type": "WEB",
      "url": "https://github.com/IvanCql/vulnerability/blob/master/An%20NULL%20pointer%20dereference(DoS)%20Vulnerability%20was%20found%20in%20function%20%20aubio_source_avcodec_readframe%20of%20aubio.md"
    },
    {
      "type": "PACKAGE",
      "url": "https://github.com/aubio/aubio"
    },
    {
      "type": "WEB",
      "url": "https://github.com/aubio/aubio/blob/0.4.7/ChangeLog"
    },
    {
      "type": "WEB",
      "url": "https://github.com/pypa/advisory-database/tree/main/vulns/aubio/PYSEC-2017-76.yaml"
    }
  ],
  "affected": [
    {
      "package": {
        "name": "aubio",
        "ecosystem": "PyPI",
        "purl": "pkg:pypi/aubio"
      },
      "ranges": [
        {
          "type": "ECOSYSTEM",
          "events": [
            {
              "introduced": "0"
            },
            {
              "fixed": "0.4.7"
            }
          ]
        }
      ],
      "versions": [
        "0.4.3",
        "0.4.3.post1",
        "0.4.3a1",
        "0.4.3a2",
        "0.4.4",
        "0.4.5",
        "0.4.6"
      ],
      "database_specific": {
        "source": "https://github.com/github/advisory-database/blob/main/advisories/github-reviewed/2022/05/GHSA-45h5-cqqw-9rjw/GHSA-45h5-cqqw-9rjw.json"
      }
    }
  ],
  "schema_version": "1.6.0",
  "severity": [
    {
      "type": "CVSS_V3",
      "score": "CVSS:3.1/AV:L/AC:L/PR:N/UI:R/S:U/C:N/I:N/A:H"
    },
    {
      "type": "CVSS_V4",
      "score": "CVSS:4.0/AV:L/AC:L/AT:N/PR:N/UI:P/VC:N/VI:N/VA:H/SC:N/SI:N/SA:N"
    }
  ]
}