{
  "id": "GHSA-29vr-79w7-p649",
  "summary": "Duplicate Advisory: Incorrect Authorization in Gerapy",
  "details": "## Duplicate Advisory\nThis advisory has been withdrawn because it is a duplicate of GHSA-9w7f-m4j4-j3xw. This link is maintained to preserve external references.\n\n## Original Description\nAn Access Control vunerabiity exists in Gerapy v 0.9.7 via the spider parameter in project_configure function.",
  "aliases": [
    "CVE-2021-44597",
    "PYSEC-2022-228"
  ],
  "modified": "2024-02-16T07:57:00.711873Z",
  "published": "2022-03-11T00:02:00Z",
  "withdrawn": "2023-07-31T20:36:31Z",
  "database_specific": {
    "nvd_published_at": "2022-03-10T21:15:00Z",
    "cwe_ids": [
      "CWE-863"
    ],
    "severity": "CRITICAL",
    "github_reviewed": true,
    "github_reviewed_at": "2022-03-28T14:23:45Z"
  },
  "references": [
    {
      "type": "ADVISORY",
      "url": "https://nvd.nist.gov/vuln/detail/CVE-2021-44597"
    },
    {
      "type": "WEB",
      "url": "https://github.com/Gerapy/Gerapy/issues/219"
    },
    {
      "type": "WEB",
      "url": "https://github.com/Gerapy/Gerapy/commit/49bcb19be5e0320e7e1535f34fe00f16a3cf3b28"
    },
    {
      "type": "PACKAGE",
      "url": "https://github.com/Gerapy/Gerapy"
    },
    {
      "type": "WEB",
      "url": "https://github.com/Gerapy/Gerapy/releases/tag/v0.9.8"
    },
    {
      "type": "WEB",
      "url": "https://github.com/pypa/advisory-database/tree/main/vulns/gerapy/PYSEC-2022-228.yaml"
    }
  ],
  "affected": [
    {
      "package": {
        "name": "gerapy",
        "ecosystem": "PyPI",
        "purl": "pkg:pypi/gerapy"
      },
      "ranges": [
        {
          "type": "ECOSYSTEM",
          "events": [
            {
              "introduced": "0"
            },
            {
              "fixed": "0.9.8"
            }
          ]
        }
      ],
      "versions": [
        "0.6.6",
        "0.6.7",
        "0.6.8",
        "0.6.9",
        "0.7.0",
        "0.7.1",
        "0.7.2",
        "0.7.3",
        "0.7.6",
        "0.7.7",
        "0.7.8",
        "0.7.9",
        "0.8.0",
        "0.8.1",
        "0.8.2",
        "0.8.3",
        "0.8.4rc2",
        "0.8.5",
        "0.8.5rc2",
        "0.8.6",
        "0.8.6a0",
        "0.8.6b0",
        "0.8.6b1",
        "0.8.6rc1",
        "0.8.6rc2",
        "0.8.7",
        "0.8.8",
        "0.9.0",
        "0.9.1",
        "0.9.2",
        "0.9.2a0",
        "0.9.2rc1",
        "0.9.3",
        "0.9.3a1",
        "0.9.3a2",
        "0.9.3b1",
        "0.9.5",
        "0.9.6",
        "0.9.6a1",
        "0.9.7"
      ],
      "ecosystem_specific": {
        "affected_functions": [
          "gerapy.server.core.views.project_clone",
          "gerapy.server.core.views.project_configure"
        ]
      },
      "database_specific": {
        "source": "https://github.com/github/advisory-database/blob/main/advisories/github-reviewed/2022/03/GHSA-29vr-79w7-p649/GHSA-29vr-79w7-p649.json"
      }
    }
  ],
  "schema_version": "1.6.0",
  "severity": [
    {
      "type": "CVSS_V3",
      "score": "CVSS:3.1/AV:N/AC:L/PR:N/UI:N/S:U/C:H/I:H/A:H"
    }
  ]
}