{
  "id": "GHSA-4jp4-3c62-r8jv",
  "summary": "OpenStack Glance Denial of service by creating a large number of images ",
  "details": "OpenStack Image Registry and Delivery Service (Glance) 2014.2 through 2014.2.2 does not properly remove images, which allows remote authenticated users to cause a denial of service (disk consumption) by creating a large number of images using the task v2 API and then deleting them, a different vulnerability than CVE-2014-9684.",
  "aliases": [
    "CVE-2015-1881"
  ],
  "modified": "2024-05-19T02:24:40.251025Z",
  "published": "2022-05-17T03:09:50Z",
  "database_specific": {
    "nvd_published_at": "2015-02-24T15:59:00Z",
    "cwe_ids": [],
    "severity": "MODERATE",
    "github_reviewed": true,
    "github_reviewed_at": "2024-05-14T21:32:17Z"
  },
  "references": [
    {
      "type": "ADVISORY",
      "url": "https://nvd.nist.gov/vuln/detail/CVE-2015-1881"
    },
    {
      "type": "WEB",
      "url": "https://github.com/openstack/glance/commit/25a722e614eacc47e4658f0bca6343fa52f7d03f"
    },
    {
      "type": "WEB",
      "url": "https://github.com/openstack/glance/commit/78b5b0a9575cd5e9c4543ec0e8fd6072af1f0ebb"
    },
    {
      "type": "WEB",
      "url": "https://bugs.launchpad.net/glance/+bug/1420696"
    },
    {
      "type": "PACKAGE",
      "url": "https://github.com/openstack/glance"
    },
    {
      "type": "WEB",
      "url": "http://lists.openstack.org/pipermail/openstack-announce/2015-February/000336.html"
    },
    {
      "type": "WEB",
      "url": "http://rhn.redhat.com/errata/RHSA-2015-0938.html"
    },
    {
      "type": "WEB",
      "url": "http://www.securityfocus.com/bid/72694"
    }
  ],
  "affected": [
    {
      "package": {
        "name": "glance",
        "ecosystem": "PyPI",
        "purl": "pkg:pypi/glance"
      },
      "ranges": [
        {
          "type": "ECOSYSTEM",
          "events": [
            {
              "introduced": "0"
            },
            {
              "fixed": "11.0.0a0"
            }
          ]
        }
      ],
      "database_specific": {
        "source": "https://github.com/github/advisory-database/blob/main/advisories/github-reviewed/2022/05/GHSA-4jp4-3c62-r8jv/GHSA-4jp4-3c62-r8jv.json"
      },
      "versions": []
    }
  ],
  "schema_version": "1.6.0"
}