{
  "id": "GHSA-248v-346w-9cwc",
  "summary": "Certifi removes GLOBALTRUST root certificate",
  "details": "Certifi 2024.07.04 removes root certificates from \"GLOBALTRUST\" from the root store. These are in the process of being removed from Mozilla's trust store.\n\nGLOBALTRUST's root certificates are being removed pursuant to an investigation which identified \"long-running and unresolved compliance issues\". Conclusions of Mozilla's investigation can be found [here]( https://groups.google.com/a/mozilla.org/g/dev-security-policy/c/XpknYMPO8dI).",
  "aliases": [
    "CVE-2024-39689"
  ],
  "modified": "2024-07-15T22:12:28.691502Z",
  "published": "2024-07-05T20:06:40Z",
  "related": [
    "CGA-2ph7-wp75-g3rf",
    "CGA-326j-45xp-qqrg",
    "CGA-3727-xg6m-m6g6",
    "CGA-6v56-8m7g-x649",
    "CGA-8493-6499-2mc5",
    "CGA-8qgh-gj56-2mhf",
    "CGA-c75v-5wrv-rvg2",
    "CGA-f5h2-p64r-hgpf",
    "CGA-fhg8-gq72-6xvf",
    "CGA-h96w-2q45-hmp9",
    "CGA-hv83-mq7r-r58m",
    "CGA-m8x2-jj4x-r82h",
    "CGA-mgvx-56mp-qxp4",
    "CGA-r3c7-44cm-2pr4",
    "CGA-wgrc-28p5-r64q"
  ],
  "database_specific": {
    "nvd_published_at": "2024-07-05T19:15:10Z",
    "cwe_ids": [
      "CWE-345"
    ],
    "severity": "LOW",
    "github_reviewed": true,
    "github_reviewed_at": "2024-07-05T20:06:40Z"
  },
  "references": [
    {
      "type": "WEB",
      "url": "https://github.com/certifi/python-certifi/security/advisories/GHSA-248v-346w-9cwc"
    },
    {
      "type": "ADVISORY",
      "url": "https://nvd.nist.gov/vuln/detail/CVE-2024-39689"
    },
    {
      "type": "WEB",
      "url": "https://github.com/certifi/python-certifi/commit/bd8153872e9c6fc98f4023df9c2deaffea2fa463"
    },
    {
      "type": "PACKAGE",
      "url": "https://github.com/certifi/python-certifi"
    },
    {
      "type": "WEB",
      "url": "https://groups.google.com/a/mozilla.org/g/dev-security-policy/c/XpknYMPO8dI"
    }
  ],
  "affected": [
    {
      "package": {
        "name": "certifi",
        "ecosystem": "PyPI",
        "purl": "pkg:pypi/certifi"
      },
      "ranges": [
        {
          "type": "ECOSYSTEM",
          "events": [
            {
              "introduced": "2021.05.30"
            },
            {
              "fixed": "2024.07.04"
            }
          ]
        }
      ],
      "versions": [
        "2021.10.8",
        "2021.5.30",
        "2022.12.7",
        "2022.5.18",
        "2022.5.18.1",
        "2022.6.15",
        "2022.6.15.1",
        "2022.6.15.2",
        "2022.9.14",
        "2022.9.24",
        "2023.11.17",
        "2023.5.7",
        "2023.7.22",
        "2024.2.2",
        "2024.6.2"
      ],
      "database_specific": {
        "source": "https://github.com/github/advisory-database/blob/main/advisories/github-reviewed/2024/07/GHSA-248v-346w-9cwc/GHSA-248v-346w-9cwc.json"
      }
    }
  ],
  "schema_version": "1.6.0"
}