{
  "id": "GHSA-28mg-98xm-q493",
  "summary": "Open Redirect in archivy",
  "details": "archivy prior to version 1.7.1 is vulnerable to open redirect.",
  "aliases": [
    "CVE-2022-0697",
    "PYSEC-2022-161"
  ],
  "modified": "2024-09-12T20:52:23.090513Z",
  "published": "2022-03-08T00:00:32Z",
  "database_specific": {
    "nvd_published_at": null,
    "cwe_ids": [
      "CWE-601"
    ],
    "severity": "MODERATE",
    "github_reviewed": true,
    "github_reviewed_at": "2022-03-08T17:48:14Z"
  },
  "references": [
    {
      "type": "ADVISORY",
      "url": "https://nvd.nist.gov/vuln/detail/CVE-2022-0697"
    },
    {
      "type": "WEB",
      "url": "https://github.com/archivy/archivy/commit/2d8cb29853190d42572b36deb61127e68d6be574"
    },
    {
      "type": "ADVISORY",
      "url": "https://github.com/advisories/GHSA-28mg-98xm-q493"
    },
    {
      "type": "PACKAGE",
      "url": "https://github.com/archivy/archivy"
    },
    {
      "type": "WEB",
      "url": "https://github.com/archivy/archivy/releases/tag/v1.7.1"
    },
    {
      "type": "WEB",
      "url": "https://github.com/pypa/advisory-database/tree/main/vulns/archivy/PYSEC-2022-161.yaml"
    },
    {
      "type": "WEB",
      "url": "https://huntr.dev/bounties/2d0301a2-10ff-48f4-a346-5a0e8707835b"
    }
  ],
  "affected": [
    {
      "package": {
        "name": "archivy",
        "ecosystem": "PyPI",
        "purl": "pkg:pypi/archivy"
      },
      "ranges": [
        {
          "type": "ECOSYSTEM",
          "events": [
            {
              "introduced": "0"
            },
            {
              "fixed": "1.7.1"
            }
          ]
        }
      ],
      "versions": [
        "0.0.1",
        "0.0.2",
        "0.0.3",
        "0.0.4",
        "0.0.5",
        "0.0.6",
        "0.0.7",
        "0.0.8",
        "0.1.0",
        "0.10.0",
        "0.10.1",
        "0.11.0",
        "0.11.1",
        "0.2.0",
        "0.3.0",
        "0.4.0",
        "0.4.1",
        "0.5.0",
        "0.6.0",
        "0.6.1",
        "0.6.2",
        "0.7.0",
        "0.7.1",
        "0.7.2",
        "0.7.3",
        "0.8.0",
        "0.8.1",
        "0.8.2",
        "0.8.3",
        "0.8.4",
        "0.8.5",
        "0.9.0",
        "0.9.1",
        "0.9.2",
        "0.9.3",
        "1.0.0",
        "1.0.0rc2",
        "1.0.1",
        "1.0.2",
        "1.1.0",
        "1.1.1",
        "1.1.2",
        "1.1.3",
        "1.1.3rc1",
        "1.1.4",
        "1.2.0",
        "1.3.0",
        "1.3.1",
        "1.4.0",
        "1.5.0",
        "1.6.0",
        "1.6.0rc1",
        "1.6.0rc3",
        "1.6.1",
        "1.6.2",
        "1.6rc2",
        "1.7.0"
      ],
      "database_specific": {
        "source": "https://github.com/github/advisory-database/blob/main/advisories/github-reviewed/2022/03/GHSA-28mg-98xm-q493/GHSA-28mg-98xm-q493.json"
      }
    }
  ],
  "schema_version": "1.6.0",
  "severity": [
    {
      "type": "CVSS_V3",
      "score": "CVSS:3.1/AV:N/AC:L/PR:N/UI:R/S:C/C:L/I:L/A:N"
    },
    {
      "type": "CVSS_V4",
      "score": "CVSS:4.0/AV:N/AC:L/AT:N/PR:N/UI:P/VC:N/VI:N/VA:N/SC:L/SI:L/SA:N"
    }
  ]
}