{
  "id": "GHSA-4q2w-rw7m-xqw6",
  "summary": "Sony Neural Network Libraries reliance on untrusted inputs prior to v1.0.10",
  "details": "nbla/logger.cpp in libnnabla.a in Sony Neural Network Libraries (aka nnabla) prior to v1.0.10 relies on the HOME environment variable, which might be untrusted.",
  "aliases": [
    "CVE-2019-10844",
    "PYSEC-2019-107"
  ],
  "modified": "2023-11-08T04:00:58.275178Z",
  "published": "2022-05-13T01:07:57Z",
  "database_specific": {
    "nvd_published_at": "2019-04-04T05:29:00Z",
    "github_reviewed_at": "2022-07-28T22:05:41Z",
    "severity": "CRITICAL",
    "github_reviewed": true,
    "cwe_ids": [
      "CWE-807"
    ]
  },
  "references": [
    {
      "type": "ADVISORY",
      "url": "https://nvd.nist.gov/vuln/detail/CVE-2019-10844"
    },
    {
      "type": "WEB",
      "url": "https://github.com/sony/nnabla/issues/209"
    },
    {
      "type": "WEB",
      "url": "https://github.com/sony/nnabla/pull/299"
    },
    {
      "type": "WEB",
      "url": "https://github.com/sony/nnabla/commit/e87347648ab7210529a0e60f0849680de8e9b63a"
    },
    {
      "type": "ADVISORY",
      "url": "https://github.com/advisories/GHSA-4q2w-rw7m-xqw6"
    },
    {
      "type": "WEB",
      "url": "https://github.com/pypa/advisory-database/tree/main/vulns/nnabla/PYSEC-2019-107.yaml"
    },
    {
      "type": "PACKAGE",
      "url": "https://github.com/sony/nnabla"
    },
    {
      "type": "WEB",
      "url": "https://github.com/sony/nnabla/releases/tag/v1.0.10"
    }
  ],
  "affected": [
    {
      "package": {
        "name": "nnabla",
        "ecosystem": "PyPI",
        "purl": "pkg:pypi/nnabla"
      },
      "ranges": [
        {
          "type": "ECOSYSTEM",
          "events": [
            {
              "introduced": "0"
            },
            {
              "fixed": "1.0.10"
            }
          ]
        }
      ],
      "database_specific": {
        "source": "https://github.com/github/advisory-database/blob/main/advisories/github-reviewed/2022/05/GHSA-4q2w-rw7m-xqw6/GHSA-4q2w-rw7m-xqw6.json"
      },
      "versions": []
    }
  ],
  "schema_version": "1.6.0",
  "severity": [
    {
      "type": "CVSS_V3",
      "score": "CVSS:3.0/AV:N/AC:L/PR:N/UI:N/S:U/C:H/I:H/A:H"
    }
  ]
}