{
  "id": "GHSA-4rrv-8gcp-24v8",
  "summary": "PaddlePaddle stack overflow in paddle.searchsorted",
  "details": "Stack overflow in paddle.searchsorted\u00a0in PaddlePaddle before 2.6.0. This flaw can lead to a denial of service, or even more damage.\n\n\n\n",
  "aliases": [
    "CVE-2023-52304"
  ],
  "modified": "2024-02-16T08:21:24.365627Z",
  "published": "2024-01-03T09:30:33Z",
  "database_specific": {
    "nvd_published_at": "2024-01-03T09:15:09Z",
    "cwe_ids": [
      "CWE-120",
      "CWE-787"
    ],
    "severity": "HIGH",
    "github_reviewed": true,
    "github_reviewed_at": "2024-01-03T19:40:54Z"
  },
  "references": [
    {
      "type": "ADVISORY",
      "url": "https://nvd.nist.gov/vuln/detail/CVE-2023-52304"
    },
    {
      "type": "WEB",
      "url": "https://github.com/PaddlePaddle/Paddle/commit/19da5c0c4d8c5e4dfef2a92e24141c3f51884dcc"
    },
    {
      "type": "PACKAGE",
      "url": "https://github.com/PaddlePaddle/Paddle"
    },
    {
      "type": "WEB",
      "url": "https://github.com/PaddlePaddle/Paddle/blob/develop/security/advisory/pdsa-2023-013.md"
    }
  ],
  "affected": [
    {
      "package": {
        "name": "paddlepaddle",
        "ecosystem": "PyPI",
        "purl": "pkg:pypi/paddlepaddle"
      },
      "ranges": [
        {
          "type": "ECOSYSTEM",
          "events": [
            {
              "introduced": "0"
            },
            {
              "fixed": "2.6.0"
            }
          ]
        }
      ],
      "versions": [
        "1.8.5",
        "2.1.0",
        "2.1.1",
        "2.1.2",
        "2.1.3",
        "2.2.0",
        "2.2.0rc0",
        "2.2.1",
        "2.2.2",
        "2.3.0",
        "2.3.0rc0",
        "2.3.1",
        "2.3.2",
        "2.4.0",
        "2.4.0rc0",
        "2.4.1",
        "2.4.2",
        "2.5.0",
        "2.5.0rc0",
        "2.5.0rc1",
        "2.5.1",
        "2.5.2"
      ],
      "database_specific": {
        "source": "https://github.com/github/advisory-database/blob/main/advisories/github-reviewed/2024/01/GHSA-4rrv-8gcp-24v8/GHSA-4rrv-8gcp-24v8.json"
      }
    }
  ],
  "schema_version": "1.6.0",
  "severity": [
    {
      "type": "CVSS_V3",
      "score": "CVSS:3.1/AV:N/AC:L/PR:N/UI:R/S:C/C:N/I:H/A:L"
    }
  ]
}