{
  "id": "GHSA-392c-vjfv-h7wr",
  "summary": "Duplicate Advisory: Apache Superset - Elevation of Privilege",
  "details": "### Duplicate Advisory\nThis advisory has been withdrawn because it is a duplicate of GHSA-f678-j579-4xf5. This link is maintained to preserve external references.\n\n### Original Description\n\nImproper authorization check and possible privilege escalation on Apache Superset\u00a0up to but excluding 2.1.2. Using the default examples database connection that allows access to both the examples schema and Apache Superset's metadata database, an attacker using a specially crafted CTE SQL statement could change data on the metadata database. This weakness could result on tampering with the authentication/authorization data.\n\n",
  "modified": "2024-02-16T08:09:57.843254Z",
  "published": "2023-11-27T12:30:55Z",
  "withdrawn": "2024-01-10T19:16:30Z",
  "database_specific": {
    "nvd_published_at": "2023-11-27T11:15:07Z",
    "cwe_ids": [
      "CWE-863"
    ],
    "severity": "MODERATE",
    "github_reviewed": true,
    "github_reviewed_at": "2023-11-28T18:57:14Z"
  },
  "references": [
    {
      "type": "WEB",
      "url": "https://github.com/orangecertcc/security-research/security/advisories/GHSA-f678-j579-4xf5"
    },
    {
      "type": "ADVISORY",
      "url": "https://nvd.nist.gov/vuln/detail/CVE-2023-40610"
    },
    {
      "type": "PACKAGE",
      "url": "https://github.com/apache/superset"
    },
    {
      "type": "WEB",
      "url": "https://lists.apache.org/thread/jvgxpk4dbxyqtsgtl4pdgbd520rc0rot"
    },
    {
      "type": "WEB",
      "url": "http://www.openwall.com/lists/oss-security/2023/11/27/2"
    }
  ],
  "affected": [
    {
      "package": {
        "name": "apache-superset",
        "ecosystem": "PyPI",
        "purl": "pkg:pypi/apache-superset"
      },
      "ranges": [
        {
          "type": "ECOSYSTEM",
          "events": [
            {
              "introduced": "0"
            },
            {
              "fixed": "2.1.2"
            }
          ]
        }
      ],
      "versions": [
        "0.34.0",
        "0.34.1",
        "0.35.1",
        "0.35.2",
        "0.36.0",
        "0.37.0",
        "0.37.1",
        "0.37.2",
        "0.38.0",
        "0.38.1",
        "1.0.0",
        "1.0.1",
        "1.1.0",
        "1.2.0",
        "1.3.0",
        "1.3.1",
        "1.3.2",
        "1.4.0",
        "1.4.1",
        "1.4.2",
        "1.5.0",
        "1.5.1",
        "1.5.2",
        "1.5.3",
        "2.0.0",
        "2.0.1",
        "2.1.0",
        "2.1.1",
        "2.1.1rc1",
        "2.1.1rc2",
        "2.1.1rc3"
      ],
      "database_specific": {
        "source": "https://github.com/github/advisory-database/blob/main/advisories/github-reviewed/2023/11/GHSA-392c-vjfv-h7wr/GHSA-392c-vjfv-h7wr.json"
      }
    }
  ],
  "schema_version": "1.6.0",
  "severity": [
    {
      "type": "CVSS_V3",
      "score": "CVSS:3.1/AV:N/AC:H/PR:L/UI:N/S:C/C:N/I:H/A:N"
    }
  ]
}