{
  "id": "GHSA-47vp-44v9-rhgq",
  "summary": "OpenStack Horizon Cross-site Scripting (XSS)",
  "details": "OpenStack Horizon 9.x through 9.1.1, 10.x through 10.0.2, and 11.0.0 allows remote authenticated administrators to conduct XSS attacks via a crafted federation mapping.",
  "aliases": [
    "CVE-2017-7400"
  ],
  "modified": "2024-05-19T02:24:41.618928Z",
  "published": "2022-05-14T03:53:47Z",
  "database_specific": {
    "nvd_published_at": "2017-04-03T14:59:00Z",
    "cwe_ids": [
      "CWE-79"
    ],
    "severity": "MODERATE",
    "github_reviewed": true,
    "github_reviewed_at": "2024-05-14T21:28:08Z"
  },
  "references": [
    {
      "type": "ADVISORY",
      "url": "https://nvd.nist.gov/vuln/detail/CVE-2017-7400"
    },
    {
      "type": "WEB",
      "url": "https://access.redhat.com/errata/RHSA-2017:1598"
    },
    {
      "type": "WEB",
      "url": "https://access.redhat.com/errata/RHSA-2017:1739"
    },
    {
      "type": "WEB",
      "url": "https://launchpad.net/bugs/1667086"
    },
    {
      "type": "WEB",
      "url": "https://opendev.org/openstack/horizon/commit/1407cfe53144146b29679de21f28c952282043ae"
    },
    {
      "type": "WEB",
      "url": "https://opendev.org/openstack/horizon/commit/511b325b45b6bd7a88bb6df1a4639b80d0121277"
    },
    {
      "type": "WEB",
      "url": "https://opendev.org/openstack/horizon/commit/a835dbfbaa2c70329c08d4b8429d49315dc6d651"
    },
    {
      "type": "WEB",
      "url": "https://opendev.org/openstack/horizon/commit/ce80bb6fec3cb0262728e7ae8b9d695cf832e5bf"
    },
    {
      "type": "WEB",
      "url": "http://www.securityfocus.com/bid/97324"
    }
  ],
  "affected": [
    {
      "package": {
        "name": "horizon",
        "ecosystem": "PyPI",
        "purl": "pkg:pypi/horizon"
      },
      "ranges": [
        {
          "type": "ECOSYSTEM",
          "events": [
            {
              "introduced": "9.0"
            },
            {
              "fixed": "9.1.2"
            }
          ]
        }
      ],
      "database_specific": {
        "source": "https://github.com/github/advisory-database/blob/main/advisories/github-reviewed/2022/05/GHSA-47vp-44v9-rhgq/GHSA-47vp-44v9-rhgq.json"
      },
      "versions": []
    },
    {
      "package": {
        "name": "horizon",
        "ecosystem": "PyPI",
        "purl": "pkg:pypi/horizon"
      },
      "ranges": [
        {
          "type": "ECOSYSTEM",
          "events": [
            {
              "introduced": "10.0"
            },
            {
              "fixed": "10.0.3"
            }
          ]
        }
      ],
      "database_specific": {
        "source": "https://github.com/github/advisory-database/blob/main/advisories/github-reviewed/2022/05/GHSA-47vp-44v9-rhgq/GHSA-47vp-44v9-rhgq.json"
      },
      "versions": []
    },
    {
      "package": {
        "name": "horizon",
        "ecosystem": "PyPI",
        "purl": "pkg:pypi/horizon"
      },
      "ranges": [
        {
          "type": "ECOSYSTEM",
          "events": [
            {
              "introduced": "11.0.0"
            },
            {
              "fixed": "11.0.1"
            }
          ]
        }
      ],
      "database_specific": {
        "source": "https://github.com/github/advisory-database/blob/main/advisories/github-reviewed/2022/05/GHSA-47vp-44v9-rhgq/GHSA-47vp-44v9-rhgq.json"
      },
      "versions": []
    }
  ],
  "schema_version": "1.6.0",
  "severity": [
    {
      "type": "CVSS_V3",
      "score": "CVSS:3.0/AV:N/AC:L/PR:H/UI:R/S:C/C:L/I:L/A:N"
    }
  ]
}