{
  "id": "GHSA-2pqc-gv8q-pvqv",
  "summary": "django-cms CSRF Vulnerability",
  "details": "Cross-site request forgery (CSRF) vulnerability in django CMS before 3.0.14, 3.1.x before 3.1.1 allows remote attackers to manipulate privileged users into performing unknown actions.",
  "aliases": [
    "CVE-2015-5081",
    "PYSEC-2017-11"
  ],
  "modified": "2024-02-19T05:30:50.063770Z",
  "published": "2022-05-17T01:57:52Z",
  "database_specific": {
    "nvd_published_at": "2017-08-18T18:29:00Z",
    "cwe_ids": [
      "CWE-352"
    ],
    "severity": "HIGH",
    "github_reviewed": true,
    "github_reviewed_at": "2023-08-03T19:53:31Z"
  },
  "references": [
    {
      "type": "ADVISORY",
      "url": "https://nvd.nist.gov/vuln/detail/CVE-2015-5081"
    },
    {
      "type": "WEB",
      "url": "https://github.com/django-cms/django-cms/commit/f77cbc607d6e2a62e63287d37ad320109a2cc78a"
    },
    {
      "type": "WEB",
      "url": "https://www.django-cms.org/en/blog/2015/06/27/311-3014-release"
    },
    {
      "type": "WEB",
      "url": "http://www.openwall.com/lists/oss-security/2015/06/28/1"
    }
  ],
  "affected": [
    {
      "package": {
        "name": "django-cms",
        "ecosystem": "PyPI",
        "purl": "pkg:pypi/django-cms"
      },
      "ranges": [
        {
          "type": "ECOSYSTEM",
          "events": [
            {
              "introduced": "0"
            },
            {
              "fixed": "3.0.14"
            }
          ]
        }
      ],
      "versions": [
        "2.0.1",
        "2.0.2",
        "2.1.1",
        "2.1.2",
        "2.1.3",
        "2.1.4",
        "2.1.5",
        "2.2",
        "2.2.1",
        "2.3.1",
        "2.3.2",
        "2.3.3",
        "2.3.4",
        "2.3.5",
        "2.3.6",
        "2.3.7",
        "2.3.8",
        "2.4.0",
        "2.4.1",
        "2.4.2",
        "2.4.3",
        "3.0",
        "3.0.1",
        "3.0.10",
        "3.0.11",
        "3.0.12",
        "3.0.13",
        "3.0.2",
        "3.0.3",
        "3.0.4",
        "3.0.5",
        "3.0.6",
        "3.0.7",
        "3.0.8",
        "3.0.9"
      ],
      "database_specific": {
        "source": "https://github.com/github/advisory-database/blob/main/advisories/github-reviewed/2022/05/GHSA-2pqc-gv8q-pvqv/GHSA-2pqc-gv8q-pvqv.json"
      }
    },
    {
      "package": {
        "name": "django-cms",
        "ecosystem": "PyPI",
        "purl": "pkg:pypi/django-cms"
      },
      "ranges": [
        {
          "type": "ECOSYSTEM",
          "events": [
            {
              "introduced": "3.1.0"
            },
            {
              "fixed": "3.1.1"
            }
          ]
        }
      ],
      "versions": [
        "3.1.0"
      ],
      "database_specific": {
        "source": "https://github.com/github/advisory-database/blob/main/advisories/github-reviewed/2022/05/GHSA-2pqc-gv8q-pvqv/GHSA-2pqc-gv8q-pvqv.json"
      }
    }
  ],
  "schema_version": "1.6.0",
  "severity": [
    {
      "type": "CVSS_V3",
      "score": "CVSS:3.0/AV:N/AC:L/PR:N/UI:R/S:U/C:H/I:H/A:H"
    }
  ]
}