{
  "id": "GHSA-3cwm-7jmm-774w",
  "summary": "Deserialization of Untrusted Data in Beaker",
  "details": "The Beaker library through 1.11.0 for Python is affected by deserialization of untrusted data, which could lead to arbitrary code execution.",
  "aliases": [
    "CVE-2013-7489",
    "PYSEC-2020-216"
  ],
  "modified": "2023-11-08T03:57:29.728434Z",
  "published": "2022-05-05T00:29:41Z",
  "database_specific": {
    "nvd_published_at": "2020-06-26T20:15:00Z",
    "github_reviewed_at": "2022-07-07T23:11:39Z",
    "severity": "MODERATE",
    "github_reviewed": true,
    "cwe_ids": [
      "CWE-502"
    ]
  },
  "references": [
    {
      "type": "ADVISORY",
      "url": "https://nvd.nist.gov/vuln/detail/CVE-2013-7489"
    },
    {
      "type": "WEB",
      "url": "https://github.com/bbangert/beaker/issues/191"
    },
    {
      "type": "WEB",
      "url": "https://bugzilla.redhat.com/show_bug.cgi?id=1850105"
    },
    {
      "type": "ADVISORY",
      "url": "https://github.com/advisories/GHSA-3cwm-7jmm-774w"
    },
    {
      "type": "PACKAGE",
      "url": "https://github.com/bbangert/beaker"
    },
    {
      "type": "WEB",
      "url": "https://github.com/pypa/advisory-database/tree/main/vulns/beaker/PYSEC-2020-216.yaml"
    },
    {
      "type": "WEB",
      "url": "https://www.openwall.com/lists/oss-security/2020/05/14/11"
    }
  ],
  "affected": [
    {
      "package": {
        "name": "beaker",
        "ecosystem": "PyPI",
        "purl": "pkg:pypi/beaker"
      },
      "ranges": [
        {
          "type": "ECOSYSTEM",
          "events": [
            {
              "introduced": "0"
            },
            {
              "last_affected": "1.11.0"
            }
          ]
        }
      ],
      "versions": [
        "0.5",
        "0.6",
        "0.6.1",
        "0.6.2",
        "0.6.3",
        "0.7",
        "0.7.1",
        "0.7.2",
        "0.7.3",
        "0.7.4",
        "0.7.5",
        "0.8",
        "0.8.1",
        "0.9",
        "0.9.1",
        "0.9.2",
        "0.9.3",
        "0.9.4",
        "0.9.5",
        "1.0",
        "1.0.1",
        "1.0.2",
        "1.0.3",
        "1.1",
        "1.1.1",
        "1.1.2",
        "1.1.3",
        "1.10.0",
        "1.10.1",
        "1.11.0",
        "1.2",
        "1.2.1",
        "1.2.2",
        "1.2.3",
        "1.3",
        "1.3.1",
        "1.3.1dev",
        "1.4",
        "1.4.1",
        "1.4.2",
        "1.4.3",
        "1.5",
        "1.5.1",
        "1.5.2",
        "1.5.3",
        "1.5.4",
        "1.6",
        "1.6.1",
        "1.6.2",
        "1.6.3",
        "1.6.4",
        "1.6.5",
        "1.6.5.post1",
        "1.7.0",
        "1.7.0dev",
        "1.8.0",
        "1.8.1",
        "1.9.0",
        "1.9.1"
      ],
      "database_specific": {
        "source": "https://github.com/github/advisory-database/blob/main/advisories/github-reviewed/2022/05/GHSA-3cwm-7jmm-774w/GHSA-3cwm-7jmm-774w.json"
      }
    }
  ],
  "schema_version": "1.6.0"
}