{
  "id": "GHSA-554w-xh4j-8w64",
  "summary": "Path traversal in MLflow",
  "details": "Path Traversal: '\\..\\filename' in GitHub repository mlflow/mlflow prior to 2.9.2.",
  "aliases": [
    "BIT-mlflow-2023-6831",
    "CVE-2023-6831",
    "PYSEC-2023-253"
  ],
  "modified": "2024-02-16T08:16:33.638397Z",
  "published": "2023-12-15T03:30:18Z",
  "database_specific": {
    "nvd_published_at": "2023-12-15T01:15:08Z",
    "cwe_ids": [
      "CWE-22",
      "CWE-29"
    ],
    "severity": "CRITICAL",
    "github_reviewed": true,
    "github_reviewed_at": "2023-12-15T23:01:09Z"
  },
  "references": [
    {
      "type": "ADVISORY",
      "url": "https://nvd.nist.gov/vuln/detail/CVE-2023-6831"
    },
    {
      "type": "WEB",
      "url": "https://github.com/mlflow/mlflow/commit/1da75dfcecd4d169e34809ade55748384e8af6c1"
    },
    {
      "type": "PACKAGE",
      "url": "https://github.com/mlflow/mlflow"
    },
    {
      "type": "WEB",
      "url": "https://github.com/pypa/advisory-database/tree/main/vulns/mlflow/PYSEC-2023-253.yaml"
    },
    {
      "type": "WEB",
      "url": "https://huntr.com/bounties/0acdd745-0167-4912-9d5c-02035fe5b314"
    }
  ],
  "affected": [
    {
      "package": {
        "name": "mlflow",
        "ecosystem": "PyPI",
        "purl": "pkg:pypi/mlflow"
      },
      "ranges": [
        {
          "type": "ECOSYSTEM",
          "events": [
            {
              "introduced": "0"
            },
            {
              "fixed": "2.9.2"
            }
          ]
        }
      ],
      "versions": [
        "0.0.1",
        "0.1.0",
        "0.2.0",
        "0.2.1",
        "0.3.0",
        "0.4.0",
        "0.4.1",
        "0.4.2",
        "0.5.0",
        "0.5.1",
        "0.5.2",
        "0.6.0",
        "0.7.0",
        "0.8.0",
        "0.8.1",
        "0.8.2",
        "0.9.0",
        "0.9.0.1",
        "0.9.1",
        "1.0.0",
        "1.1.0",
        "1.1.1.dev0",
        "1.10.0",
        "1.11.0",
        "1.12.0",
        "1.12.1",
        "1.13",
        "1.13.1",
        "1.14.0",
        "1.14.1",
        "1.15.0",
        "1.16.0",
        "1.17.0",
        "1.18.0",
        "1.19.0",
        "1.2.0",
        "1.20.0",
        "1.20.1",
        "1.20.2",
        "1.21.0",
        "1.22.0",
        "1.23.0",
        "1.23.1",
        "1.24.0",
        "1.25.0",
        "1.25.1",
        "1.26.0",
        "1.26.1",
        "1.27.0",
        "1.28.0",
        "1.29.0",
        "1.3.0",
        "1.30.0",
        "1.30.1",
        "1.4.0",
        "1.5.0",
        "1.6.0",
        "1.7.0",
        "1.7.1",
        "1.7.2",
        "1.8.0",
        "1.9.0",
        "1.9.1",
        "2.0.0",
        "2.0.0rc0",
        "2.0.1",
        "2.1.0",
        "2.1.1",
        "2.2.0",
        "2.2.1",
        "2.2.2",
        "2.3.0",
        "2.3.1",
        "2.3.2",
        "2.4.0",
        "2.4.1",
        "2.4.2",
        "2.5.0",
        "2.6.0",
        "2.7.0",
        "2.7.1",
        "2.8.0",
        "2.8.1",
        "2.9.0",
        "2.9.1"
      ],
      "database_specific": {
        "source": "https://github.com/github/advisory-database/blob/main/advisories/github-reviewed/2023/12/GHSA-554w-xh4j-8w64/GHSA-554w-xh4j-8w64.json"
      }
    }
  ],
  "schema_version": "1.6.0",
  "severity": [
    {
      "type": "CVSS_V3",
      "score": "CVSS:3.0/AV:N/AC:L/PR:N/UI:N/S:C/C:N/I:H/A:H"
    }
  ]
}