{
  "id": "GHSA-3c5x-4hvx-qrrr",
  "summary": "Graphite Web Cross-site Scripting vulnerability",
  "details": "A vulnerability has been found in Graphite Web and classified as problematic. This vulnerability affects unknown code of the component Cookie Handler. The manipulation leads to cross site scripting. The attack can be initiated remotely. The exploit has been disclosed to the public and may be used. The name of the patch is 2f178f490e10efc03cd1d27c72f64ecab224eb23. It is recommended to apply a patch to fix this issue. VDB-216742 is the identifier assigned to this vulnerability.",
  "aliases": [
    "CVE-2022-4728"
  ],
  "modified": "2023-11-08T04:10:59.739016Z",
  "published": "2022-12-27T15:30:19Z",
  "database_specific": {
    "nvd_published_at": "2022-12-27T15:15:00Z",
    "github_reviewed_at": "2022-12-30T17:57:48Z",
    "severity": "MODERATE",
    "github_reviewed": true,
    "cwe_ids": [
      "CWE-79"
    ]
  },
  "references": [
    {
      "type": "ADVISORY",
      "url": "https://nvd.nist.gov/vuln/detail/CVE-2022-4728"
    },
    {
      "type": "WEB",
      "url": "https://github.com/graphite-project/graphite-web/issues/2744"
    },
    {
      "type": "WEB",
      "url": "https://github.com/graphite-project/graphite-web/pull/2785"
    },
    {
      "type": "WEB",
      "url": "https://github.com/graphite-project/graphite-web/commit/2f178f490e10efc03cd1d27c72f64ecab224eb23"
    },
    {
      "type": "PACKAGE",
      "url": "https://github.com/graphite-project/graphite-web"
    },
    {
      "type": "WEB",
      "url": "https://vuldb.com/?id.216742"
    }
  ],
  "affected": [
    {
      "package": {
        "name": "graphite-web",
        "ecosystem": "PyPI",
        "purl": "pkg:pypi/graphite-web"
      },
      "ranges": [
        {
          "type": "ECOSYSTEM",
          "events": [
            {
              "introduced": "0"
            },
            {
              "last_affected": "1.1.10"
            }
          ]
        }
      ],
      "versions": [
        "0.9.10",
        "0.9.11",
        "0.9.12",
        "0.9.13",
        "0.9.14",
        "0.9.15",
        "0.9.16",
        "0.9.5",
        "0.9.6",
        "0.9.7",
        "0.9.7b",
        "0.9.7c",
        "0.9.8",
        "0.9.9",
        "1.0.0",
        "1.0.1",
        "1.0.2",
        "1.1.0",
        "1.1.1",
        "1.1.10",
        "1.1.2",
        "1.1.3",
        "1.1.4",
        "1.1.5",
        "1.1.6",
        "1.1.7",
        "1.1.8"
      ],
      "database_specific": {
        "source": "https://github.com/github/advisory-database/blob/main/advisories/github-reviewed/2022/12/GHSA-3c5x-4hvx-qrrr/GHSA-3c5x-4hvx-qrrr.json"
      }
    }
  ],
  "schema_version": "1.6.0",
  "severity": [
    {
      "type": "CVSS_V3",
      "score": "CVSS:3.1/AV:N/AC:L/PR:L/UI:R/S:C/C:L/I:L/A:N"
    }
  ]
}