{
  "id": "GHSA-2p5h-hpj4-fxgg",
  "summary": "LIEF contains a segmentation violation",
  "details": "LIEF commit 365a16a was discovered to contain a segmentation violation via the component `CoreFile.tcc:69`. A patch is available at commit ca938740264f1fcb18f91cba8e4039c518ecb75b.",
  "aliases": [
    "CVE-2022-38497",
    "PYSEC-2022-277"
  ],
  "modified": "2024-02-16T08:22:16.973755Z",
  "published": "2022-09-14T00:00:42Z",
  "database_specific": {
    "nvd_published_at": "2022-09-13T21:15:00Z",
    "cwe_ids": [
      "CWE-476"
    ],
    "severity": "MODERATE",
    "github_reviewed": true,
    "github_reviewed_at": "2022-09-20T22:05:34Z"
  },
  "references": [
    {
      "type": "ADVISORY",
      "url": "https://nvd.nist.gov/vuln/detail/CVE-2022-38497"
    },
    {
      "type": "WEB",
      "url": "https://github.com/lief-project/LIEF/issues/766"
    },
    {
      "type": "WEB",
      "url": "https://github.com/lief-project/LIEF/commit/ca938740264f1fcb18f91cba8e4039c518ecb75b"
    },
    {
      "type": "PACKAGE",
      "url": "https://github.com/lief-project/LIEF"
    },
    {
      "type": "WEB",
      "url": "https://github.com/pypa/advisory-database/tree/main/vulns/lief/PYSEC-2022-277.yaml"
    }
  ],
  "affected": [
    {
      "package": {
        "name": "lief",
        "ecosystem": "PyPI",
        "purl": "pkg:pypi/lief"
      },
      "ranges": [
        {
          "type": "ECOSYSTEM",
          "events": [
            {
              "introduced": "0"
            },
            {
              "last_affected": "0.12.1"
            }
          ]
        }
      ],
      "versions": [
        "0.10.0",
        "0.10.1",
        "0.11.0",
        "0.11.1",
        "0.11.2",
        "0.11.3",
        "0.11.4",
        "0.11.5",
        "0.12.0",
        "0.12.1",
        "0.8.0",
        "0.8.1",
        "0.8.2",
        "0.8.3",
        "0.9.0"
      ],
      "database_specific": {
        "source": "https://github.com/github/advisory-database/blob/main/advisories/github-reviewed/2022/09/GHSA-2p5h-hpj4-fxgg/GHSA-2p5h-hpj4-fxgg.json"
      }
    }
  ],
  "schema_version": "1.6.0",
  "severity": [
    {
      "type": "CVSS_V3",
      "score": "CVSS:3.1/AV:L/AC:L/PR:N/UI:R/S:U/C:N/I:N/A:H"
    }
  ]
}