{
  "id": "GHSA-39vm-p9mr-4r27",
  "summary": "Beaker Sensitive Information Disclosure vulnerability",
  "details": "Beaker before 1.6.4, when using PyCrypto to encrypt sessions, uses AES in ECB cipher mode, which might allow remote attackers to obtain portions of sensitive session data via unspecified vectors.",
  "aliases": [
    "CVE-2012-3458",
    "PYSEC-2012-1"
  ],
  "modified": "2024-09-12T21:21:18.708083Z",
  "published": "2022-05-17T05:22:19Z",
  "database_specific": {
    "nvd_published_at": "2012-09-15T17:55:00Z",
    "cwe_ids": [
      "CWE-326"
    ],
    "severity": "MODERATE",
    "github_reviewed": true,
    "github_reviewed_at": "2024-05-01T10:58:46Z"
  },
  "references": [
    {
      "type": "ADVISORY",
      "url": "https://nvd.nist.gov/vuln/detail/CVE-2012-3458"
    },
    {
      "type": "WEB",
      "url": "https://github.com/bbangert/beaker/commit/91becae76101cf87ce8cbfabe3af2622fc328fe5"
    },
    {
      "type": "WEB",
      "url": "https://bugzilla.redhat.com/show_bug.cgi?id=809267"
    },
    {
      "type": "PACKAGE",
      "url": "https://github.com/bbangert/beaker"
    },
    {
      "type": "WEB",
      "url": "https://github.com/pypa/advisory-database/tree/main/vulns/beaker/PYSEC-2012-1.yaml"
    },
    {
      "type": "WEB",
      "url": "https://web.archive.org/web/20140724164516/http://secunia.com/advisories/50226"
    },
    {
      "type": "WEB",
      "url": "https://web.archive.org/web/20140725025612/http://secunia.com/advisories/50520"
    },
    {
      "type": "WEB",
      "url": "http://www.debian.org/security/2012/dsa-2541"
    },
    {
      "type": "WEB",
      "url": "http://www.openwall.com/lists/oss-security/2012/08/13/10"
    }
  ],
  "affected": [
    {
      "package": {
        "name": "beaker",
        "ecosystem": "PyPI",
        "purl": "pkg:pypi/beaker"
      },
      "ranges": [
        {
          "type": "ECOSYSTEM",
          "events": [
            {
              "introduced": "0"
            },
            {
              "fixed": "1.6.4"
            }
          ]
        }
      ],
      "versions": [
        "0.5",
        "0.6",
        "0.6.1",
        "0.6.2",
        "0.6.3",
        "0.7",
        "0.7.1",
        "0.7.2",
        "0.7.3",
        "0.7.4",
        "0.7.5",
        "0.8",
        "0.8.1",
        "0.9",
        "0.9.1",
        "0.9.2",
        "0.9.3",
        "0.9.4",
        "0.9.5",
        "1.0",
        "1.0.1",
        "1.0.2",
        "1.0.3",
        "1.1",
        "1.1.1",
        "1.1.2",
        "1.1.3",
        "1.2",
        "1.2.1",
        "1.2.2",
        "1.2.3",
        "1.3",
        "1.3.1",
        "1.3.1dev",
        "1.4",
        "1.4.1",
        "1.4.2",
        "1.4.3",
        "1.5",
        "1.5.1",
        "1.5.2",
        "1.5.3",
        "1.5.4",
        "1.6",
        "1.6.1",
        "1.6.2",
        "1.6.3"
      ],
      "database_specific": {
        "source": "https://github.com/github/advisory-database/blob/main/advisories/github-reviewed/2022/05/GHSA-39vm-p9mr-4r27/GHSA-39vm-p9mr-4r27.json"
      }
    }
  ],
  "schema_version": "1.6.0",
  "severity": [
    {
      "type": "CVSS_V3",
      "score": "CVSS:3.1/AV:N/AC:L/PR:N/UI:N/S:U/C:L/I:N/A:N"
    },
    {
      "type": "CVSS_V4",
      "score": "CVSS:4.0/AV:N/AC:L/AT:N/PR:N/UI:N/VC:L/VI:N/VA:N/SC:N/SI:N/SA:N"
    }
  ]
}