{
  "id": "GHSA-36gx-9q6h-g429",
  "summary": "vantage6 vulnerable to Observable Response Discrepancy",
  "details": "### Impact\nWe are incorporating the password policies listed in https://github.com/vantage6/vantage6/issues/59. One measure is that we don't let the user know in case of wrong username/password combination if the username actually exists, to prevent that bots can guess usernames. However, if a wrong password is entered a number of times, the user account is blocked temporarily. This way you could still find out which usernames exist.\n\n### Patches\nUpdate to 3.8.0+\n\n### Workarounds\nNo\n\n### References\nhttps://github.com/vantage6/vantage6/issues/59\n\n### For more information\nIf you have any questions or comments about this advisory:\n* Email us at [vantage6@iknl.nl](mailto:vantage6@iknl.nl)\n",
  "aliases": [
    "CVE-2022-39228",
    "PYSEC-2023-52"
  ],
  "modified": "2023-11-08T04:10:15.774659Z",
  "published": "2023-02-28T23:18:37Z",
  "database_specific": {
    "nvd_published_at": "2023-03-01T17:15:00Z",
    "github_reviewed_at": "2023-02-28T23:18:37Z",
    "severity": "MODERATE",
    "github_reviewed": true,
    "cwe_ids": [
      "CWE-203",
      "CWE-204"
    ]
  },
  "references": [
    {
      "type": "WEB",
      "url": "https://github.com/vantage6/vantage6/security/advisories/GHSA-36gx-9q6h-g429"
    },
    {
      "type": "ADVISORY",
      "url": "https://nvd.nist.gov/vuln/detail/CVE-2022-39228"
    },
    {
      "type": "WEB",
      "url": "https://github.com/vantage6/vantage6/issues/59"
    },
    {
      "type": "WEB",
      "url": "https://github.com/vantage6/vantage6/pull/281"
    },
    {
      "type": "WEB",
      "url": "https://github.com/vantage6/vantage6/commit/ab4381c35d24add06f75d5a8a284321f7a340bd2"
    },
    {
      "type": "PACKAGE",
      "url": "https://github.com/vantage6/vantage6"
    }
  ],
  "affected": [
    {
      "package": {
        "name": "vantage6",
        "ecosystem": "PyPI",
        "purl": "pkg:pypi/vantage6"
      },
      "ranges": [
        {
          "type": "ECOSYSTEM",
          "events": [
            {
              "introduced": "0"
            },
            {
              "fixed": "3.8.0"
            }
          ]
        }
      ],
      "versions": [
        "0.0.0",
        "0.0.0b0",
        "0.0.0b1",
        "0.0.0b3",
        "1.0.0",
        "1.0.0a1",
        "1.0.0a2",
        "1.0.0b10",
        "1.0.0b11",
        "1.0.0b12",
        "1.0.0b13",
        "1.0.0b14",
        "1.0.0b2",
        "1.0.0b3",
        "1.0.0b4",
        "1.0.0b5",
        "1.0.0b6",
        "1.0.0b7",
        "1.0.0b8",
        "1.0.0b9",
        "1.1.0",
        "1.1.0rc1",
        "1.1.0rc2",
        "1.2.0",
        "1.2.1",
        "1.2.2",
        "1.2.3",
        "1.2.3.post2",
        "2.0.0",
        "2.0.0.post1",
        "2.0.0a1",
        "2.0.0a2",
        "2.0.0a3",
        "2.0.1rc1",
        "2.0.1rc2",
        "2.1.0",
        "2.1.0rc1",
        "2.1.1",
        "2.2.0",
        "2.2.0b1",
        "2.2.0b2",
        "2.2.0b3",
        "2.2.0b4",
        "2.2.1",
        "2.2.10",
        "2.2.11",
        "2.2.12",
        "2.2.2",
        "2.2.3",
        "2.2.4",
        "2.2.5",
        "2.2.6",
        "2.2.7",
        "2.2.8",
        "2.2.9",
        "2.3.0",
        "2.3.0rc1",
        "2.3.0rc2",
        "2.3.0rc3",
        "2.3.0rc4",
        "2.3.0rc5",
        "2.3.1",
        "2.3.2",
        "2.3.2rc1",
        "2.3.3",
        "2.3.4",
        "2.3.5",
        "2.3.5b1",
        "3.0.0",
        "3.0.0b1",
        "3.0.0b2",
        "3.0.0b3",
        "3.0.0b4",
        "3.0.0b5",
        "3.0.0b6",
        "3.0.0b7",
        "3.0.0b8",
        "3.0.0rc1",
        "3.0.1",
        "3.0.2",
        "3.0.3",
        "3.0.4",
        "3.1.0",
        "3.1.0rc1",
        "3.1.0rc5",
        "3.1.0rc6",
        "3.1.0rc7",
        "3.1.0rc8",
        "3.1.0rc9",
        "3.1.1rc1",
        "3.1.1rc2",
        "3.2.0",
        "3.2.0rc1",
        "3.2.0rc2",
        "3.2.0rc3",
        "3.2.0rc4",
        "3.2.0rc5",
        "3.3.0",
        "3.3.0a0",
        "3.3.0rc1",
        "3.3.0rc2",
        "3.3.0rc3",
        "3.3.0rc4",
        "3.3.1",
        "3.3.2",
        "3.3.3",
        "3.3.4",
        "3.3.5",
        "3.3.6",
        "3.3.7",
        "3.3.7a2",
        "3.3.7a3",
        "3.3.8a1",
        "3.3.8a2",
        "3.3.8a4",
        "3.3.8a5",
        "3.3.8a6",
        "3.3.8a7",
        "3.3.8a8",
        "3.4.0",
        "3.4.0a1",
        "3.4.0a2",
        "3.4.0a3",
        "3.4.0a6",
        "3.4.1",
        "3.4.1a0",
        "3.4.1a1",
        "3.4.1a2",
        "3.4.1a3",
        "3.4.2",
        "3.4.2a0",
        "3.4.3",
        "3.5.0",
        "3.5.0rc1",
        "3.5.0rc2",
        "3.5.0rc3",
        "3.5.1",
        "3.5.2",
        "3.6.0",
        "3.6.1",
        "3.6.1rc1",
        "3.6.1rc2",
        "3.6.1rc3",
        "3.7.0",
        "3.7.0rc1",
        "3.7.0rc2",
        "3.7.1",
        "3.7.2",
        "3.7.3",
        "3.8.0rc3"
      ],
      "database_specific": {
        "source": "https://github.com/github/advisory-database/blob/main/advisories/github-reviewed/2023/02/GHSA-36gx-9q6h-g429/GHSA-36gx-9q6h-g429.json"
      }
    }
  ],
  "schema_version": "1.6.0",
  "severity": [
    {
      "type": "CVSS_V3",
      "score": "CVSS:3.1/AV:N/AC:L/PR:N/UI:N/S:U/C:L/I:N/A:L"
    }
  ]
}