{
  "id": "GHSA-2gwj-7jmv-h26r",
  "summary": "SQL Injection in Django",
  "details": "An issue was discovered in Django 2.2 before 2.2.28, 3.2 before 3.2.13, and 4.0 before 4.0.4. `QuerySet.annotate()`, `aggregate()`, and `extra()` methods are subject to SQL injection in column aliases via a crafted dictionary (with dictionary expansion) as the passed `**kwargs`.",
  "aliases": [
    "BIT-django-2022-28346",
    "CVE-2022-28346",
    "PYSEC-2022-190"
  ],
  "modified": "2024-02-18T05:31:29.074234Z",
  "published": "2022-04-13T00:00:33Z",
  "database_specific": {
    "nvd_published_at": "2022-04-12T05:15:00Z",
    "cwe_ids": [
      "CWE-89"
    ],
    "severity": "CRITICAL",
    "github_reviewed": true,
    "github_reviewed_at": "2022-04-22T20:33:03Z"
  },
  "references": [
    {
      "type": "ADVISORY",
      "url": "https://nvd.nist.gov/vuln/detail/CVE-2022-28346"
    },
    {
      "type": "WEB",
      "url": "https://github.com/django/django/commit/2044dac5c6968441be6f534c4139bcf48c5c7e48"
    },
    {
      "type": "WEB",
      "url": "https://github.com/django/django/commit/2c09e68ec911919360d5f8502cefc312f9e03c5d"
    },
    {
      "type": "WEB",
      "url": "https://github.com/django/django/commit/800828887a0509ad1162d6d407e94d8de7eafc60"
    },
    {
      "type": "WEB",
      "url": "https://github.com/django/django/commit/93cae5cb2f9a4ef1514cf1a41f714fef08005200"
    },
    {
      "type": "WEB",
      "url": "https://docs.djangoproject.com/en/4.0/releases/security"
    },
    {
      "type": "ADVISORY",
      "url": "https://github.com/advisories/GHSA-2gwj-7jmv-h26r"
    },
    {
      "type": "PACKAGE",
      "url": "https://github.com/django/django"
    },
    {
      "type": "WEB",
      "url": "https://github.com/pypa/advisory-database/tree/main/vulns/django/PYSEC-2022-190.yaml"
    },
    {
      "type": "WEB",
      "url": "https://groups.google.com/forum/#!forum/django-announce"
    },
    {
      "type": "WEB",
      "url": "https://lists.debian.org/debian-lts-announce/2022/04/msg00013.html"
    },
    {
      "type": "WEB",
      "url": "https://lists.fedoraproject.org/archives/list/package-announce@lists.fedoraproject.org/message/HWY6DQWRVBALV73BPUVBXC3QIYUM24IK"
    },
    {
      "type": "WEB",
      "url": "https://lists.fedoraproject.org/archives/list/package-announce@lists.fedoraproject.org/message/LTZVAKU5ALQWOKFTPISE257VCVIYGFQI"
    },
    {
      "type": "WEB",
      "url": "https://security.netapp.com/advisory/ntap-20220609-0002"
    },
    {
      "type": "WEB",
      "url": "https://www.debian.org/security/2022/dsa-5254"
    },
    {
      "type": "WEB",
      "url": "https://www.djangoproject.com/weblog/2022/apr/11/security-releases"
    },
    {
      "type": "WEB",
      "url": "http://www.openwall.com/lists/oss-security/2022/04/11/1"
    }
  ],
  "affected": [
    {
      "package": {
        "name": "django",
        "ecosystem": "PyPI",
        "purl": "pkg:pypi/django"
      },
      "ranges": [
        {
          "type": "ECOSYSTEM",
          "events": [
            {
              "introduced": "2.2"
            },
            {
              "fixed": "2.2.28"
            }
          ]
        }
      ],
      "versions": [
        "2.2",
        "2.2.1",
        "2.2.10",
        "2.2.11",
        "2.2.12",
        "2.2.13",
        "2.2.14",
        "2.2.15",
        "2.2.16",
        "2.2.17",
        "2.2.18",
        "2.2.19",
        "2.2.2",
        "2.2.20",
        "2.2.21",
        "2.2.22",
        "2.2.23",
        "2.2.24",
        "2.2.25",
        "2.2.26",
        "2.2.27",
        "2.2.3",
        "2.2.4",
        "2.2.5",
        "2.2.6",
        "2.2.7",
        "2.2.8",
        "2.2.9"
      ],
      "ecosystem_specific": {
        "affected_functions": [
          "django.db.models.QuerySet.annotate",
          "django.db.models.QuerySet.aggregate",
          "django.db.models.QuerySet.extra"
        ]
      },
      "database_specific": {
        "source": "https://github.com/github/advisory-database/blob/main/advisories/github-reviewed/2022/04/GHSA-2gwj-7jmv-h26r/GHSA-2gwj-7jmv-h26r.json"
      }
    },
    {
      "package": {
        "name": "django",
        "ecosystem": "PyPI",
        "purl": "pkg:pypi/django"
      },
      "ranges": [
        {
          "type": "ECOSYSTEM",
          "events": [
            {
              "introduced": "3.2"
            },
            {
              "fixed": "3.2.13"
            }
          ]
        }
      ],
      "versions": [
        "3.2",
        "3.2.1",
        "3.2.10",
        "3.2.11",
        "3.2.12",
        "3.2.2",
        "3.2.3",
        "3.2.4",
        "3.2.5",
        "3.2.6",
        "3.2.7",
        "3.2.8",
        "3.2.9"
      ],
      "ecosystem_specific": {
        "affected_functions": [
          "django.db.models.QuerySet.annotate",
          "django.db.models.QuerySet.aggregate",
          "django.db.models.QuerySet.extra"
        ]
      },
      "database_specific": {
        "source": "https://github.com/github/advisory-database/blob/main/advisories/github-reviewed/2022/04/GHSA-2gwj-7jmv-h26r/GHSA-2gwj-7jmv-h26r.json"
      }
    },
    {
      "package": {
        "name": "django",
        "ecosystem": "PyPI",
        "purl": "pkg:pypi/django"
      },
      "ranges": [
        {
          "type": "ECOSYSTEM",
          "events": [
            {
              "introduced": "4.0"
            },
            {
              "fixed": "4.0.4"
            }
          ]
        }
      ],
      "versions": [
        "4.0",
        "4.0.1",
        "4.0.2",
        "4.0.3"
      ],
      "ecosystem_specific": {
        "affected_functions": [
          "django.db.models.QuerySet.annotate",
          "django.db.models.QuerySet.aggregate",
          "django.db.models.QuerySet.extra"
        ]
      },
      "database_specific": {
        "source": "https://github.com/github/advisory-database/blob/main/advisories/github-reviewed/2022/04/GHSA-2gwj-7jmv-h26r/GHSA-2gwj-7jmv-h26r.json"
      }
    }
  ],
  "schema_version": "1.6.0",
  "severity": [
    {
      "type": "CVSS_V3",
      "score": "CVSS:3.1/AV:N/AC:L/PR:N/UI:N/S:U/C:H/I:H/A:H"
    }
  ]
}