{
  "id": "GHSA-3m8p-xpm6-8ww3",
  "summary": "Ansible Arbitrary Code Execution",
  "details": "Ansible before version 2.3 has an input validation vulnerability in the handling of data sent from client systems. An attacker with control over a client system being managed by Ansible, and the ability to send facts back to the Ansible server, could use this flaw to execute arbitrary code on the Ansible server using the Ansible server privileges.",
  "aliases": [
    "CVE-2017-7466",
    "PYSEC-2018-40"
  ],
  "modified": "2024-09-03T21:30:51.147699Z",
  "published": "2022-05-13T01:07:33Z",
  "database_specific": {
    "nvd_published_at": "2018-06-22T13:29:00Z",
    "cwe_ids": [
      "CWE-20"
    ],
    "severity": "HIGH",
    "github_reviewed": true,
    "github_reviewed_at": "2024-04-22T22:10:35Z"
  },
  "references": [
    {
      "type": "ADVISORY",
      "url": "https://nvd.nist.gov/vuln/detail/CVE-2017-7466"
    },
    {
      "type": "WEB",
      "url": "https://github.com/ansible/ansible/issues/24186"
    },
    {
      "type": "WEB",
      "url": "https://github.com/ansible/ansible/commit/0d418789a298561fded9bce977d34babc9097079"
    },
    {
      "type": "WEB",
      "url": "https://github.com/ansible/ansible/commit/7ff9fa52cfcef2065f0db80d85dd94b9b754839c"
    },
    {
      "type": "WEB",
      "url": "https://access.redhat.com/errata/RHSA-2017:1244"
    },
    {
      "type": "WEB",
      "url": "https://access.redhat.com/errata/RHSA-2017:1334"
    },
    {
      "type": "WEB",
      "url": "https://access.redhat.com/errata/RHSA-2017:1476"
    },
    {
      "type": "WEB",
      "url": "https://access.redhat.com/errata/RHSA-2017:1499"
    },
    {
      "type": "WEB",
      "url": "https://access.redhat.com/errata/RHSA-2017:1599"
    },
    {
      "type": "WEB",
      "url": "https://access.redhat.com/errata/RHSA-2017:1685"
    },
    {
      "type": "WEB",
      "url": "https://bugzilla.redhat.com/show_bug.cgi?id=CVE-2017-7466"
    },
    {
      "type": "PACKAGE",
      "url": "https://github.com/ansible/ansible"
    },
    {
      "type": "WEB",
      "url": "https://github.com/pypa/advisory-database/tree/main/vulns/ansible/PYSEC-2018-40.yaml"
    },
    {
      "type": "WEB",
      "url": "https://web.archive.org/web/20170701161323/http://www.securityfocus.com/bid/97595"
    }
  ],
  "affected": [
    {
      "package": {
        "name": "ansible",
        "ecosystem": "PyPI",
        "purl": "pkg:pypi/ansible"
      },
      "ranges": [
        {
          "type": "ECOSYSTEM",
          "events": [
            {
              "introduced": "0"
            },
            {
              "fixed": "2.2.3.0"
            }
          ]
        }
      ],
      "versions": [
        "1.0",
        "1.1",
        "1.2",
        "1.2.1",
        "1.2.2",
        "1.2.3",
        "1.3.0",
        "1.3.1",
        "1.3.2",
        "1.3.3",
        "1.3.4",
        "1.4",
        "1.4.1",
        "1.4.2",
        "1.4.3",
        "1.4.4",
        "1.4.5",
        "1.5",
        "1.5.1",
        "1.5.2",
        "1.5.3",
        "1.5.4",
        "1.5.5",
        "1.6",
        "1.6.1",
        "1.6.10",
        "1.6.2",
        "1.6.3",
        "1.6.4",
        "1.6.5",
        "1.6.6",
        "1.6.7",
        "1.6.8",
        "1.6.9",
        "1.7",
        "1.7.1",
        "1.7.2",
        "1.8",
        "1.8.1",
        "1.8.2",
        "1.8.3",
        "1.8.4",
        "1.9.0",
        "1.9.0.1",
        "1.9.1",
        "1.9.2",
        "1.9.3",
        "1.9.4",
        "1.9.5",
        "1.9.6",
        "2.0.0",
        "2.0.0.0",
        "2.0.0.1",
        "2.0.0.2",
        "2.0.1.0",
        "2.0.2.0",
        "2.1.0.0",
        "2.1.1.0",
        "2.1.2.0",
        "2.1.3.0",
        "2.1.4.0",
        "2.1.5.0",
        "2.1.6.0",
        "2.2.0.0",
        "2.2.1.0",
        "2.2.2.0"
      ],
      "database_specific": {
        "source": "https://github.com/github/advisory-database/blob/main/advisories/github-reviewed/2022/05/GHSA-3m8p-xpm6-8ww3/GHSA-3m8p-xpm6-8ww3.json"
      }
    }
  ],
  "schema_version": "1.6.0",
  "severity": [
    {
      "type": "CVSS_V3",
      "score": "CVSS:3.0/AV:N/AC:L/PR:L/UI:R/S:U/C:H/I:H/A:H"
    },
    {
      "type": "CVSS_V4",
      "score": "CVSS:4.0/AV:N/AC:L/AT:N/PR:L/UI:P/VC:H/VI:H/VA:H/SC:N/SI:N/SA:N"
    }
  ]
}