{
  "id": "GHSA-2647-c639-qv2j",
  "summary": "Server-Side Request Forgery in calibreweb",
  "details": "calibreweb prior to version 0.6.17 is vulnerable to server-side request forgery (SSRF). This is due to an incomplete fix for [CVE-2022-0339](https://github.com/advisories/GHSA-4w8p-x6g8-fv64). The blacklist does not check for `0.0.0.0`, which would result in a payload of `0.0.0.0` resolving to `localhost`.",
  "aliases": [
    "CVE-2022-0766"
  ],
  "modified": "2023-11-08T04:07:40.292340Z",
  "published": "2022-03-08T00:00:31Z",
  "database_specific": {
    "nvd_published_at": "2022-03-07T07:15:00Z",
    "github_reviewed_at": "2022-03-08T18:11:03Z",
    "severity": "CRITICAL",
    "github_reviewed": true,
    "cwe_ids": [
      "CWE-918"
    ]
  },
  "references": [
    {
      "type": "ADVISORY",
      "url": "https://nvd.nist.gov/vuln/detail/CVE-2022-0766"
    },
    {
      "type": "WEB",
      "url": "https://github.com/janeczku/calibre-web/commit/965352c8d96c9eae7a6867ff76b0db137d04b0b8"
    },
    {
      "type": "PACKAGE",
      "url": "https://github.com/janeczku/calibre-web"
    },
    {
      "type": "WEB",
      "url": "https://huntr.dev/bounties/7f2a5bb4-e6c7-4b6a-b8eb-face9e3add7b"
    }
  ],
  "affected": [
    {
      "package": {
        "name": "calibreweb",
        "ecosystem": "PyPI",
        "purl": "pkg:pypi/calibreweb"
      },
      "ranges": [
        {
          "type": "ECOSYSTEM",
          "events": [
            {
              "introduced": "0"
            },
            {
              "fixed": "0.6.17"
            }
          ]
        }
      ],
      "versions": [
        "0.6.12",
        "0.6.13",
        "0.6.14",
        "0.6.15",
        "0.6.16"
      ],
      "ecosystem_specific": {
        "affected_functions": [
          "calibreweb.cps.helper.save_cover_from_url"
        ]
      },
      "database_specific": {
        "source": "https://github.com/github/advisory-database/blob/main/advisories/github-reviewed/2022/03/GHSA-2647-c639-qv2j/GHSA-2647-c639-qv2j.json"
      }
    }
  ],
  "schema_version": "1.6.0",
  "severity": [
    {
      "type": "CVSS_V3",
      "score": "CVSS:3.1/AV:N/AC:L/PR:N/UI:N/S:U/C:H/I:H/A:H"
    }
  ]
}