{
  "id": "GHSA-4wcc-jv3p-prqw",
  "summary": "Cherry Music Cross-site Scripting (XSS) vulnerability",
  "details": "Cross-site scripting (XSS) vulnerability in Cherry Music before 0.36.0 allows remote authenticated users to inject arbitrary web script or HTML via the playlistname field when creating a new playlist.",
  "aliases": [
    "CVE-2015-8310",
    "PYSEC-2017-100"
  ],
  "modified": "2024-04-29T17:11:22.258816Z",
  "published": "2022-05-17T02:52:55Z",
  "database_specific": {
    "nvd_published_at": "2017-03-27T15:59:00Z",
    "cwe_ids": [
      "CWE-79"
    ],
    "severity": "MODERATE",
    "github_reviewed": true,
    "github_reviewed_at": "2024-04-29T16:54:38Z"
  },
  "references": [
    {
      "type": "ADVISORY",
      "url": "https://nvd.nist.gov/vuln/detail/CVE-2015-8310"
    },
    {
      "type": "WEB",
      "url": "https://github.com/devsnd/cherrymusic/issues/598"
    },
    {
      "type": "WEB",
      "url": "https://github.com/devsnd/cherrymusic/commit/62dec34a1ea0741400dd6b6c660d303dcd651e86"
    },
    {
      "type": "PACKAGE",
      "url": "https://github.com/devsnd/cherrymusic"
    },
    {
      "type": "WEB",
      "url": "https://web.archive.org/web/20200227183347/http://www.securityfocus.com/bid/97148"
    },
    {
      "type": "WEB",
      "url": "http://www.fomori.org/cherrymusic/Changes.html"
    }
  ],
  "affected": [
    {
      "package": {
        "name": "cherrymusic",
        "ecosystem": "PyPI",
        "purl": "pkg:pypi/cherrymusic"
      },
      "ranges": [
        {
          "type": "ECOSYSTEM",
          "events": [
            {
              "introduced": "0"
            },
            {
              "fixed": "0.36.0"
            }
          ]
        }
      ],
      "versions": [
        "0.30.0",
        "0.31.0",
        "0.31.1",
        "0.31.2",
        "0.32.0",
        "0.33.0",
        "0.34.0",
        "0.34.1",
        "0.35.1",
        "0.35.2"
      ],
      "database_specific": {
        "source": "https://github.com/github/advisory-database/blob/main/advisories/github-reviewed/2022/05/GHSA-4wcc-jv3p-prqw/GHSA-4wcc-jv3p-prqw.json"
      }
    }
  ],
  "schema_version": "1.6.0",
  "severity": [
    {
      "type": "CVSS_V3",
      "score": "CVSS:3.0/AV:N/AC:L/PR:L/UI:R/S:C/C:L/I:L/A:N"
    }
  ]
}