{
  "id": "GHSA-2j23-fwqm-mgwr",
  "summary": "OpenStack Keystone Credential Leakage",
  "details": "OpenStack Keystone 15.0.0 and 16.0.0 is affected by Data Leakage in the list credentials API. Any user with a role on a project is able to list any credentials with the `/v3/credentials` API when `enforce_scope` is false. Users with a role on a project are able to view any other users' credentials, which could (for example) leak sign-on information for Time-based One Time Passwords (TOTP). Deployments with enforce_scope set to false are affected. (There will be a slight performance impact for the list credentials API once this issue is fixed.)",
  "aliases": [
    "CVE-2019-19687",
    "PYSEC-2019-29"
  ],
  "modified": "2023-11-08T04:01:28.914832Z",
  "published": "2022-05-24T17:02:55Z",
  "database_specific": {
    "nvd_published_at": "2019-12-09T18:15:00Z",
    "cwe_ids": [
      "CWE-522"
    ],
    "severity": "HIGH",
    "github_reviewed": true,
    "github_reviewed_at": "2023-07-18T21:20:22Z"
  },
  "references": [
    {
      "type": "ADVISORY",
      "url": "https://nvd.nist.gov/vuln/detail/CVE-2019-19687"
    },
    {
      "type": "WEB",
      "url": "https://github.com/openstack/keystone/commit/17c337dbdbfb9d548ad531c2ad0483c9bce5b98f"
    },
    {
      "type": "WEB",
      "url": "https://access.redhat.com/errata/RHSA-2019:4358"
    },
    {
      "type": "WEB",
      "url": "https://bugs.launchpad.net/keystone/+bug/1855080"
    },
    {
      "type": "WEB",
      "url": "https://bugzilla.redhat.com/show_bug.cgi?id=1781470"
    },
    {
      "type": "WEB",
      "url": "https://git.openstack.org/cgit/openstack/keystone/commit/?id=17947516b0095c51da5cff94771247f2e7c44ee6"
    },
    {
      "type": "WEB",
      "url": "https://git.openstack.org/cgit/openstack/keystone/commit/?id=17c337dbdbfb9d548ad531c2ad0483c9bce5b98f"
    },
    {
      "type": "WEB",
      "url": "https://git.openstack.org/cgit/openstack/keystone/commit/?id=bd3f63787151183f4daa43578aa491856fefae5b"
    },
    {
      "type": "PACKAGE",
      "url": "https://github.com/openstack/keystone"
    },
    {
      "type": "WEB",
      "url": "https://review.opendev.org/#/c/697355"
    },
    {
      "type": "WEB",
      "url": "https://review.opendev.org/#/c/697611"
    },
    {
      "type": "WEB",
      "url": "https://review.opendev.org/#/c/697731"
    },
    {
      "type": "WEB",
      "url": "https://security.openstack.org/ossa/OSSA-2019-006.html"
    },
    {
      "type": "WEB",
      "url": "http://www.openwall.com/lists/oss-security/2019/12/11/8"
    }
  ],
  "affected": [
    {
      "package": {
        "name": "keystone",
        "ecosystem": "PyPI",
        "purl": "pkg:pypi/keystone"
      },
      "ranges": [
        {
          "type": "ECOSYSTEM",
          "events": [
            {
              "introduced": "15.0.0"
            },
            {
              "fixed": "15.0.1"
            }
          ]
        }
      ],
      "versions": [
        "15.0.0"
      ],
      "database_specific": {
        "source": "https://github.com/github/advisory-database/blob/main/advisories/github-reviewed/2022/05/GHSA-2j23-fwqm-mgwr/GHSA-2j23-fwqm-mgwr.json"
      }
    },
    {
      "package": {
        "name": "keystone",
        "ecosystem": "PyPI",
        "purl": "pkg:pypi/keystone"
      },
      "ranges": [
        {
          "type": "ECOSYSTEM",
          "events": [
            {
              "introduced": "16.0.0"
            },
            {
              "fixed": "16.0.1"
            }
          ]
        }
      ],
      "versions": [
        "16.0.0"
      ],
      "database_specific": {
        "source": "https://github.com/github/advisory-database/blob/main/advisories/github-reviewed/2022/05/GHSA-2j23-fwqm-mgwr/GHSA-2j23-fwqm-mgwr.json"
      }
    }
  ],
  "schema_version": "1.6.0",
  "severity": [
    {
      "type": "CVSS_V3",
      "score": "CVSS:3.1/AV:N/AC:L/PR:L/UI:N/S:U/C:H/I:H/A:H"
    }
  ]
}