{
  "id": "GHSA-45x7-px36-x8w8",
  "summary": "Prefix Truncation Attack against ChaCha20-Poly1305 and Encrypt-then-MAC aka Terrapin",
  "details": "### Summary\n\nTerrapin is a prefix truncation attack targeting the SSH protocol. More precisely, Terrapin breaks the integrity of SSH's secure channel. By carefully adjusting the sequence numbers during the handshake, an attacker can remove an arbitrary amount of messages sent by the client or server at the beginning of the secure channel without the client or server noticing it.\n\n### Mitigations\n\nTo mitigate this protocol vulnerability, OpenSSH suggested a so-called \"strict kex\" which alters the SSH handshake to ensure a Man-in-the-Middle attacker cannot introduce unauthenticated messages as well as convey sequence number manipulation across handshakes.\n\n**Warning: To take effect, both the client and server must support this countermeasure.** \n\nAs a stop-gap measure, peers may also (temporarily) disable the affected algorithms and use unaffected alternatives like AES-GCM instead until patches are available.\n\n### Details\n\nThe SSH specifications of ChaCha20-Poly1305 (chacha20-poly1305@openssh.com) and Encrypt-then-MAC (*-etm@openssh.com MACs) are vulnerable against an arbitrary prefix truncation attack (a.k.a. Terrapin attack). This allows for an extension negotiation downgrade by stripping the SSH_MSG_EXT_INFO sent after the first message after SSH_MSG_NEWKEYS, downgrading security, and disabling attack countermeasures in some versions of OpenSSH. When targeting Encrypt-then-MAC, this attack requires the use of a CBC cipher to be practically exploitable due to the internal workings of the cipher mode. Additionally, this novel attack technique can be used to exploit previously unexploitable implementation flaws in a Man-in-the-Middle scenario.\n\nThe attack works by an attacker injecting an arbitrary number of SSH_MSG_IGNORE messages during the initial key exchange and consequently removing the same number of messages just after the initial key exchange has concluded. This is possible due to missing authentication of the excess SSH_MSG_IGNORE messages and the fact that the implicit sequence numbers used within the SSH protocol are only checked after the initial key exchange.\n\nIn the case of ChaCha20-Poly1305, the attack is guaranteed to work on every connection as this cipher does not maintain an internal state other than the message's sequence number. In the case of Encrypt-Then-MAC, practical exploitation requires the use of a CBC cipher; while theoretical integrity is broken for all ciphers when using this mode, message processing will fail at the application layer for CTR and stream ciphers.\n\nFor more details see [https://terrapin-attack.com](https://terrapin-attack.com). \n\n### Impact\n\nThis attack targets the specification of ChaCha20-Poly1305 (chacha20-poly1305@openssh.com) and Encrypt-then-MAC (*-etm@openssh.com), which are widely adopted by well-known SSH implementations and can be considered de-facto standard. These algorithms can be practically exploited; however, in the case of Encrypt-Then-MAC, we additionally require the use of a CBC cipher. As a consequence, this attack works against all well-behaving SSH implementations supporting either of those algorithms and can be used to downgrade (but not fully strip) connection security in case SSH extension negotiation (RFC8308) is supported. The attack may also enable attackers to exploit certain implementation flaws in a man-in-the-middle (MitM) scenario.",
  "aliases": [
    "CVE-2023-48795",
    "GO-2023-2402"
  ],
  "modified": "2024-07-15T22:00:20.511181Z",
  "published": "2023-12-18T19:22:09Z",
  "related": [
    "CGA-2492-fp29-j2h7",
    "CGA-277j-q722-58cx",
    "CGA-2h9j-8q29-96fh",
    "CGA-2jgg-m4pg-728h",
    "CGA-2jgq-mqh9-h4w7",
    "CGA-2mh5-3ghm-wxx8",
    "CGA-2q6f-cm6g-w3f3",
    "CGA-328h-w8g9-8xpv",
    "CGA-334x-g5hp-4hpc",
    "CGA-34v7-9wfw-22r7",
    "CGA-34xj-gw5j-w6p4",
    "CGA-3f4f-jrr6-cwvr",
    "CGA-3f54-v7wq-px99",
    "CGA-3fr8-cf59-58rg",
    "CGA-3h9f-rjr4-86rw",
    "CGA-3h9j-rhxp-mwx8",
    "CGA-3m2v-954x-jv82",
    "CGA-3mf3-62wc-gr85",
    "CGA-3pqj-cmfm-r8jv",
    "CGA-3vc9-ffh2-v232",
    "CGA-4449-gjc8-88pf",
    "CGA-44wp-2wwq-mx89",
    "CGA-45hc-726p-2rrq",
    "CGA-477f-48qm-vgqp",
    "CGA-48fx-4272-c6m9",
    "CGA-4c7q-5q3x-mwqw",
    "CGA-4f72-5h35-crh4",
    "CGA-4hjg-4m22-mv25",
    "CGA-4jxp-pqx7-2wh9",
    "CGA-4m34-28x9-hpgj",
    "CGA-4ppm-vqvr-m6q7",
    "CGA-4r43-r6g3-g2hx",
    "CGA-4r8h-qgjr-j2fm",
    "CGA-4wf5-cc6h-rcxw",
    "CGA-4wvr-2h7r-6jpr",
    "CGA-5372-6p8v-9xg8",
    "CGA-53vg-2pc5-3jr9",
    "CGA-56xm-g9pc-f9f7",
    "CGA-5752-m78r-jhw5",
    "CGA-57v6-x9px-rcg2",
    "CGA-58ff-m6f8-rwxw",
    "CGA-59p6-q37f-hh94",
    "CGA-5jw7-q423-pv2p",
    "CGA-5mwx-pvf3-2wxw",
    "CGA-5q2q-h59p-w534",
    "CGA-5qh6-5gfh-j93p",
    "CGA-5qr2-mr82-493p",
    "CGA-5w92-m5wm-c7vw",
    "CGA-5xhr-w3v7-r8gj",
    "CGA-653x-35qj-9r48",
    "CGA-65qc-82vp-7pff",
    "CGA-666j-m65g-mjc7",
    "CGA-667j-8ch2-fxw4",
    "CGA-6766-xpqf-v6pq",
    "CGA-6847-57ww-4rj4",
    "CGA-693g-7wg2-5v6r",
    "CGA-6crg-mmpj-g522",
    "CGA-6h2m-f47g-w95c",
    "CGA-6jm9-j3j6-7fxh",
    "CGA-6pq8-prc9-3m35",
    "CGA-6q9p-vhvw-jp68",
    "CGA-6v8q-9jxr-669v",
    "CGA-6w4m-hhg4-ppjx",
    "CGA-6wqw-9w3h-8769",
    "CGA-6xw8-764h-6r7f",
    "CGA-72pj-xw2v-9m77",
    "CGA-75jg-gqqf-w2r6",
    "CGA-78x5-43hv-2jgx",
    "CGA-7953-vj8w-4h4w",
    "CGA-7chx-w4hq-qw46",
    "CGA-7cm3-ppfw-6mgr",
    "CGA-7cx6-cjw8-gmx3",
    "CGA-7f9v-f5c5-2rp7",
    "CGA-7gcp-5jvh-rxqq",
    "CGA-7hhj-79h8-9mf8",
    "CGA-7p4p-w4w9-9f4q",
    "CGA-7ppv-6mx6-pg37",
    "CGA-7v6w-28ff-cf45",
    "CGA-7v7g-3wj4-fph5",
    "CGA-7vjq-fhpg-92x6",
    "CGA-7x38-9344-h7f7",
    "CGA-7x4c-fwj2-48qx",
    "CGA-833j-8hj8-wm9f",
    "CGA-83pc-g7x3-gjgm",
    "CGA-83v9-4c8h-7585",
    "CGA-85hw-w5q3-v6gw",
    "CGA-879j-4wqj-qhh6",
    "CGA-87vx-m7q5-9hq5",
    "CGA-8843-x75p-f8hf",
    "CGA-8cc2-v9p5-7298",
    "CGA-8cvq-w625-hc7x",
    "CGA-8jgr-3wp3-892g",
    "CGA-8p8h-98f6-m866",
    "CGA-8rxg-f6g8-wpqw",
    "CGA-8v77-whr4-r9p4",
    "CGA-8wx4-g2p6-8v3g",
    "CGA-93jp-f7mc-h8mx",
    "CGA-95px-9c34-rwxv",
    "CGA-9725-rpj7-2g5j",
    "CGA-98fh-pv4f-x8cq",
    "CGA-9hxx-rg9g-xx6p",
    "CGA-9j3p-4pc3-whpx",
    "CGA-9jmq-843h-h7q4",
    "CGA-9m47-j4pv-jwp9",
    "CGA-9q59-3437-wcxg",
    "CGA-9qrq-8v45-jh89",
    "CGA-9wg8-587h-gg2q",
    "CGA-9wxp-4hh5-c5vg",
    "CGA-9xcx-hcxw-qmqh",
    "CGA-c3xp-23cj-w2p4",
    "CGA-c523-rx6r-5345",
    "CGA-c567-j57p-9gp8",
    "CGA-c5q9-6qx4-85r5",
    "CGA-c729-2j8r-88ff",
    "CGA-c7v7-959m-4j6c",
    "CGA-c9m6-f7jr-8pjj",
    "CGA-ccgg-cfxc-9744",
    "CGA-cgx8-cgc6-3554",
    "CGA-ch96-67vh-7363",
    "CGA-chpw-hxjg-pmq9",
    "CGA-cjq7-4pq6-h6r6",
    "CGA-cm7r-4mj7-qhg4",
    "CGA-cr23-7245-4599",
    "CGA-cr28-42c8-8rhf",
    "CGA-cw4r-8qhf-226c",
    "CGA-cwx6-47q3-p258",
    "CGA-f475-rj53-3rx7",
    "CGA-f66w-28g6-58hq",
    "CGA-f6qp-g44v-58gv",
    "CGA-f7q5-3j2f-g45w",
    "CGA-f8pg-6jr8-5wxr",
    "CGA-f9g2-26qr-3m89",
    "CGA-ffqq-43cr-m3vj",
    "CGA-fgrp-cpw9-frm2",
    "CGA-fjf9-c2hc-c553",
    "CGA-fjq6-g66h-4hxx",
    "CGA-fpjp-c59p-pc6f",
    "CGA-fq3r-fjj5-cf72",
    "CGA-fq4v-p567-g874",
    "CGA-fqfx-82m5-r4gm",
    "CGA-fvp6-ppp5-92v3",
    "CGA-fvpc-54rc-7p74",
    "CGA-fwfm-v5xp-g8xg",
    "CGA-g46x-4prw-jw98",
    "CGA-g72c-3j52-v3mm",
    "CGA-g8mx-3vx3-8m92",
    "CGA-g8w3-29r3-jfm6",
    "CGA-g8ww-vwwm-8jpm",
    "CGA-gg94-fcwr-4jmm",
    "CGA-gm3h-mwv4-8xxf",
    "CGA-gm4q-g424-p3xc",
    "CGA-gmgf-ghq8-4wmm",
    "CGA-gqqf-qqm8-rjm2",
    "CGA-gxfq-rxwq-94cq",
    "CGA-h2x3-j8m7-hx42",
    "CGA-h437-rw82-45c8",
    "CGA-h5m4-4hqx-g8jw",
    "CGA-h678-4w9j-j6wr",
    "CGA-h6cc-9pw3-rmh2",
    "CGA-h7v3-56h4-gccp",
    "CGA-hfgh-4r2q-p6hh",
    "CGA-hh2q-gvvm-9gx3",
    "CGA-hh6p-7cwc-jq66",
    "CGA-hhpp-gmjf-m6xj",
    "CGA-hqqq-gf45-qwqq",
    "CGA-hvph-xp3p-cq8w",
    "CGA-hxmx-5wgr-hhf4",
    "CGA-j2fc-62xc-gghv",
    "CGA-j3wx-fwjr-mcvv",
    "CGA-j4vw-whvp-5jgf",
    "CGA-j4w7-f2rx-qgg7",
    "CGA-j54h-h9g9-4f32",
    "CGA-j7jc-q6vr-4q67",
    "CGA-jfjh-g47x-52j2",
    "CGA-jgc7-cr25-pj56",
    "CGA-jmh8-qfq3-hx5m",
    "CGA-jq26-rpw3-j4vq",
    "CGA-jqq9-64wr-ggxx",
    "CGA-jv3v-8v55-4xv3",
    "CGA-jv77-xj8r-j48x",
    "CGA-jv95-x8v2-hww3",
    "CGA-m57m-wrff-6872",
    "CGA-m5q5-g7r2-f2rw",
    "CGA-m77g-8gx6-xvfh",
    "CGA-m78g-xq94-h3gv",
    "CGA-m9pp-q898-9g58",
    "CGA-mgq9-9h8m-p6mw",
    "CGA-mgxc-pj4g-jp5q",
    "CGA-mh76-5f3j-53h8",
    "CGA-mhhr-wh2f-5wr6",
    "CGA-mj2g-2g73-xhf7",
    "CGA-mjgp-5cgf-8p8w",
    "CGA-mmg6-c4j5-c72q",
    "CGA-mvf4-v5wv-m85f",
    "CGA-p3mm-g838-v8fg",
    "CGA-p3wv-8h53-2hfm",
    "CGA-p49j-g2gg-h892",
    "CGA-p5cr-3f5q-x52x",
    "CGA-p7f3-hwj6-2gg4",
    "CGA-p84w-8xxg-7c4w",
    "CGA-p9pj-2c5q-53vp",
    "CGA-pcmg-5p64-vqhv",
    "CGA-pg68-9cv5-cq38",
    "CGA-pg7v-w585-jf46",
    "CGA-pvw2-vf7p-hvqr",
    "CGA-pw95-88v9-7qpc",
    "CGA-pxcv-3h6p-cvx3",
    "CGA-pxxw-qhj3-3f58",
    "CGA-q4wq-chwp-mr49",
    "CGA-q694-hcf3-63w6",
    "CGA-q7f3-wcq6-fcq3",
    "CGA-q8v7-pq46-xf26",
    "CGA-q9m9-p9j9-g9vj",
    "CGA-qc6h-xrfq-wppr",
    "CGA-qhr7-r5fw-g27x",
    "CGA-qhrp-7qwv-7hw6",
    "CGA-qj3v-f67h-xx7v",
    "CGA-qjg9-jjwv-xv5c",
    "CGA-qq23-x4r8-qc75",
    "CGA-qwfc-cqw5-v6qr",
    "CGA-qwwx-q2h4-pq5m",
    "CGA-qxcp-8jmf-cc9w",
    "CGA-qxcr-857v-5pcp",
    "CGA-r29x-h39p-8455",
    "CGA-r436-58j4-jghr",
    "CGA-r5jw-j266-rm5x",
    "CGA-r5pc-cc48-6rvg",
    "CGA-r5qv-phvj-v775",
    "CGA-r5vq-q7x4-gmvw",
    "CGA-r6vf-4qjv-mrhc",
    "CGA-rf79-q5vw-cj4r",
    "CGA-rh4j-32jj-59m3",
    "CGA-rhwc-x7ww-2v77",
    "CGA-rmh8-7vmp-fr93",
    "CGA-rpqm-ggrx-ccxp",
    "CGA-rqr4-jxg6-chr5",
    "CGA-rqvh-82vx-5jcm",
    "CGA-rvhg-mq98-xm8j",
    "CGA-v2w8-3535-383x",
    "CGA-v3cq-g4p9-888v",
    "CGA-v5gm-5r76-p5cr",
    "CGA-v737-x3p4-hw9g",
    "CGA-v7gm-gqfj-8cc7",
    "CGA-v7wh-qjcq-7qfw",
    "CGA-v8pg-g99j-pp56",
    "CGA-v9hm-5426-vrfx",
    "CGA-vfgr-4fqm-w82v",
    "CGA-vjwx-f87r-cmfj",
    "CGA-vmmf-c34j-5cv3",
    "CGA-vpmm-xhgv-4v6r",
    "CGA-vqqw-j9r2-qpw9",
    "CGA-vx3g-m66f-4mm3",
    "CGA-vxhh-24cf-v4pg",
    "CGA-w2q5-8jj5-cx88",
    "CGA-w3vr-fxhc-4f7m",
    "CGA-w3ww-h5w7-xp2m",
    "CGA-w47w-88r5-p4gf",
    "CGA-w4fv-7j26-mq53",
    "CGA-w67f-g7xj-xjhv",
    "CGA-w69m-j62x-gggr",
    "CGA-w6p4-75fw-pr57",
    "CGA-w76r-rh89-j85h",
    "CGA-wcv7-7wfc-jgmh",
    "CGA-wgvg-xm3f-h925",
    "CGA-wh9f-q7mf-hchh",
    "CGA-wj7j-89x6-c6wc",
    "CGA-wjgr-c88f-ch75",
    "CGA-wjmv-p4vm-qvm9",
    "CGA-wmjp-f7q5-w65w",
    "CGA-wr3c-5f8x-xpqf",
    "CGA-ww4v-5qh8-jvpx",
    "CGA-wwr9-qf7q-6jqm",
    "CGA-wxvm-f23g-5xgq",
    "CGA-x343-vm5h-f9w3",
    "CGA-x54v-h4qh-2466",
    "CGA-x68g-qmf2-vhpx",
    "CGA-x69j-449j-f37g",
    "CGA-xc48-24mh-c3jm",
    "CGA-xc4m-6pwq-xfx2",
    "CGA-xc4q-2ggf-44w2",
    "CGA-xfw2-pp3q-2vr9",
    "CGA-xm7f-47qw-j5hm",
    "CGA-xmhx-5hq2-jjp7",
    "CGA-xp4m-3h5r-qh7v",
    "CGA-xv2r-75ch-26f4"
  ],
  "database_specific": {
    "nvd_published_at": "2023-12-18T16:15:10Z",
    "cwe_ids": [
      "CWE-345",
      "CWE-354"
    ],
    "severity": "MODERATE",
    "github_reviewed": true,
    "github_reviewed_at": "2023-12-18T19:22:09Z"
  },
  "references": [
    {
      "type": "WEB",
      "url": "https://github.com/warp-tech/russh/security/advisories/GHSA-45x7-px36-x8w8"
    },
    {
      "type": "ADVISORY",
      "url": "https://nvd.nist.gov/vuln/detail/CVE-2023-48795"
    },
    {
      "type": "WEB",
      "url": "https://github.com/ssh-mitm/ssh-mitm/issues/165"
    },
    {
      "type": "WEB",
      "url": "https://github.com/janmojzis/tinyssh/issues/81"
    },
    {
      "type": "WEB",
      "url": "https://github.com/proftpd/proftpd/issues/456"
    },
    {
      "type": "WEB",
      "url": "https://github.com/hierynomus/sshj/issues/916"
    },
    {
      "type": "WEB",
      "url": "https://github.com/paramiko/paramiko/issues/2337#issuecomment-1887642773"
    },
    {
      "type": "WEB",
      "url": "https://github.com/paramiko/paramiko/issues/2337"
    },
    {
      "type": "WEB",
      "url": "https://github.com/cyd01/KiTTY/issues/520"
    },
    {
      "type": "WEB",
      "url": "https://github.com/PowerShell/Win32-OpenSSH/issues/2189"
    },
    {
      "type": "WEB",
      "url": "https://github.com/mwiede/jsch/issues/457"
    },
    {
      "type": "WEB",
      "url": "https://github.com/apache/mina-sshd/issues/445"
    },
    {
      "type": "WEB",
      "url": "https://github.com/libssh2/libssh2/pull/1291"
    },
    {
      "type": "WEB",
      "url": "https://github.com/mwiede/jsch/pull/461"
    },
    {
      "type": "WEB",
      "url": "https://github.com/NixOS/nixpkgs/pull/275249"
    },
    {
      "type": "WEB",
      "url": "https://github.com/TeraTermProject/teraterm/commit/7279fbd6ef4d0c8bdd6a90af4ada2899d786eec0"
    },
    {
      "type": "WEB",
      "url": "https://github.com/connectbot/sshlib/commit/5c8b534f6e97db7ac0e0e579331213aa25c173ab"
    },
    {
      "type": "WEB",
      "url": "https://github.com/mscdex/ssh2/commit/97b223f8891b96d6fc054df5ab1d5a1a545da2a3"
    },
    {
      "type": "WEB",
      "url": "https://github.com/golang/crypto/commit/9d2ee975ef9fe627bf0a6f01c1f69e8ef1d4f05d"
    },
    {
      "type": "WEB",
      "url": "https://github.com/warp-tech/russh/commit/1aa340a7df1d5be1c0f4a9e247aade76dfdd2951"
    },
    {
      "type": "WEB",
      "url": "https://github.com/jtesta/ssh-audit/commit/8e972c5e94b460379fe0c7d20209c16df81538a5"
    },
    {
      "type": "WEB",
      "url": "https://security-tracker.debian.org/tracker/CVE-2023-48795"
    },
    {
      "type": "WEB",
      "url": "https://security-tracker.debian.org/tracker/source-package/libssh2"
    },
    {
      "type": "WEB",
      "url": "https://roumenpetrov.info/secsh/#news20231220"
    },
    {
      "type": "WEB",
      "url": "https://security-tracker.debian.org/tracker/source-package/proftpd-dfsg"
    },
    {
      "type": "WEB",
      "url": "https://security-tracker.debian.org/tracker/source-package/trilead-ssh2"
    },
    {
      "type": "WEB",
      "url": "https://security.gentoo.org/glsa/202312-16"
    },
    {
      "type": "WEB",
      "url": "https://psirt.global.sonicwall.com/vuln-detail/SNWLID-2024-0002"
    },
    {
      "type": "WEB",
      "url": "https://oryx-embedded.com/download/#changelog"
    },
    {
      "type": "WEB",
      "url": "https://nova.app/releases/#v11.8"
    },
    {
      "type": "WEB",
      "url": "https://news.ycombinator.com/item?id=38732005"
    },
    {
      "type": "WEB",
      "url": "https://news.ycombinator.com/item?id=38685286"
    },
    {
      "type": "WEB",
      "url": "https://news.ycombinator.com/item?id=38684904"
    },
    {
      "type": "WEB",
      "url": "https://nest.pijul.com/pijul/thrussh/changes/D6H7OWTTMHHX6BTB3B6MNBOBX2L66CBL4LGSEUSAI2MCRCJDQFRQC"
    },
    {
      "type": "WEB",
      "url": "https://matt.ucc.asn.au/dropbear/CHANGES"
    },
    {
      "type": "WEB",
      "url": "https://lists.fedoraproject.org/archives/list/package-announce%40lists.fedoraproject.org/message/QI3EHAHABFQK7OABNCSF5GMYP6TONTI7"
    },
    {
      "type": "WEB",
      "url": "https://lists.fedoraproject.org/archives/list/package-announce%40lists.fedoraproject.org/message/MKQRBF3DWMWPH36LBCOBUTSIZRTPEZXB"
    },
    {
      "type": "WEB",
      "url": "https://lists.fedoraproject.org/archives/list/package-announce%40lists.fedoraproject.org/message/LZQVUHWVWRH73YBXUQJOD6CKHDQBU3DM"
    },
    {
      "type": "WEB",
      "url": "https://lists.fedoraproject.org/archives/list/package-announce%40lists.fedoraproject.org/message/L5Y6MNNVAPIJSXJERQ6PKZVCIUXSNJK7"
    },
    {
      "type": "WEB",
      "url": "https://lists.fedoraproject.org/archives/list/package-announce%40lists.fedoraproject.org/message/KMZCVGUGJZZVDPCVDA7TEB22VUCNEXDD"
    },
    {
      "type": "WEB",
      "url": "https://lists.fedoraproject.org/archives/list/package-announce%40lists.fedoraproject.org/message/KEOTKBUPZXHE3F352JBYNTSNRXYLWD6P"
    },
    {
      "type": "WEB",
      "url": "https://lists.fedoraproject.org/archives/list/package-announce%40lists.fedoraproject.org/message/I724O3LSRCPO4WNVIXTZCT4VVRMXMMSG"
    },
    {
      "type": "WEB",
      "url": "https://lists.fedoraproject.org/archives/list/package-announce%40lists.fedoraproject.org/message/HYEDEXIKFKTUJIN43RG4B7T5ZS6MHUSP"
    },
    {
      "type": "WEB",
      "url": "https://www.vandyke.com/products/securecrt/history.txt"
    },
    {
      "type": "WEB",
      "url": "https://www.theregister.com/2023/12/20/terrapin_attack_ssh"
    },
    {
      "type": "WEB",
      "url": "https://www.terrapin-attack.com"
    },
    {
      "type": "WEB",
      "url": "https://www.suse.com/c/suse-addresses-the-ssh-v2-protocol-terrapin-attack-aka-cve-2023-48795"
    },
    {
      "type": "WEB",
      "url": "https://www.reddit.com/r/sysadmin/comments/18idv52/cve202348795_why_is_this_cve_still_undisclosed"
    },
    {
      "type": "WEB",
      "url": "https://www.paramiko.org/changelog.html"
    },
    {
      "type": "WEB",
      "url": "https://www.openwall.com/lists/oss-security/2023/12/20/3"
    },
    {
      "type": "WEB",
      "url": "https://www.openwall.com/lists/oss-security/2023/12/18/2"
    },
    {
      "type": "WEB",
      "url": "https://www.openssh.com/txt/release-9.6"
    },
    {
      "type": "WEB",
      "url": "https://www.openssh.com/openbsd.html"
    },
    {
      "type": "WEB",
      "url": "https://www.netsarang.com/en/xshell-update-history"
    },
    {
      "type": "WEB",
      "url": "https://www.lancom-systems.de/service-support/allgemeine-sicherheitshinweise#c243508"
    },
    {
      "type": "WEB",
      "url": "https://www.freebsd.org/security/advisories/FreeBSD-SA-23:19.openssh.asc"
    },
    {
      "type": "WEB",
      "url": "https://www.debian.org/security/2023/dsa-5588"
    },
    {
      "type": "WEB",
      "url": "https://www.debian.org/security/2023/dsa-5586"
    },
    {
      "type": "WEB",
      "url": "https://www.crushftp.com/crush10wiki/Wiki.jsp?page=Update"
    },
    {
      "type": "WEB",
      "url": "https://www.chiark.greenend.org.uk/~sgtatham/putty/changes.html"
    },
    {
      "type": "WEB",
      "url": "https://www.bitvise.com/ssh-server-version-history"
    },
    {
      "type": "WEB",
      "url": "https://www.bitvise.com/ssh-client-version-history#933"
    },
    {
      "type": "WEB",
      "url": "https://winscp.net/eng/docs/history#6.2.2"
    },
    {
      "type": "WEB",
      "url": "https://ubuntu.com/security/CVE-2023-48795"
    },
    {
      "type": "WEB",
      "url": "https://twitter.com/TrueSkrillor/status/1736774389725565005"
    },
    {
      "type": "WEB",
      "url": "https://thorntech.com/cve-2023-48795-and-sftp-gateway"
    },
    {
      "type": "WEB",
      "url": "https://support.apple.com/kb/HT214084"
    },
    {
      "type": "WEB",
      "url": "https://security.netapp.com/advisory/ntap-20240105-0004"
    },
    {
      "type": "WEB",
      "url": "https://security.gentoo.org/glsa/202312-17"
    },
    {
      "type": "WEB",
      "url": "https://lists.fedoraproject.org/archives/list/package-announce%40lists.fedoraproject.org/message/F7EYCFQCTSGJXWO3ZZ44MGKFC5HA7G3Y"
    },
    {
      "type": "WEB",
      "url": "https://github.com/rapier1/hpn-ssh/releases"
    },
    {
      "type": "WEB",
      "url": "https://github.com/proftpd/proftpd/blob/master/RELEASE_NOTES"
    },
    {
      "type": "WEB",
      "url": "https://github.com/proftpd/proftpd/blob/d21e7a2e47e9b38f709bec58e3fa711f759ad0e1/RELEASE_NOTES"
    },
    {
      "type": "WEB",
      "url": "https://github.com/proftpd/proftpd/blob/0a7ea9b0ba9fcdf368374a226370d08f10397d99/RELEASE_NOTES"
    },
    {
      "type": "WEB",
      "url": "https://github.com/openssh/openssh-portable/commits/master"
    },
    {
      "type": "WEB",
      "url": "https://github.com/net-ssh/net-ssh/blob/2e65064a52d73396bfc3806c9196fc8108f33cd8/CHANGES.txt#L14-L16"
    },
    {
      "type": "WEB",
      "url": "https://github.com/mwiede/jsch/compare/jsch-0.2.14...jsch-0.2.15"
    },
    {
      "type": "WEB",
      "url": "https://github.com/mkj/dropbear/blob/17657c36cce6df7716d5ff151ec09a665382d5dd/CHANGES#L25"
    },
    {
      "type": "WEB",
      "url": "https://github.com/erlang/otp/releases/tag/OTP-26.2.1"
    },
    {
      "type": "WEB",
      "url": "https://github.com/erlang/otp/blob/d1b43dc0f1361d2ad67601169e90a7fc50bb0369/lib/ssh/doc/src/notes.xml#L39-L42"
    },
    {
      "type": "WEB",
      "url": "https://github.com/drakkan/sftpgo/releases/tag/v2.5.6"
    },
    {
      "type": "WEB",
      "url": "https://github.com/connectbot/sshlib/compare/2.2.21...2.2.22"
    },
    {
      "type": "ADVISORY",
      "url": "https://github.com/advisories/GHSA-45x7-px36-x8w8"
    },
    {
      "type": "WEB",
      "url": "https://github.com/TeraTermProject/teraterm/releases/tag/v5.1"
    },
    {
      "type": "WEB",
      "url": "https://github.com/PowerShell/Win32-OpenSSH/releases/tag/v9.5.0.0p1-Beta"
    },
    {
      "type": "WEB",
      "url": "https://git.libssh.org/projects/libssh.git/commit/?h=stable-0.10&id=10e09e273f69e149389b3e0e5d44b8c221c2e7f6"
    },
    {
      "type": "WEB",
      "url": "https://forum.netgate.com/topic/184941/terrapin-ssh-attack"
    },
    {
      "type": "WEB",
      "url": "https://filezilla-project.org/versions.php"
    },
    {
      "type": "WEB",
      "url": "https://crates.io/crates/thrussh/versions"
    },
    {
      "type": "WEB",
      "url": "https://bugzilla.suse.com/show_bug.cgi?id=1217950"
    },
    {
      "type": "WEB",
      "url": "https://bugzilla.redhat.com/show_bug.cgi?id=2254210"
    },
    {
      "type": "WEB",
      "url": "https://bugs.gentoo.org/920280"
    },
    {
      "type": "WEB",
      "url": "https://arstechnica.com/security/2023/12/hackers-can-break-ssh-channel-integrity-using-novel-data-corruption-attack"
    },
    {
      "type": "WEB",
      "url": "https://access.redhat.com/security/cve/cve-2023-48795"
    },
    {
      "type": "WEB",
      "url": "https://lists.fedoraproject.org/archives/list/package-announce%40lists.fedoraproject.org/message/CHHITS4PUOZAKFIUBQAQZC7JWXMOYE4B"
    },
    {
      "type": "WEB",
      "url": "https://lists.fedoraproject.org/archives/list/package-announce%40lists.fedoraproject.org/message/C3AFMZ6MH2UHHOPIWT5YLSFV3D2VB3AC"
    },
    {
      "type": "WEB",
      "url": "https://lists.fedoraproject.org/archives/list/package-announce%40lists.fedoraproject.org/message/BL5KTLOSLH2KHRN4HCXJPK3JUVLDGEL6"
    },
    {
      "type": "WEB",
      "url": "https://lists.fedoraproject.org/archives/list/package-announce%40lists.fedoraproject.org/message/APYIXIQOVDCRWLHTGB4VYMAUIAQLKYJ3"
    },
    {
      "type": "WEB",
      "url": "https://lists.fedoraproject.org/archives/list/package-announce%40lists.fedoraproject.org/message/6Y74KVCPEPT4MVU3LHDWCNNOXOE5ZLUR"
    },
    {
      "type": "WEB",
      "url": "https://lists.fedoraproject.org/archives/list/package-announce%40lists.fedoraproject.org/message/3YQLUQWLIHDB5QCXQEX7HXHAWMOKPP5O"
    },
    {
      "type": "WEB",
      "url": "https://lists.fedoraproject.org/archives/list/package-announce%40lists.fedoraproject.org/message/3JIMLVBDWOP4FUPXPTB4PGHHIOMGFLQE"
    },
    {
      "type": "WEB",
      "url": "https://lists.fedoraproject.org/archives/list/package-announce%40lists.fedoraproject.org/message/3CAYYW35MUTNO65RVAELICTNZZFMT2XS"
    },
    {
      "type": "WEB",
      "url": "https://lists.fedoraproject.org/archives/list/package-announce%40lists.fedoraproject.org/message/33XHJUB6ROFUOH2OQNENFROTVH6MHSHA"
    },
    {
      "type": "WEB",
      "url": "https://lists.debian.org/debian-lts-announce/2024/04/msg00016.html"
    },
    {
      "type": "WEB",
      "url": "https://lists.debian.org/debian-lts-announce/2024/01/msg00014.html"
    },
    {
      "type": "WEB",
      "url": "https://lists.debian.org/debian-lts-announce/2024/01/msg00013.html"
    },
    {
      "type": "WEB",
      "url": "https://lists.debian.org/debian-lts-announce/2023/12/msg00017.html"
    },
    {
      "type": "WEB",
      "url": "https://jadaptive.com/important-java-ssh-security-update-new-ssh-vulnerability-discovered-cve-2023-48795"
    },
    {
      "type": "WEB",
      "url": "https://help.panic.com/releasenotes/transmit5"
    },
    {
      "type": "WEB",
      "url": "https://groups.google.com/g/golang-announce/c/qA3XtxvMUyg"
    },
    {
      "type": "WEB",
      "url": "https://groups.google.com/g/golang-announce/c/-n5WqVC18LQ"
    },
    {
      "type": "WEB",
      "url": "https://go.dev/issue/64784"
    },
    {
      "type": "WEB",
      "url": "https://go.dev/cl/550715"
    },
    {
      "type": "WEB",
      "url": "https://gitlab.com/libssh/libssh-mirror/-/tags"
    },
    {
      "type": "WEB",
      "url": "https://github.com/warp-tech/russh/releases/tag/v0.40.2"
    },
    {
      "type": "PACKAGE",
      "url": "https://github.com/warp-tech/russh"
    },
    {
      "type": "WEB",
      "url": "https://github.com/ronf/asyncssh/tags"
    },
    {
      "type": "WEB",
      "url": "https://github.com/ronf/asyncssh/blob/develop/docs/changes.rst"
    },
    {
      "type": "WEB",
      "url": "http://packetstormsecurity.com/files/176280/Terrapin-SSH-Connection-Weakening.html"
    },
    {
      "type": "WEB",
      "url": "http://seclists.org/fulldisclosure/2024/Mar/21"
    },
    {
      "type": "WEB",
      "url": "http://www.openwall.com/lists/oss-security/2023/12/18/3"
    },
    {
      "type": "WEB",
      "url": "http://www.openwall.com/lists/oss-security/2023/12/19/5"
    },
    {
      "type": "WEB",
      "url": "http://www.openwall.com/lists/oss-security/2023/12/20/3"
    },
    {
      "type": "WEB",
      "url": "http://www.openwall.com/lists/oss-security/2024/03/06/3"
    },
    {
      "type": "WEB",
      "url": "http://www.openwall.com/lists/oss-security/2024/04/17/8"
    }
  ],
  "affected": [
    {
      "package": {
        "name": "russh",
        "ecosystem": "crates.io",
        "purl": "pkg:cargo/russh"
      },
      "ranges": [
        {
          "type": "SEMVER",
          "events": [
            {
              "introduced": "0"
            },
            {
              "fixed": "0.40.2"
            }
          ]
        }
      ],
      "database_specific": {
        "source": "https://github.com/github/advisory-database/blob/main/advisories/github-reviewed/2023/12/GHSA-45x7-px36-x8w8/GHSA-45x7-px36-x8w8.json"
      }
    },
    {
      "package": {
        "name": "golang.org/x/crypto",
        "ecosystem": "Go",
        "purl": "pkg:golang/golang.org/x/crypto"
      },
      "ranges": [
        {
          "type": "SEMVER",
          "events": [
            {
              "introduced": "0"
            },
            {
              "fixed": "0.17.0"
            }
          ]
        }
      ],
      "database_specific": {
        "source": "https://github.com/github/advisory-database/blob/main/advisories/github-reviewed/2023/12/GHSA-45x7-px36-x8w8/GHSA-45x7-px36-x8w8.json"
      }
    },
    {
      "package": {
        "name": "paramiko",
        "ecosystem": "PyPI",
        "purl": "pkg:pypi/paramiko"
      },
      "ranges": [
        {
          "type": "ECOSYSTEM",
          "events": [
            {
              "introduced": "2.5.0"
            },
            {
              "fixed": "3.4.0"
            }
          ]
        }
      ],
      "versions": [
        "2.10.0",
        "2.10.1",
        "2.10.2",
        "2.10.3",
        "2.10.4",
        "2.10.5",
        "2.10.6",
        "2.11.0",
        "2.11.1",
        "2.12.0",
        "2.5.0",
        "2.5.1",
        "2.6.0",
        "2.7.0",
        "2.7.1",
        "2.7.2",
        "2.8.0",
        "2.8.1",
        "2.9.0",
        "2.9.1",
        "2.9.2",
        "2.9.3",
        "2.9.4",
        "2.9.5",
        "3.0.0",
        "3.1.0",
        "3.2.0",
        "3.3.0",
        "3.3.1"
      ],
      "database_specific": {
        "source": "https://github.com/github/advisory-database/blob/main/advisories/github-reviewed/2023/12/GHSA-45x7-px36-x8w8/GHSA-45x7-px36-x8w8.json"
      }
    }
  ],
  "schema_version": "1.6.0",
  "severity": [
    {
      "type": "CVSS_V3",
      "score": "CVSS:3.1/AV:N/AC:H/PR:N/UI:N/S:U/C:N/I:H/A:N"
    }
  ]
}