{
  "id": "GHSA-2p9h-ccw7-33gf",
  "summary": "cleo is vulnerable to Regular Expression Denial of Service (ReDoS)",
  "details": "An exponential ReDoS (Regular Expression Denial of Service) can be triggered in the cleo PyPI package, when an attacker is able to supply arbitrary input to the Table.set_rows method.",
  "aliases": [
    "CVE-2022-42966"
  ],
  "modified": "2023-11-08T04:10:40.813474Z",
  "published": "2022-11-10T12:01:17Z",
  "database_specific": {
    "nvd_published_at": "2022-11-09T20:15:00Z",
    "github_reviewed_at": "2022-11-10T18:52:40Z",
    "severity": "MODERATE",
    "github_reviewed": true,
    "cwe_ids": [
      "CWE-1333"
    ]
  },
  "references": [
    {
      "type": "ADVISORY",
      "url": "https://nvd.nist.gov/vuln/detail/CVE-2022-42966"
    },
    {
      "type": "WEB",
      "url": "https://github.com/python-poetry/cleo/pull/285"
    },
    {
      "type": "WEB",
      "url": "https://github.com/python-poetry/cleo/commit/b5b9a04d2caf58bf7cf94eb7ae4a1ebbe60ea455"
    },
    {
      "type": "PACKAGE",
      "url": "https://github.com/python-poetry/cleo"
    },
    {
      "type": "WEB",
      "url": "https://research.jfrog.com/vulnerabilities/cleo-redos-xray-257186"
    }
  ],
  "affected": [
    {
      "package": {
        "name": "cleo",
        "ecosystem": "PyPI",
        "purl": "pkg:pypi/cleo"
      },
      "ranges": [
        {
          "type": "ECOSYSTEM",
          "events": [
            {
              "introduced": "0"
            },
            {
              "fixed": "1.0.0"
            }
          ]
        }
      ],
      "versions": [
        "0.2.0",
        "0.2.1",
        "0.3.0",
        "0.4.0",
        "0.4.1",
        "0.5.0",
        "0.6.0",
        "0.6.1",
        "0.6.2",
        "0.6.3",
        "0.6.4",
        "0.6.4b1",
        "0.6.5",
        "0.6.6",
        "0.6.7",
        "0.6.8",
        "0.7.0",
        "0.7.1",
        "0.7.2",
        "0.7.3",
        "0.7.4",
        "0.7.5",
        "0.7.6",
        "0.8.0",
        "0.8.1",
        "1.0.0a1",
        "1.0.0a2",
        "1.0.0a3",
        "1.0.0a4",
        "1.0.0a5"
      ],
      "ecosystem_specific": {
        "affected_functions": [
          "cleo.ui.table.Table._render_cell"
        ]
      },
      "database_specific": {
        "last_known_affected_version_range": "<= 1.0.0a5",
        "source": "https://github.com/github/advisory-database/blob/main/advisories/github-reviewed/2022/11/GHSA-2p9h-ccw7-33gf/GHSA-2p9h-ccw7-33gf.json"
      }
    }
  ],
  "schema_version": "1.6.0",
  "severity": [
    {
      "type": "CVSS_V3",
      "score": "CVSS:3.1/AV:N/AC:H/PR:N/UI:N/S:U/C:N/I:N/A:H"
    }
  ]
}