{
  "id": "GHSA-5286-f2rf-35c2",
  "summary": "Wagtail vulnerable to stored Cross-site Scripting attack via ModelAdmin views",
  "details": "### Impact\n\nA stored cross-site scripting (XSS) vulnerability exists on ModelAdmin views within the Wagtail admin interface. A user with a limited-permission editor account for the Wagtail admin could potentially craft pages and documents that, when viewed by a user with higher privileges, could perform actions with that user's credentials. The vulnerability is not exploitable by an ordinary site visitor without access to the Wagtail admin, and only affects sites with ModelAdmin enabled.\n\n- For page, the vulnerability is in the \"Choose a parent page\" ModelAdmin view ([`ChooseParentView`](https://docs.wagtail.org/en/stable/reference/contrib/modeladmin/chooseparentview.html#customising-chooseparentview)), available when managing pages via ModelAdmin.\n- For documents, the vulnerability is in the ModelAdmin Inspect view ([`InspectView`](https://docs.wagtail.org/en/stable/reference/contrib/modeladmin/inspectview.html#enabling-customising-inspectview)) when displaying document fields.\n\n### Patches\n\nPatched versions have been released as Wagtail 4.1.4 (for the LTS 4.1 branch) and Wagtail 4.2.2 (for the current 4.2 branch).\n\n### Workarounds\n\nSite owners who are unable to upgrade to the new versions can disable or override the corresponding functionality.\n\n#### `ChooseParentView`\n\nFor [`ChooseParentView`](https://docs.wagtail.org/en/stable/reference/contrib/modeladmin/chooseparentview.html#modeladmin-choose-parent-view-class):\n\n- Disable ModelAdmin for all page models.\n- Or provide a custom view via [`choose_parent_view_class`](https://docs.wagtail.org/en/stable/reference/contrib/modeladmin/chooseparentview.html#id4), with the custom view overriding the `get_form` method.\n\nOne of those steps need to be applied for every `ModelAdmin` class hooked into Wagtail where the model is a Wagtail `Page` or sub-class. Here is an example of implementing the custom `ChooseParentView` with patched HTML escaping:\n\n```python\nfrom django import forms\nfrom django.utils.translation import gettext as _\nfrom wagtail.contrib.modeladmin.views import ChooseParentView\nfrom wagtail.contrib.modeladmin.forms import ParentChooserForm\n\n\nclass PatchedPageChoiceField(forms.ModelChoiceField):\n    \"\"\"PageChoiceField with plain-text breadcrumbs to patch stored XSS.\"\"\"\n    def label_from_instance(self, obj):\n        bits = []\n        for ancestor in (\n            obj.get_ancestors(inclusive=True).exclude(depth=1).specific(defer=True)\n        ):\n            bits.append(ancestor.get_admin_display_title())\n        return ' | '.join(bits)\n\n\nclass PatchedParentChooserForm(ParentChooserForm):\n    \"\"\"ParentChooserForm with custom parent_page to patch stored XSS.\"\"\"\n    parent_page = PatchedPageChoiceField(\n        label=_(\"Parent page\"),\n        required=True,\n        empty_label=None,\n        queryset=Page.objects.none(),\n        widget=forms.RadioSelect(),\n    )\n\n\nclass PatchedChooseParentView(ChooseParentView):\n    \"\"\"ChooseParentView with custom get_form patch stored XSS.\"\"\"\n    def get_form(self, request):\n        parents = self.permission_helper.get_valid_parent_pages(request.user)\n        return PatchedParentChooserForm(parents, request.POST or None)\n```\n\n#### `InspectView`\n\nFor [`InspectView`](https://docs.wagtail.org/en/stable/reference/contrib/modeladmin/inspectview.html#enabling-customising-inspectview):\n\n- Remove `inspect_view_enabled=True` or set it to False to disable the view.\n- Or use [`inspect_view_fields`](https://docs.wagtail.org/en/stable/reference/contrib/modeladmin/inspectview.html#modeladmin-inspect-view-fields) or [`inspect_view_fields_exclude`](https://docs.wagtail.org/en/stable/reference/contrib/modeladmin/inspectview.html#modeladmin-inspect-view-fields-exclude) to prevent displaying document fields in the views.\n- Or provide a custom view via [`inspect_view_class`](https://docs.wagtail.org/en/stable/reference/contrib/modeladmin/inspectview.html#id12), with the custom view overriding the `get_document_field_display` method.\n\nOne of those steps need to be applied for every `ModelAdmin` class hooked into Wagtail where `inspect_view_enabled=True`. Here is an example of implementing the custom `InspectView` with patched HTML escaping:\n\n```python\nfrom django.template.defaultfilters import filesizeformat\nfrom django.utils.html import format_html\nfrom wagtail.contrib.modeladmin.views import InspectView\n\n\nclass PatchedInspectView(InspectView):\n    \"\"\"InspectView with override to patch stored XSS vulnerability.\"\"\"\n    def get_document_field_display(self, field_name, field):\n        \"\"\"Render a link to a document\"\"\"\n        document = getattr(self.instance, field_name)\n        if document:\n            return format_html(\n                '<a href=\"{}\">{} <span class=\"meta\">({}, {})</span></a>',\n                document.url,\n                document.title,\n                document.file_extension.upper(),\n                filesizeformat(document.file.size),\n            )\n        return self.model_admin.get_empty_value_display(field_name)\n```",
  "aliases": [
    "CVE-2023-28836",
    "PYSEC-2023-55"
  ],
  "modified": "2023-11-08T04:12:14.881193Z",
  "published": "2023-04-03T17:25:27Z",
  "database_specific": {
    "nvd_published_at": "2023-04-03T17:15:00Z",
    "github_reviewed_at": "2023-04-03T17:25:27Z",
    "severity": "MODERATE",
    "github_reviewed": true,
    "cwe_ids": [
      "CWE-79"
    ]
  },
  "references": [
    {
      "type": "WEB",
      "url": "https://github.com/wagtail/wagtail/security/advisories/GHSA-5286-f2rf-35c2"
    },
    {
      "type": "ADVISORY",
      "url": "https://nvd.nist.gov/vuln/detail/CVE-2023-28836"
    },
    {
      "type": "WEB",
      "url": "https://github.com/wagtail/wagtail/commit/5be2b1ed55fd7259dfdf2c82e7701dba407b8b62"
    },
    {
      "type": "WEB",
      "url": "https://github.com/wagtail/wagtail/commit/bc84bf9815610cfbf8db3b6050c7ddcbaa4b9713"
    },
    {
      "type": "WEB",
      "url": "https://github.com/wagtail/wagtail/commit/eefc3381d37b476791610e5d30594fae443f33af"
    },
    {
      "type": "WEB",
      "url": "https://github.com/wagtail/wagtail/commit/ff806ab173a504395fdfb3139eb0a29444ab4b91"
    },
    {
      "type": "WEB",
      "url": "https://docs.wagtail.org/en/stable/reference/contrib/modeladmin/chooseparentview.html#customising-chooseparentview"
    },
    {
      "type": "WEB",
      "url": "https://docs.wagtail.org/en/stable/reference/contrib/modeladmin/inspectview.html#enabling-customising-inspectview"
    },
    {
      "type": "PACKAGE",
      "url": "https://github.com/wagtail/wagtail"
    },
    {
      "type": "WEB",
      "url": "https://github.com/wagtail/wagtail/releases/tag/v4.1.4"
    },
    {
      "type": "WEB",
      "url": "https://github.com/wagtail/wagtail/releases/tag/v4.2.2"
    }
  ],
  "affected": [
    {
      "package": {
        "name": "wagtail",
        "ecosystem": "PyPI",
        "purl": "pkg:pypi/wagtail"
      },
      "ranges": [
        {
          "type": "ECOSYSTEM",
          "events": [
            {
              "introduced": "1.5"
            },
            {
              "fixed": "4.1.4"
            }
          ]
        }
      ],
      "versions": [
        "1.10",
        "1.10.1",
        "1.10rc1",
        "1.11",
        "1.11.1",
        "1.11rc1",
        "1.12",
        "1.12.1",
        "1.12.2",
        "1.12.3",
        "1.12.4",
        "1.12.5",
        "1.12.6",
        "1.12rc1",
        "1.13",
        "1.13.1",
        "1.13.2",
        "1.13.3",
        "1.13.4",
        "1.13rc1",
        "1.5",
        "1.5.1",
        "1.5.2",
        "1.5.3",
        "1.6",
        "1.6.1",
        "1.6.2",
        "1.6.3",
        "1.6rc1",
        "1.7",
        "1.7rc1",
        "1.8",
        "1.8.1",
        "1.8.2",
        "1.8rc1",
        "1.9",
        "1.9.1",
        "1.9rc1",
        "2.0",
        "2.0.1",
        "2.0.2",
        "2.0b1",
        "2.0rc1",
        "2.1",
        "2.1.1",
        "2.1.2",
        "2.1.3",
        "2.10",
        "2.10.1",
        "2.10.2",
        "2.10rc1",
        "2.10rc2",
        "2.11",
        "2.11.1",
        "2.11.2",
        "2.11.3",
        "2.11.4",
        "2.11.5",
        "2.11.6",
        "2.11.7",
        "2.11.8",
        "2.11.9",
        "2.11rc1",
        "2.12",
        "2.12.1",
        "2.12.2",
        "2.12.3",
        "2.12.4",
        "2.12.5",
        "2.12.6",
        "2.12rc1",
        "2.13",
        "2.13.1",
        "2.13.2",
        "2.13.3",
        "2.13.4",
        "2.13.5",
        "2.13rc1",
        "2.13rc2",
        "2.13rc3",
        "2.14",
        "2.14.1",
        "2.14.2",
        "2.14rc1",
        "2.15",
        "2.15.1",
        "2.15.2",
        "2.15.3",
        "2.15.4",
        "2.15.5",
        "2.15.6",
        "2.15rc1",
        "2.15rc2",
        "2.16",
        "2.16.1",
        "2.16.2",
        "2.16.3",
        "2.16rc1",
        "2.16rc2",
        "2.1rc1",
        "2.1rc2",
        "2.2",
        "2.2.1",
        "2.2.2",
        "2.2rc1",
        "2.2rc2",
        "2.3",
        "2.3rc1",
        "2.3rc2",
        "2.4",
        "2.4rc1",
        "2.5",
        "2.5.1",
        "2.5.2",
        "2.5rc1",
        "2.6",
        "2.6.1",
        "2.6.2",
        "2.6.3",
        "2.6rc1",
        "2.7",
        "2.7.1",
        "2.7.2",
        "2.7.3",
        "2.7.4",
        "2.7rc1",
        "2.7rc2",
        "2.8",
        "2.8.1",
        "2.8.2",
        "2.8rc1",
        "2.9",
        "2.9.1",
        "2.9.2",
        "2.9.3",
        "2.9rc1",
        "3.0",
        "3.0.1",
        "3.0.2",
        "3.0.3",
        "3.0rc1",
        "3.0rc2",
        "3.0rc3",
        "4.0",
        "4.0.1",
        "4.0.2",
        "4.0.3",
        "4.0.4",
        "4.0rc1",
        "4.0rc2",
        "4.1",
        "4.1.1",
        "4.1.2",
        "4.1.3",
        "4.1rc1"
      ],
      "database_specific": {
        "source": "https://github.com/github/advisory-database/blob/main/advisories/github-reviewed/2023/04/GHSA-5286-f2rf-35c2/GHSA-5286-f2rf-35c2.json"
      }
    },
    {
      "package": {
        "name": "wagtail",
        "ecosystem": "PyPI",
        "purl": "pkg:pypi/wagtail"
      },
      "ranges": [
        {
          "type": "ECOSYSTEM",
          "events": [
            {
              "introduced": "4.2"
            },
            {
              "fixed": "4.2.2"
            }
          ]
        }
      ],
      "versions": [
        "4.2",
        "4.2.1"
      ],
      "database_specific": {
        "source": "https://github.com/github/advisory-database/blob/main/advisories/github-reviewed/2023/04/GHSA-5286-f2rf-35c2/GHSA-5286-f2rf-35c2.json"
      }
    }
  ],
  "schema_version": "1.6.0",
  "severity": [
    {
      "type": "CVSS_V3",
      "score": "CVSS:3.1/AV:N/AC:H/PR:H/UI:R/S:U/C:H/I:H/A:H"
    }
  ]
}