{
  "id": "GHSA-2q75-f7cp-w86q",
  "summary": "Plone contains Cross-site Request Forgery",
  "details": "The batch id change script (renameObjectsByPaths.py) in Plone before 4.2.3 and 4.3 before beta 1 allows remote attackers to change the titles of content items by leveraging a valid CSRF token in a crafted request.",
  "aliases": [
    "CVE-2012-5500",
    "PYSEC-2014-42"
  ],
  "modified": "2023-11-08T03:57:09.355606Z",
  "published": "2022-05-17T04:30:18Z",
  "database_specific": {
    "nvd_published_at": "2014-11-03T22:55:00Z",
    "github_reviewed_at": "2023-02-04T00:15:51Z",
    "severity": "MODERATE",
    "github_reviewed": true,
    "cwe_ids": [
      "CWE-352"
    ]
  },
  "references": [
    {
      "type": "ADVISORY",
      "url": "https://nvd.nist.gov/vuln/detail/CVE-2012-5500"
    },
    {
      "type": "WEB",
      "url": "https://access.redhat.com/errata/RHSA-2014:1194"
    },
    {
      "type": "WEB",
      "url": "https://access.redhat.com/security/cve/CVE-2012-5500"
    },
    {
      "type": "WEB",
      "url": "https://bugzilla.redhat.com/show_bug.cgi?id=874649"
    },
    {
      "type": "WEB",
      "url": "https://github.com/plone/Products.CMFPlone/blob/4.2.3/docs/CHANGES.txt"
    },
    {
      "type": "PACKAGE",
      "url": "https://github.com/plone/plone"
    },
    {
      "type": "WEB",
      "url": "https://plone.org/products/plone-hotfix/releases/20121106"
    },
    {
      "type": "WEB",
      "url": "https://plone.org/products/plone/security/advisories/20121106/16"
    },
    {
      "type": "WEB",
      "url": "http://rhn.redhat.com/errata/RHSA-2014-1194.html"
    },
    {
      "type": "WEB",
      "url": "http://www.openwall.com/lists/oss-security/2012/11/10/1"
    }
  ],
  "affected": [
    {
      "package": {
        "name": "plone",
        "ecosystem": "PyPI",
        "purl": "pkg:pypi/plone"
      },
      "ranges": [
        {
          "type": "ECOSYSTEM",
          "events": [
            {
              "introduced": "0"
            },
            {
              "fixed": "4.2.3"
            }
          ]
        }
      ],
      "versions": [
        "3.2",
        "3.2.1",
        "3.2.2",
        "3.2.3",
        "3.2a1",
        "3.2rc1",
        "3.3",
        "3.3.1",
        "3.3.2",
        "3.3.3",
        "3.3.4",
        "3.3.5",
        "3.3.6",
        "3.3b1",
        "3.3rc1",
        "3.3rc2",
        "3.3rc3",
        "3.3rc4",
        "3.3rc5",
        "4.0",
        "4.0.1",
        "4.0.10",
        "4.0.2",
        "4.0.3",
        "4.0.4",
        "4.0.5",
        "4.0.6",
        "4.0.7",
        "4.0.8",
        "4.0.9",
        "4.0a1",
        "4.0a2",
        "4.0a3",
        "4.0a4",
        "4.0a5",
        "4.0b1",
        "4.0b2",
        "4.0b3",
        "4.0b4",
        "4.0b5",
        "4.0rc1",
        "4.1",
        "4.1.1",
        "4.1.2",
        "4.1.3",
        "4.1.4",
        "4.1.5",
        "4.1.6",
        "4.1a1",
        "4.1a2",
        "4.1a3",
        "4.1b1",
        "4.1b2",
        "4.1rc2",
        "4.1rc3",
        "4.2",
        "4.2.1",
        "4.2.2",
        "4.2a1",
        "4.2a2",
        "4.2b1",
        "4.2b2",
        "4.2rc1",
        "4.2rc2"
      ],
      "database_specific": {
        "source": "https://github.com/github/advisory-database/blob/main/advisories/github-reviewed/2022/05/GHSA-2q75-f7cp-w86q/GHSA-2q75-f7cp-w86q.json"
      }
    },
    {
      "package": {
        "name": "plone",
        "ecosystem": "PyPI",
        "purl": "pkg:pypi/plone"
      },
      "ranges": [
        {
          "type": "ECOSYSTEM",
          "events": [
            {
              "introduced": "4.3a1"
            },
            {
              "fixed": "4.3b1"
            }
          ]
        }
      ],
      "versions": [
        "4.3a1",
        "4.3a2"
      ],
      "database_specific": {
        "source": "https://github.com/github/advisory-database/blob/main/advisories/github-reviewed/2022/05/GHSA-2q75-f7cp-w86q/GHSA-2q75-f7cp-w86q.json"
      }
    }
  ],
  "schema_version": "1.6.0"
}