{
  "id": "GHSA-4vf2-4xcg-65cx",
  "summary": "Division by 0 in `Conv2D`",
  "details": "### Impact\nAn attacker can trigger a division by 0 in `tf.raw_ops.Conv2D`:\n\n```python\nimport tensorflow as tf\n\ninput = tf.constant([], shape=[0, 0, 0, 0], dtype=tf.float32)\nfilter = tf.constant([], shape=[0, 0, 0, 0], dtype=tf.float32)\n\nstrides = [1, 1, 1, 1]\npadding = \"SAME\"\n                               \ntf.raw_ops.Conv2D(input=input, filter=filter, strides=strides, padding=padding)\n```                            \n                               \nThis is because the [implementation](https://github.com/tensorflow/tensorflow/blob/988087bd83f144af14087fe4fecee2d250d93737/tensorflow/core/kernels/conv_ops.cc#L261-L263) does a division by a quantity that is controlled by the caller:\n```cc\n  const int64 patch_depth = filter.dim_size(2);\n  if (in_depth % patch_depth != 0) { ... }\n```\n  \n### Patches\nWe have patched the issue in GitHub commit [b12aa1d44352de21d1a6faaf04172d8c2508b42b](https://github.com/tensorflow/tensorflow/commit/b12aa1d44352de21d1a6faaf04172d8c2508b42b).\n  \nThe fix will be included in TensorFlow 2.5.0. We will also cherrypick this commit on TensorFlow 2.4.2, TensorFlow 2.3.3, TensorFlow 2.2.3 and TensorFlow 2.1.4, as these are also affected and still in supported range.\n\n### For more information\nPlease consult [our security guide](https://github.com/tensorflow/tensorflow/blob/master/SECURITY.md) for more information regarding the security model and how to contact us with issues and questions.\n\n### Attribution \nThis vulnerability has been reported by Ying Wang and Yakun Zhang of Baidu X-Team.",
  "aliases": [
    "BIT-tensorflow-2021-29526",
    "CVE-2021-29526",
    "PYSEC-2021-163",
    "PYSEC-2021-454",
    "PYSEC-2021-652"
  ],
  "modified": "2023-12-06T01:01:04.040599Z",
  "published": "2021-05-21T14:21:55Z",
  "database_specific": {
    "nvd_published_at": "2021-05-14T20:15:00Z",
    "github_reviewed_at": "2021-05-18T23:14:52Z",
    "severity": "LOW",
    "github_reviewed": true,
    "cwe_ids": [
      "CWE-369"
    ]
  },
  "references": [
    {
      "type": "WEB",
      "url": "https://github.com/tensorflow/tensorflow/security/advisories/GHSA-4vf2-4xcg-65cx"
    },
    {
      "type": "ADVISORY",
      "url": "https://nvd.nist.gov/vuln/detail/CVE-2021-29526"
    },
    {
      "type": "WEB",
      "url": "https://github.com/tensorflow/tensorflow/commit/b12aa1d44352de21d1a6faaf04172d8c2508b42b"
    }
  ],
  "affected": [
    {
      "package": {
        "name": "tensorflow",
        "ecosystem": "PyPI",
        "purl": "pkg:pypi/tensorflow"
      },
      "ranges": [
        {
          "type": "ECOSYSTEM",
          "events": [
            {
              "introduced": "0"
            },
            {
              "fixed": "2.1.4"
            }
          ]
        }
      ],
      "versions": [
        "0.12.0",
        "0.12.1",
        "1.0.0",
        "1.0.1",
        "1.1.0",
        "1.10.0",
        "1.10.1",
        "1.11.0",
        "1.12.0",
        "1.12.2",
        "1.12.3",
        "1.13.1",
        "1.13.2",
        "1.14.0",
        "1.15.0",
        "1.15.2",
        "1.15.3",
        "1.15.4",
        "1.15.5",
        "1.2.0",
        "1.2.1",
        "1.3.0",
        "1.4.0",
        "1.4.1",
        "1.5.0",
        "1.5.1",
        "1.6.0",
        "1.7.0",
        "1.7.1",
        "1.8.0",
        "1.9.0",
        "2.0.0",
        "2.0.1",
        "2.0.2",
        "2.0.3",
        "2.0.4",
        "2.1.0",
        "2.1.1",
        "2.1.2",
        "2.1.3"
      ],
      "database_specific": {
        "source": "https://github.com/github/advisory-database/blob/main/advisories/github-reviewed/2021/05/GHSA-4vf2-4xcg-65cx/GHSA-4vf2-4xcg-65cx.json"
      }
    },
    {
      "package": {
        "name": "tensorflow",
        "ecosystem": "PyPI",
        "purl": "pkg:pypi/tensorflow"
      },
      "ranges": [
        {
          "type": "ECOSYSTEM",
          "events": [
            {
              "introduced": "2.2.0"
            },
            {
              "fixed": "2.2.3"
            }
          ]
        }
      ],
      "versions": [
        "2.2.0",
        "2.2.1",
        "2.2.2"
      ],
      "database_specific": {
        "source": "https://github.com/github/advisory-database/blob/main/advisories/github-reviewed/2021/05/GHSA-4vf2-4xcg-65cx/GHSA-4vf2-4xcg-65cx.json"
      }
    },
    {
      "package": {
        "name": "tensorflow",
        "ecosystem": "PyPI",
        "purl": "pkg:pypi/tensorflow"
      },
      "ranges": [
        {
          "type": "ECOSYSTEM",
          "events": [
            {
              "introduced": "2.3.0"
            },
            {
              "fixed": "2.3.3"
            }
          ]
        }
      ],
      "versions": [
        "2.3.0",
        "2.3.1",
        "2.3.2"
      ],
      "database_specific": {
        "source": "https://github.com/github/advisory-database/blob/main/advisories/github-reviewed/2021/05/GHSA-4vf2-4xcg-65cx/GHSA-4vf2-4xcg-65cx.json"
      }
    },
    {
      "package": {
        "name": "tensorflow",
        "ecosystem": "PyPI",
        "purl": "pkg:pypi/tensorflow"
      },
      "ranges": [
        {
          "type": "ECOSYSTEM",
          "events": [
            {
              "introduced": "2.4.0"
            },
            {
              "fixed": "2.4.2"
            }
          ]
        }
      ],
      "versions": [
        "2.4.0",
        "2.4.1"
      ],
      "database_specific": {
        "source": "https://github.com/github/advisory-database/blob/main/advisories/github-reviewed/2021/05/GHSA-4vf2-4xcg-65cx/GHSA-4vf2-4xcg-65cx.json"
      }
    },
    {
      "package": {
        "name": "tensorflow-cpu",
        "ecosystem": "PyPI",
        "purl": "pkg:pypi/tensorflow-cpu"
      },
      "ranges": [
        {
          "type": "ECOSYSTEM",
          "events": [
            {
              "introduced": "0"
            },
            {
              "fixed": "2.1.4"
            }
          ]
        }
      ],
      "versions": [
        "1.15.0",
        "2.1.0",
        "2.1.1",
        "2.1.2",
        "2.1.3"
      ],
      "database_specific": {
        "source": "https://github.com/github/advisory-database/blob/main/advisories/github-reviewed/2021/05/GHSA-4vf2-4xcg-65cx/GHSA-4vf2-4xcg-65cx.json"
      }
    },
    {
      "package": {
        "name": "tensorflow-cpu",
        "ecosystem": "PyPI",
        "purl": "pkg:pypi/tensorflow-cpu"
      },
      "ranges": [
        {
          "type": "ECOSYSTEM",
          "events": [
            {
              "introduced": "2.2.0"
            },
            {
              "fixed": "2.2.3"
            }
          ]
        }
      ],
      "versions": [
        "2.2.0",
        "2.2.1",
        "2.2.2"
      ],
      "database_specific": {
        "source": "https://github.com/github/advisory-database/blob/main/advisories/github-reviewed/2021/05/GHSA-4vf2-4xcg-65cx/GHSA-4vf2-4xcg-65cx.json"
      }
    },
    {
      "package": {
        "name": "tensorflow-cpu",
        "ecosystem": "PyPI",
        "purl": "pkg:pypi/tensorflow-cpu"
      },
      "ranges": [
        {
          "type": "ECOSYSTEM",
          "events": [
            {
              "introduced": "2.3.0"
            },
            {
              "fixed": "2.3.3"
            }
          ]
        }
      ],
      "versions": [
        "2.3.0",
        "2.3.1",
        "2.3.2"
      ],
      "database_specific": {
        "source": "https://github.com/github/advisory-database/blob/main/advisories/github-reviewed/2021/05/GHSA-4vf2-4xcg-65cx/GHSA-4vf2-4xcg-65cx.json"
      }
    },
    {
      "package": {
        "name": "tensorflow-cpu",
        "ecosystem": "PyPI",
        "purl": "pkg:pypi/tensorflow-cpu"
      },
      "ranges": [
        {
          "type": "ECOSYSTEM",
          "events": [
            {
              "introduced": "2.4.0"
            },
            {
              "fixed": "2.4.2"
            }
          ]
        }
      ],
      "versions": [
        "2.4.0",
        "2.4.1"
      ],
      "database_specific": {
        "source": "https://github.com/github/advisory-database/blob/main/advisories/github-reviewed/2021/05/GHSA-4vf2-4xcg-65cx/GHSA-4vf2-4xcg-65cx.json"
      }
    },
    {
      "package": {
        "name": "tensorflow-gpu",
        "ecosystem": "PyPI",
        "purl": "pkg:pypi/tensorflow-gpu"
      },
      "ranges": [
        {
          "type": "ECOSYSTEM",
          "events": [
            {
              "introduced": "0"
            },
            {
              "fixed": "2.1.4"
            }
          ]
        }
      ],
      "versions": [
        "0.12.0",
        "0.12.1",
        "1.0.0",
        "1.0.1",
        "1.1.0",
        "1.10.0",
        "1.10.1",
        "1.11.0",
        "1.12.0",
        "1.12.2",
        "1.12.3",
        "1.13.1",
        "1.13.2",
        "1.14.0",
        "1.15.0",
        "1.15.2",
        "1.15.3",
        "1.15.4",
        "1.15.5",
        "1.2.0",
        "1.2.1",
        "1.3.0",
        "1.4.0",
        "1.4.1",
        "1.5.0",
        "1.5.1",
        "1.6.0",
        "1.7.0",
        "1.7.1",
        "1.8.0",
        "1.9.0",
        "2.0.0",
        "2.0.1",
        "2.0.2",
        "2.0.3",
        "2.0.4",
        "2.1.0",
        "2.1.1",
        "2.1.2",
        "2.1.3"
      ],
      "database_specific": {
        "source": "https://github.com/github/advisory-database/blob/main/advisories/github-reviewed/2021/05/GHSA-4vf2-4xcg-65cx/GHSA-4vf2-4xcg-65cx.json"
      }
    },
    {
      "package": {
        "name": "tensorflow-gpu",
        "ecosystem": "PyPI",
        "purl": "pkg:pypi/tensorflow-gpu"
      },
      "ranges": [
        {
          "type": "ECOSYSTEM",
          "events": [
            {
              "introduced": "2.2.0"
            },
            {
              "fixed": "2.2.3"
            }
          ]
        }
      ],
      "versions": [
        "2.2.0",
        "2.2.1",
        "2.2.2"
      ],
      "database_specific": {
        "source": "https://github.com/github/advisory-database/blob/main/advisories/github-reviewed/2021/05/GHSA-4vf2-4xcg-65cx/GHSA-4vf2-4xcg-65cx.json"
      }
    },
    {
      "package": {
        "name": "tensorflow-gpu",
        "ecosystem": "PyPI",
        "purl": "pkg:pypi/tensorflow-gpu"
      },
      "ranges": [
        {
          "type": "ECOSYSTEM",
          "events": [
            {
              "introduced": "2.3.0"
            },
            {
              "fixed": "2.3.3"
            }
          ]
        }
      ],
      "versions": [
        "2.3.0",
        "2.3.1",
        "2.3.2"
      ],
      "database_specific": {
        "source": "https://github.com/github/advisory-database/blob/main/advisories/github-reviewed/2021/05/GHSA-4vf2-4xcg-65cx/GHSA-4vf2-4xcg-65cx.json"
      }
    },
    {
      "package": {
        "name": "tensorflow-gpu",
        "ecosystem": "PyPI",
        "purl": "pkg:pypi/tensorflow-gpu"
      },
      "ranges": [
        {
          "type": "ECOSYSTEM",
          "events": [
            {
              "introduced": "2.4.0"
            },
            {
              "fixed": "2.4.2"
            }
          ]
        }
      ],
      "versions": [
        "2.4.0",
        "2.4.1"
      ],
      "database_specific": {
        "source": "https://github.com/github/advisory-database/blob/main/advisories/github-reviewed/2021/05/GHSA-4vf2-4xcg-65cx/GHSA-4vf2-4xcg-65cx.json"
      }
    }
  ],
  "schema_version": "1.6.0",
  "severity": [
    {
      "type": "CVSS_V3",
      "score": "CVSS:3.1/AV:L/AC:H/PR:L/UI:N/S:U/C:N/I:N/A:L"
    }
  ]
}