{
  "id": "GHSA-4rrr-j7ff-r844",
  "summary": "python-keystoneclient missing expiration check in PKI token validation ",
  "details": "python-keystoneclient before 0.2.4, as used in OpenStack Keystone (Folsom), does not properly check expiry for PKI tokens, which allows remote authenticated users to (1) retain use of a token after it has expired, or (2) use a revoked token once it expires.",
  "aliases": [
    "CVE-2013-2104",
    "PYSEC-2014-69"
  ],
  "modified": "2024-02-16T08:19:21.745163Z",
  "published": "2022-05-17T04:54:13Z",
  "database_specific": {
    "nvd_published_at": "2014-01-21T18:55:00Z",
    "cwe_ids": [],
    "severity": "MODERATE",
    "github_reviewed": true,
    "github_reviewed_at": "2023-08-29T18:28:22Z"
  },
  "references": [
    {
      "type": "ADVISORY",
      "url": "https://nvd.nist.gov/vuln/detail/CVE-2013-2104"
    },
    {
      "type": "WEB",
      "url": "https://access.redhat.com/errata/RHSA-2013:0944"
    },
    {
      "type": "WEB",
      "url": "https://access.redhat.com/security/cve/CVE-2013-2104"
    },
    {
      "type": "WEB",
      "url": "https://bugs.launchpad.net/python-keystoneclient/+bug/1179615"
    },
    {
      "type": "WEB",
      "url": "https://bugzilla.redhat.com/show_bug.cgi?id=965852"
    },
    {
      "type": "WEB",
      "url": "http://lists.opensuse.org/opensuse-updates/2013-06/msg00198.html"
    },
    {
      "type": "WEB",
      "url": "http://rhn.redhat.com/errata/RHSA-2013-0944.html"
    },
    {
      "type": "WEB",
      "url": "http://www.openwall.com/lists/oss-security/2013/05/28/7"
    },
    {
      "type": "WEB",
      "url": "http://www.ubuntu.com/usn/USN-1851-1"
    },
    {
      "type": "WEB",
      "url": "http://www.ubuntu.com/usn/USN-1875-1"
    }
  ],
  "affected": [
    {
      "package": {
        "name": "python-keystoneclient",
        "ecosystem": "PyPI",
        "purl": "pkg:pypi/python-keystoneclient"
      },
      "ranges": [
        {
          "type": "ECOSYSTEM",
          "events": [
            {
              "introduced": "0"
            },
            {
              "fixed": "0.2.4"
            }
          ]
        }
      ],
      "versions": [
        "0.1.1",
        "0.1.2",
        "0.1.3",
        "0.2.0",
        "0.2.1",
        "0.2.2",
        "0.2.3"
      ],
      "database_specific": {
        "source": "https://github.com/github/advisory-database/blob/main/advisories/github-reviewed/2022/05/GHSA-4rrr-j7ff-r844/GHSA-4rrr-j7ff-r844.json"
      }
    }
  ],
  "schema_version": "1.6.0"
}