{
  "id": "GHSA-4c42-4rxm-x6qf",
  "summary": "Django Denial of Service Vulnerability in the authentication framework ",
  "details": "The authentication framework (django.contrib.auth) in Django 1.4.x before 1.4.8, 1.5.x before 1.5.4, and 1.6.x before 1.6 beta 4 allows remote attackers to cause a denial of service (CPU consumption) via a long password which is then hashed.",
  "aliases": [
    "CVE-2013-1443",
    "PYSEC-2013-18"
  ],
  "modified": "2024-05-16T18:49:34.472901Z",
  "published": "2022-05-17T04:53:45Z",
  "database_specific": {
    "nvd_published_at": "2013-09-23T20:55:00Z",
    "cwe_ids": [
      "CWE-400"
    ],
    "severity": "MODERATE",
    "github_reviewed": true,
    "github_reviewed_at": "2023-08-17T23:30:35Z"
  },
  "references": [
    {
      "type": "ADVISORY",
      "url": "https://nvd.nist.gov/vuln/detail/CVE-2013-1443"
    },
    {
      "type": "WEB",
      "url": "https://github.com/django/django/commit/22b74fa09d7ccbc8c52270d648a0da7f3f0fa2bc"
    },
    {
      "type": "WEB",
      "url": "https://github.com/django/django/commit/3f3d887a6844ec2db743fee64c9e53e04d39a368"
    },
    {
      "type": "PACKAGE",
      "url": "https://github.com/django/django"
    },
    {
      "type": "WEB",
      "url": "https://www.djangoproject.com/weblog/2013/sep/15/security"
    },
    {
      "type": "WEB",
      "url": "http://lists.opensuse.org/opensuse-updates/2013-10/msg00015.html"
    },
    {
      "type": "WEB",
      "url": "http://lists.opensuse.org/opensuse-updates/2013-11/msg00035.html"
    },
    {
      "type": "WEB",
      "url": "http://python.6.x6.nabble.com/Set-a-reasonable-upper-bound-on-password-length-td5032218.html"
    },
    {
      "type": "WEB",
      "url": "http://www.debian.org/security/2013/dsa-2758"
    }
  ],
  "affected": [
    {
      "package": {
        "name": "django",
        "ecosystem": "PyPI",
        "purl": "pkg:pypi/django"
      },
      "ranges": [
        {
          "type": "ECOSYSTEM",
          "events": [
            {
              "introduced": "1.4.0"
            },
            {
              "fixed": "1.4.8"
            }
          ]
        }
      ],
      "versions": [
        "1.4",
        "1.4.1",
        "1.4.2",
        "1.4.3",
        "1.4.4",
        "1.4.5",
        "1.4.6",
        "1.4.7"
      ],
      "database_specific": {
        "source": "https://github.com/github/advisory-database/blob/main/advisories/github-reviewed/2022/05/GHSA-4c42-4rxm-x6qf/GHSA-4c42-4rxm-x6qf.json"
      }
    },
    {
      "package": {
        "name": "django",
        "ecosystem": "PyPI",
        "purl": "pkg:pypi/django"
      },
      "ranges": [
        {
          "type": "ECOSYSTEM",
          "events": [
            {
              "introduced": "1.5.0"
            },
            {
              "fixed": "1.5.4"
            }
          ]
        }
      ],
      "versions": [
        "1.5",
        "1.5.1",
        "1.5.2",
        "1.5.3"
      ],
      "database_specific": {
        "source": "https://github.com/github/advisory-database/blob/main/advisories/github-reviewed/2022/05/GHSA-4c42-4rxm-x6qf/GHSA-4c42-4rxm-x6qf.json"
      }
    }
  ],
  "schema_version": "1.6.0"
}