{
  "id": "GHSA-258h-f687-4226",
  "summary": "PheonixAppAPI has visible Encoding Maps",
  "details": "### Impact\nThe issue is that the map of encoding/decoding languages are visible in code. \n\n### Patches\nThe problem was patched in 0.2.4.\n\n### Workarounds\nThe only known workaround is apply the fix to the code manually.",
  "aliases": [
    "CVE-2024-41951"
  ],
  "modified": "2024-07-31T22:20:31.139224Z",
  "published": "2024-07-31T21:04:28Z",
  "database_specific": {
    "nvd_published_at": "2024-07-31T20:15:06Z",
    "cwe_ids": [
      "CWE-323"
    ],
    "severity": "MODERATE",
    "github_reviewed": true,
    "github_reviewed_at": "2024-07-31T21:04:28Z"
  },
  "references": [
    {
      "type": "WEB",
      "url": "https://github.com/AkshuDev/PheonixAppAPI/security/advisories/GHSA-258h-f687-4226"
    },
    {
      "type": "ADVISORY",
      "url": "https://nvd.nist.gov/vuln/detail/CVE-2024-41951"
    },
    {
      "type": "WEB",
      "url": "https://github.com/AkshuDev/PheonixAppAPI/commit/0937419e323f5ea9013d43dc1b82fef9d7e05044"
    },
    {
      "type": "PACKAGE",
      "url": "https://github.com/AkshuDev/PheonixAppAPI"
    }
  ],
  "affected": [
    {
      "package": {
        "name": "pheonixappapi",
        "ecosystem": "PyPI",
        "purl": "pkg:pypi/pheonixappapi"
      },
      "ranges": [
        {
          "type": "ECOSYSTEM",
          "events": [
            {
              "introduced": "0"
            },
            {
              "fixed": "0.2.4"
            }
          ]
        }
      ],
      "versions": [
        "0.0.1",
        "0.0.1.1",
        "0.0.2",
        "0.0.3",
        "0.0.4",
        "0.0.5",
        "0.0.6",
        "0.0.7",
        "0.0.8",
        "0.0.8.1",
        "0.0.9",
        "0.1.1",
        "0.1.2",
        "0.1.3",
        "0.2.0rc0",
        "0.2.3"
      ],
      "database_specific": {
        "source": "https://github.com/github/advisory-database/blob/main/advisories/github-reviewed/2024/07/GHSA-258h-f687-4226/GHSA-258h-f687-4226.json"
      }
    }
  ],
  "schema_version": "1.6.0",
  "severity": [
    {
      "type": "CVSS_V3",
      "score": "CVSS:3.1/AV:L/AC:L/PR:L/UI:N/S:U/C:L/I:L/A:N"
    },
    {
      "type": "CVSS_V4",
      "score": "CVSS:4.0/AV:N/AC:L/AT:N/PR:L/UI:N/VC:L/VI:L/VA:N/SC:N/SI:N/SA:N"
    }
  ]
}