{
  "id": "GHSA-437p-qw95-wqqr",
  "summary": "Trac vulnerable to denial of service",
  "details": "Unspecified vulnerability in Trac before 0.11.2 allows attackers to cause a denial of service via unknown attack vectors related to \"certain wiki markup.\"",
  "aliases": [
    "CVE-2008-5646",
    "PYSEC-2008-6"
  ],
  "modified": "2024-04-30T09:26:52.261999Z",
  "published": "2022-05-17T02:17:25Z",
  "database_specific": {
    "nvd_published_at": "2008-12-17T18:30:00Z",
    "cwe_ids": [],
    "severity": "HIGH",
    "github_reviewed": true,
    "github_reviewed_at": "2024-04-30T08:50:33Z"
  },
  "references": [
    {
      "type": "ADVISORY",
      "url": "https://nvd.nist.gov/vuln/detail/CVE-2008-5646"
    },
    {
      "type": "WEB",
      "url": "https://exchange.xforce.ibmcloud.com/vulnerabilities/46492"
    },
    {
      "type": "WEB",
      "url": "https://web.archive.org/web/20130513231757/http://secunia.com/advisories/32652"
    },
    {
      "type": "WEB",
      "url": "https://web.archive.org/web/20200228023138/http://www.securityfocus.com/bid/32226"
    },
    {
      "type": "WEB",
      "url": "http://trac.edgewall.org/wiki/ChangeLog"
    }
  ],
  "affected": [
    {
      "package": {
        "name": "trac",
        "ecosystem": "PyPI",
        "purl": "pkg:pypi/trac"
      },
      "ranges": [
        {
          "type": "ECOSYSTEM",
          "events": [
            {
              "introduced": "0"
            },
            {
              "fixed": "0.11.2"
            }
          ]
        }
      ],
      "versions": [
        "0.10",
        "0.11",
        "0.11.1",
        "0.8.4",
        "0.9"
      ],
      "database_specific": {
        "source": "https://github.com/github/advisory-database/blob/main/advisories/github-reviewed/2022/05/GHSA-437p-qw95-wqqr/GHSA-437p-qw95-wqqr.json"
      }
    }
  ],
  "schema_version": "1.6.0"
}