{
  "id": "GHSA-29pr-6jr8-q5jm",
  "summary": "Sentry SDK leaks sensitive session information when `sendDefaultPII` is set to `True`",
  "details": "### Impact\n\nWhen using the [Django integration](https://docs.sentry.io/platforms/python/guides/django/) of the Sentry SDK in a specific configuration it is possible to leak sensitive cookies values, including the session cookie to Sentry. These sensitive cookies could then be used by someone with access to your Sentry issues to impersonate or escalate their privileges within your application.\n\nThe below must be true in order for these sensitive values to be leaked:\n1. Your Sentry SDK configuration has `sendDefaultPII` set to `True`\n2. You are using a custom name for either of the cookies below in your Django settings.\n  - [`SESSION_COOKIE_NAME`](https://docs.djangoproject.com/en/4.1/ref/settings/#std-setting-SESSION_COOKIE_NAME) or \n  - [`CSRF_COOKIE_NAME`](https://docs.djangoproject.com/en/4.1/ref/settings/#std-setting-CSRF_COOKIE_NAME) Django settings\n3. You are not configured in your organization or project settings to use [our data scrubbing features](https://docs.sentry.io/product/data-management-settings/scrubbing/) to account for the custom cookie names\n\n### Patches\nAs of version `1.14.0`, the Django integration of the `sentry-sdk` will detect the custom cookie names based on your Django settings and will remove the values from the payload _before_ sending the data to Sentry.\n\n### Workarounds\n\nIf you can not update your `sentry-sdk` to a patched version than you can use the SDKs filtering mechanism to remove the cookies from the payload that is sent to Sentry. For error events this can be done with the [before_send](https://docs.sentry.io/platforms/python/configuration/filtering/#using-platformidentifier-namebefore-send-) callback method and for performance related events (transactions) you can use the [before_send_transaction](https://docs.sentry.io/platforms/python/configuration/filtering/#using-platformidentifier-namebefore-send-transaction-) callback method.\n\nIf you'd like to handle filtering of these values on the server-side, you can also use our [advanced data scrubbing feature](https://docs.sentry.io/product/data-management-settings/scrubbing/advanced-datascrubbing/) to account for the custom cookie names. Look for the `$http.cookies`, `$http.headers`, `$request.cookies`, or `$request.headers` fields to target with your scrubbing rule.\n\n### References\n- [Using Your Tools Against You (Chapter8 Blog Post)](https://medium.com/@tomwolters/using-your-tools-against-you-cea4d2482ebb)\n- [Sentry Python SDK Filtering](https://docs.sentry.io/platforms/python/configuration/filtering/)\n- [Sentry Data Scrubbing](https://docs.sentry.io/product/data-management-settings/scrubbing/advanced-datascrubbing/)\n\n### Credits\n- [Tom Wolters (Chapter8)](https://chapter8.com)\n",
  "aliases": [
    "CVE-2023-28117"
  ],
  "modified": "2023-11-08T04:12:09.171189Z",
  "published": "2023-03-21T22:31:19Z",
  "database_specific": {
    "nvd_published_at": "2023-03-22T20:15:00Z",
    "github_reviewed_at": "2023-03-21T22:31:19Z",
    "severity": "HIGH",
    "github_reviewed": true,
    "cwe_ids": [
      "CWE-201",
      "CWE-209"
    ]
  },
  "references": [
    {
      "type": "WEB",
      "url": "https://github.com/getsentry/sentry-python/security/advisories/GHSA-29pr-6jr8-q5jm"
    },
    {
      "type": "ADVISORY",
      "url": "https://nvd.nist.gov/vuln/detail/CVE-2023-28117"
    },
    {
      "type": "WEB",
      "url": "https://github.com/getsentry/sentry-python/pull/1842"
    },
    {
      "type": "PACKAGE",
      "url": "https://github.com/getsentry/sentry-python"
    },
    {
      "type": "WEB",
      "url": "https://github.com/getsentry/sentry-python/releases/tag/1.14.0"
    }
  ],
  "affected": [
    {
      "package": {
        "name": "sentry-sdk",
        "ecosystem": "PyPI",
        "purl": "pkg:pypi/sentry-sdk"
      },
      "ranges": [
        {
          "type": "ECOSYSTEM",
          "events": [
            {
              "introduced": "0"
            },
            {
              "fixed": "1.14.0"
            }
          ]
        }
      ],
      "versions": [
        "0.1.0",
        "0.1.0rc1",
        "0.1.0rc10",
        "0.1.0rc11",
        "0.1.0rc12",
        "0.1.0rc13",
        "0.1.0rc14",
        "0.1.0rc15",
        "0.1.0rc16",
        "0.1.0rc2",
        "0.1.0rc3",
        "0.1.0rc4",
        "0.1.0rc5",
        "0.1.0rc6",
        "0.1.0rc7",
        "0.1.0rc8",
        "0.1.0rc9",
        "0.1.1",
        "0.1.2",
        "0.1.3",
        "0.10.0",
        "0.10.1",
        "0.10.2",
        "0.11.0",
        "0.11.1",
        "0.11.2",
        "0.12.0",
        "0.12.1",
        "0.12.2",
        "0.12.3",
        "0.13.0",
        "0.13.1",
        "0.13.2",
        "0.13.3",
        "0.13.4",
        "0.13.5",
        "0.14.0",
        "0.14.1",
        "0.14.2",
        "0.14.3",
        "0.14.4",
        "0.15.0",
        "0.15.1",
        "0.16.0",
        "0.16.1",
        "0.16.2",
        "0.16.3",
        "0.16.4",
        "0.16.5",
        "0.17.0",
        "0.17.1",
        "0.17.2",
        "0.17.3",
        "0.17.4",
        "0.17.5",
        "0.17.6",
        "0.17.7",
        "0.17.8",
        "0.18.0",
        "0.19.0",
        "0.19.1",
        "0.19.2",
        "0.19.3",
        "0.19.4",
        "0.19.5",
        "0.2.1",
        "0.2.2",
        "0.20.0",
        "0.20.1",
        "0.20.2",
        "0.20.3",
        "0.3.0",
        "0.3.1",
        "0.3.10",
        "0.3.11",
        "0.3.2",
        "0.3.3",
        "0.3.4",
        "0.3.5",
        "0.3.6",
        "0.3.7",
        "0.3.8",
        "0.3.9",
        "0.4.0",
        "0.4.1",
        "0.4.2",
        "0.4.3",
        "0.5.0",
        "0.5.1",
        "0.5.2",
        "0.5.3",
        "0.5.4",
        "0.5.5",
        "0.6.0",
        "0.6.1",
        "0.6.2",
        "0.6.3",
        "0.6.4",
        "0.6.5",
        "0.6.6",
        "0.6.7",
        "0.6.8",
        "0.6.9",
        "0.7.0",
        "0.7.1",
        "0.7.10",
        "0.7.11",
        "0.7.12",
        "0.7.13",
        "0.7.14",
        "0.7.2",
        "0.7.3",
        "0.7.4",
        "0.7.5",
        "0.7.6",
        "0.7.7",
        "0.7.8",
        "0.7.9",
        "0.8.0",
        "0.8.1",
        "0.9.0",
        "0.9.1",
        "0.9.2",
        "0.9.3",
        "0.9.4",
        "0.9.5",
        "1.0.0",
        "1.1.0",
        "1.10.0",
        "1.10.1",
        "1.11.0",
        "1.11.1",
        "1.12.0",
        "1.12.1",
        "1.13.0",
        "1.2.0",
        "1.3.0",
        "1.3.1",
        "1.4.0",
        "1.4.1",
        "1.4.2",
        "1.4.3",
        "1.5.0",
        "1.5.1",
        "1.5.10",
        "1.5.11",
        "1.5.12",
        "1.5.2",
        "1.5.3",
        "1.5.4",
        "1.5.5",
        "1.5.6",
        "1.5.7",
        "1.5.8",
        "1.5.9",
        "1.6.0",
        "1.7.0",
        "1.7.1",
        "1.7.2",
        "1.8.0",
        "1.9.0",
        "1.9.1",
        "1.9.10",
        "1.9.2",
        "1.9.3",
        "1.9.4",
        "1.9.5",
        "1.9.6",
        "1.9.7",
        "1.9.8",
        "1.9.9"
      ],
      "database_specific": {
        "source": "https://github.com/github/advisory-database/blob/main/advisories/github-reviewed/2023/03/GHSA-29pr-6jr8-q5jm/GHSA-29pr-6jr8-q5jm.json"
      }
    }
  ],
  "schema_version": "1.6.0",
  "severity": [
    {
      "type": "CVSS_V3",
      "score": "CVSS:3.1/AV:N/AC:L/PR:H/UI:N/S:C/C:H/I:L/A:N"
    }
  ]
}