{
  "id": "GHSA-3qmg-c9vc-r47j",
  "summary": "Mercurial is vulnerable to shell injection attack",
  "details": "Mercurial prior to 4.3 did not adequately sanitize hostnames passed to ssh, leading to possible shell-injection attacks.",
  "aliases": [
    "CVE-2017-1000116",
    "PYSEC-2017-89"
  ],
  "modified": "2024-05-01T17:28:16.179149Z",
  "published": "2022-05-13T01:40:56Z",
  "database_specific": {
    "nvd_published_at": "2017-10-05T01:29:00Z",
    "cwe_ids": [
      "CWE-78"
    ],
    "severity": "CRITICAL",
    "github_reviewed": true,
    "github_reviewed_at": "2024-05-01T17:01:57Z"
  },
  "references": [
    {
      "type": "ADVISORY",
      "url": "https://nvd.nist.gov/vuln/detail/CVE-2017-1000116"
    },
    {
      "type": "WEB",
      "url": "https://access.redhat.com/errata/RHSA-2017:2489"
    },
    {
      "type": "WEB",
      "url": "https://security.gentoo.org/glsa/201709-18"
    },
    {
      "type": "WEB",
      "url": "https://web.archive.org/web/20200227155758/http://www.securityfocus.com/bid/100290"
    },
    {
      "type": "WEB",
      "url": "https://wiki.mercurial-scm.org/WhatsNew/Archive"
    },
    {
      "type": "WEB",
      "url": "https://www.mercurial-scm.org/wiki/WhatsNew#Mercurial_4.3_.2F_4.3.1_.282017-08-10.29"
    },
    {
      "type": "WEB",
      "url": "http://www.debian.org/security/2017/dsa-3963"
    }
  ],
  "affected": [
    {
      "package": {
        "name": "mercurial",
        "ecosystem": "PyPI",
        "purl": "pkg:pypi/mercurial"
      },
      "ranges": [
        {
          "type": "ECOSYSTEM",
          "events": [
            {
              "introduced": "0"
            },
            {
              "fixed": "4.3"
            }
          ]
        }
      ],
      "versions": [
        "0.8.1",
        "0.9",
        "0.9.1",
        "0.9.2",
        "0.9.3",
        "0.9.4",
        "0.9.5",
        "1.0",
        "1.0.1",
        "1.0.2",
        "1.1",
        "1.1.1",
        "1.1.2",
        "1.2",
        "1.2.1",
        "1.3",
        "1.3.1",
        "1.4",
        "1.4.1",
        "1.4.2",
        "1.4.3",
        "1.5",
        "1.5.1",
        "1.5.2",
        "1.5.3",
        "1.5.4",
        "1.6",
        "1.6.1",
        "1.6.2",
        "1.6.3",
        "1.6.4",
        "1.7",
        "1.7.1",
        "1.7.2",
        "1.7.3",
        "1.7.5",
        "1.8",
        "1.8.1",
        "1.8.2",
        "1.8.3",
        "1.8.4",
        "1.9",
        "1.9.1",
        "1.9.2",
        "1.9.3",
        "2.0",
        "2.0.1",
        "2.0.2",
        "2.1",
        "2.1.1",
        "2.1.2",
        "2.2",
        "2.2.2",
        "2.3",
        "2.4.1",
        "2.5",
        "2.5.1",
        "2.5.2",
        "2.6",
        "2.6.1",
        "2.6.2",
        "2.6.3",
        "2.7.0",
        "2.7.1",
        "2.7.2",
        "2.8",
        "2.8.1",
        "2.8.2",
        "2.9",
        "2.9.1",
        "3.0",
        "3.0.1",
        "3.1",
        "3.1.1",
        "3.1.2",
        "3.2",
        "3.2.1",
        "3.2.2",
        "3.2.3",
        "3.2.4",
        "3.3",
        "3.3-rc",
        "3.3.1",
        "3.3.2",
        "3.3.3",
        "3.4",
        "3.4-rc",
        "3.4.1",
        "3.4.2",
        "3.5",
        "3.5-rc",
        "3.5.1",
        "3.5.2",
        "3.6",
        "3.6-rc",
        "3.6.1",
        "3.6.2",
        "3.6.3",
        "3.7",
        "3.7-rc",
        "3.7.1",
        "3.7.2",
        "3.7.3",
        "3.8",
        "3.8-rc",
        "3.8.1",
        "3.8.2",
        "3.8.3",
        "3.8.4",
        "3.9",
        "3.9-rc",
        "3.9.1",
        "3.9.2",
        "4.0",
        "4.0-rc",
        "4.0.1",
        "4.0.2",
        "4.1",
        "4.1-rc",
        "4.1.1",
        "4.1.2",
        "4.1.3",
        "4.2",
        "4.2-rc",
        "4.2.1",
        "4.2.2",
        "4.2.3",
        "4.3-rc",
        "4.3rc0"
      ],
      "database_specific": {
        "source": "https://github.com/github/advisory-database/blob/main/advisories/github-reviewed/2022/05/GHSA-3qmg-c9vc-r47j/GHSA-3qmg-c9vc-r47j.json"
      }
    }
  ],
  "schema_version": "1.6.0",
  "severity": [
    {
      "type": "CVSS_V3",
      "score": "CVSS:3.0/AV:N/AC:L/PR:N/UI:N/S:U/C:H/I:H/A:H"
    }
  ]
}