{
  "id": "GHSA-588w-w6mv-3cw5",
  "summary": "Ansible Insertion of Sensitive Information into Log File vulnerability",
  "details": "A flaw was found in the way Ansible (2.3.x before 2.3.3, and 2.4.x before 2.4.1) passed certain parameters to the jenkins_plugin module. Remote attackers could use this flaw to expose sensitive information from a remote host's logs. This flaw was fixed by not allowing passwords to be specified in the \"params\" argument, and noting this in the module documentation.",
  "aliases": [
    "CVE-2017-7550",
    "PYSEC-2017-4"
  ],
  "modified": "2024-09-04T20:21:24.723295Z",
  "published": "2022-05-13T01:06:04Z",
  "database_specific": {
    "nvd_published_at": "2017-11-21T17:29:00Z",
    "cwe_ids": [
      "CWE-532"
    ],
    "severity": "CRITICAL",
    "github_reviewed": true,
    "github_reviewed_at": "2023-02-08T18:09:23Z"
  },
  "references": [
    {
      "type": "ADVISORY",
      "url": "https://nvd.nist.gov/vuln/detail/CVE-2017-7550"
    },
    {
      "type": "WEB",
      "url": "https://github.com/ansible/ansible/issues/30874"
    },
    {
      "type": "WEB",
      "url": "https://github.com/ansible/ansible/commit/facbf7f14da29eea67ef68ab386fc15bd06d7c7f"
    },
    {
      "type": "WEB",
      "url": "https://access.redhat.com/errata/RHSA-2017:2966"
    },
    {
      "type": "WEB",
      "url": "https://access.redhat.com/security/cve/CVE-2017-7550"
    },
    {
      "type": "WEB",
      "url": "https://bugzilla.redhat.com/show_bug.cgi?id=1473645"
    },
    {
      "type": "PACKAGE",
      "url": "https://github.com/ansible/ansible"
    },
    {
      "type": "WEB",
      "url": "https://github.com/pypa/advisory-database/tree/main/vulns/ansible/PYSEC-2017-4.yaml"
    }
  ],
  "affected": [
    {
      "package": {
        "name": "ansible",
        "ecosystem": "PyPI",
        "purl": "pkg:pypi/ansible"
      },
      "ranges": [
        {
          "type": "ECOSYSTEM",
          "events": [
            {
              "introduced": "2.4.0.0"
            },
            {
              "fixed": "2.4.1.0"
            }
          ]
        }
      ],
      "versions": [
        "2.4.0.0"
      ],
      "database_specific": {
        "source": "https://github.com/github/advisory-database/blob/main/advisories/github-reviewed/2022/05/GHSA-588w-w6mv-3cw5/GHSA-588w-w6mv-3cw5.json"
      }
    },
    {
      "package": {
        "name": "ansible",
        "ecosystem": "PyPI",
        "purl": "pkg:pypi/ansible"
      },
      "ranges": [
        {
          "type": "ECOSYSTEM",
          "events": [
            {
              "introduced": "2.3.0.0"
            },
            {
              "fixed": "2.3.3.0"
            }
          ]
        }
      ],
      "versions": [
        "2.3.0.0",
        "2.3.1.0",
        "2.3.2.0"
      ],
      "database_specific": {
        "source": "https://github.com/github/advisory-database/blob/main/advisories/github-reviewed/2022/05/GHSA-588w-w6mv-3cw5/GHSA-588w-w6mv-3cw5.json"
      }
    }
  ],
  "schema_version": "1.6.0",
  "severity": [
    {
      "type": "CVSS_V3",
      "score": "CVSS:3.1/AV:N/AC:L/PR:N/UI:N/S:U/C:H/I:H/A:H"
    },
    {
      "type": "CVSS_V4",
      "score": "CVSS:4.0/AV:N/AC:L/AT:N/PR:N/UI:N/VC:H/VI:H/VA:H/SC:N/SI:N/SA:N"
    }
  ]
}