{
  "id": "GHSA-4r9h-x77w-mffv",
  "summary": "collective.task Cross-site Scripting vulnerability",
  "details": "A vulnerability was found in collective.task up to 3.0.9. It has been classified as problematic. This affects the function renderCell/AssignedGroupColumn of the file src/collective/task/browser/table.py. The manipulation leads to cross site scripting. It is possible to initiate the attack remotely. Upgrading to version 3.0.10 is able to address this issue. The name of the patch is 1aac7f83fa2c2b41d59ba02748912953461f3fac. It is recommended to upgrade the affected component. The associated identifier of this vulnerability is VDB-215907.",
  "aliases": [
    "CVE-2022-4527",
    "PYSEC-2022-42990"
  ],
  "modified": "2023-11-08T04:10:51.245532Z",
  "published": "2022-12-15T21:30:26Z",
  "database_specific": {
    "nvd_published_at": "2022-12-15T21:15:00Z",
    "github_reviewed_at": "2022-12-21T17:23:08Z",
    "severity": "MODERATE",
    "github_reviewed": true,
    "cwe_ids": [
      "CWE-79"
    ]
  },
  "references": [
    {
      "type": "ADVISORY",
      "url": "https://nvd.nist.gov/vuln/detail/CVE-2022-4527"
    },
    {
      "type": "WEB",
      "url": "https://github.com/collective/collective.task/commit/1aac7f83fa2c2b41d59ba02748912953461f3fac"
    },
    {
      "type": "PACKAGE",
      "url": "https://github.com/collective/collective.task"
    },
    {
      "type": "WEB",
      "url": "https://github.com/collective/collective.task/releases/tag/3.0.9"
    },
    {
      "type": "WEB",
      "url": "https://vuldb.com/?id.215907"
    }
  ],
  "affected": [
    {
      "package": {
        "name": "collective-task",
        "ecosystem": "PyPI",
        "purl": "pkg:pypi/collective-task"
      },
      "ranges": [
        {
          "type": "ECOSYSTEM",
          "events": [
            {
              "introduced": "0"
            },
            {
              "fixed": "3.0.9"
            }
          ]
        }
      ],
      "versions": [
        "2.1",
        "2.2",
        "2.2.1",
        "2.3",
        "2.5",
        "3.0",
        "3.0.1",
        "3.0.2",
        "3.0.3",
        "3.0.4",
        "3.0.5",
        "3.0.6",
        "3.0.7",
        "3.0.8"
      ],
      "database_specific": {
        "source": "https://github.com/github/advisory-database/blob/main/advisories/github-reviewed/2022/12/GHSA-4r9h-x77w-mffv/GHSA-4r9h-x77w-mffv.json"
      }
    }
  ],
  "schema_version": "1.6.0",
  "severity": [
    {
      "type": "CVSS_V3",
      "score": "CVSS:3.1/AV:N/AC:L/PR:N/UI:R/S:C/C:L/I:L/A:N"
    }
  ]
}