{
  "id": "GHSA-4f7p-27jc-3c36",
  "summary": "HTTP Request Smuggling in waitress",
  "details": "### Impact\n\nWhen using Waitress behind a proxy that does not properly validate the incoming HTTP request matches the RFC7230 standard, Waitress and the frontend proxy may disagree on where one request starts and where it ends.\n\nThis would allow requests to be smuggled via the front-end proxy to waitress and later behavior.\n\nThere are two classes of vulnerability that may lead to request smuggling that are addressed by this advisory:\n\n- The use of Python's `int()` to parse strings into integers, leading to `+10` to be parsed as `10`, or `0x01` to be parsed as `1`, where as the standard specifies that the string should contain only digits or hex digits.\n- Waitress does not support chunk extensions, however it was discarding them without validating that they did not contain illegal characters\n\n### Patches\n\nThis has been fixed in Waitress 2.1.1\n\n### Workarounds\n\nWhen deploying a proxy in front of waitress, turning on any and all functionality to make sure that the request matches the RFC7230 standard. Certain proxy servers may not have this functionality though and users are encouraged to upgrade to the latest version of waitress instead.\n\n### References\n\n- https://portswigger.net/research/http-desync-attacks-request-smuggling-reborn\n\n### For more information\n\nIf you have any questions or comments about this advisory:\n* Open an issue in [the Github issue tracker](https://github.com/Pylons/waitress/issues) (if not security related/sensitive)\n* Email us at [pylons-project-security@googlegroups.com](mailto:pylons-project-security@googlegroups.com) (If security related or sensitive)\n",
  "aliases": [
    "CVE-2022-24761",
    "PYSEC-2022-169"
  ],
  "modified": "2023-11-08T04:08:35.551138Z",
  "published": "2022-03-18T19:00:59Z",
  "database_specific": {
    "nvd_published_at": "2022-03-17T13:15:00Z",
    "github_reviewed_at": "2022-03-18T19:00:59Z",
    "severity": "HIGH",
    "github_reviewed": true,
    "cwe_ids": [
      "CWE-444"
    ]
  },
  "references": [
    {
      "type": "WEB",
      "url": "https://github.com/Pylons/waitress/security/advisories/GHSA-4f7p-27jc-3c36"
    },
    {
      "type": "ADVISORY",
      "url": "https://nvd.nist.gov/vuln/detail/CVE-2022-24761"
    },
    {
      "type": "WEB",
      "url": "https://github.com/Pylons/waitress/commit/9e0b8c801e4d505c2ffc91b891af4ba48af715e0"
    },
    {
      "type": "PACKAGE",
      "url": "https://github.com/Pylons/waitress"
    },
    {
      "type": "WEB",
      "url": "https://github.com/Pylons/waitress/releases/tag/v2.1.1"
    },
    {
      "type": "WEB",
      "url": "https://lists.debian.org/debian-lts-announce/2022/05/msg00011.html"
    },
    {
      "type": "WEB",
      "url": "https://www.debian.org/security/2022/dsa-5138"
    }
  ],
  "affected": [
    {
      "package": {
        "name": "waitress",
        "ecosystem": "PyPI",
        "purl": "pkg:pypi/waitress"
      },
      "ranges": [
        {
          "type": "ECOSYSTEM",
          "events": [
            {
              "introduced": "0"
            },
            {
              "fixed": "2.1.1"
            }
          ]
        }
      ],
      "versions": [
        "0.1",
        "0.2",
        "0.3",
        "0.4",
        "0.5",
        "0.6",
        "0.6.1",
        "0.7",
        "0.8",
        "0.8.1",
        "0.8.10",
        "0.8.11b0",
        "0.8.2",
        "0.8.3",
        "0.8.4",
        "0.8.5",
        "0.8.6",
        "0.8.7",
        "0.8.8",
        "0.8.9",
        "0.9.0",
        "0.9.0b0",
        "0.9.0b1",
        "1.0.0",
        "1.0.1",
        "1.0.2",
        "1.0a1",
        "1.0a2",
        "1.1.0",
        "1.2.0",
        "1.2.0b1",
        "1.2.0b2",
        "1.2.0b3",
        "1.2.1",
        "1.3.0",
        "1.3.0b0",
        "1.3.1",
        "1.4.0",
        "1.4.1",
        "1.4.2",
        "1.4.3",
        "1.4.4",
        "2.0.0",
        "2.0.0b0",
        "2.0.0b1",
        "2.1.0",
        "2.1.0b0"
      ],
      "database_specific": {
        "source": "https://github.com/github/advisory-database/blob/main/advisories/github-reviewed/2022/03/GHSA-4f7p-27jc-3c36/GHSA-4f7p-27jc-3c36.json"
      }
    }
  ],
  "schema_version": "1.6.0",
  "severity": [
    {
      "type": "CVSS_V3",
      "score": "CVSS:3.1/AV:N/AC:L/PR:N/UI:N/S:U/C:N/I:H/A:N"
    }
  ]
}