{
  "id": "GHSA-2q6j-vpvr-6pvj",
  "summary": "Apache Superset vulnerable to improper SQL authorization",
  "details": "An SQL Injection vulnerability in Apache Superset exists due to improper neutralization of special elements used in SQL commands. Specifically, certain engine-specific functions are not checked, which allows attackers to bypass Apache Superset's SQL authorization. To mitigate this, a new configuration key named DISALLOWED_SQL_FUNCTIONS has been introduced. This key disallows the use of the following PostgreSQL functions: version, query_to_xml, inet_server_addr, and inet_client_addr. Additional functions can be added to this list for increased protection.\n\nThis issue affects Apache Superset: before 4.0.2.\n\nUsers are recommended to upgrade to version 4.0.2, which fixes the issue.",
  "aliases": [
    "CVE-2024-39887"
  ],
  "modified": "2024-07-16T20:29:23.068155Z",
  "published": "2024-07-16T12:30:37Z",
  "database_specific": {
    "nvd_published_at": "2024-07-16T10:15:03Z",
    "cwe_ids": [
      "CWE-89"
    ],
    "severity": "MODERATE",
    "github_reviewed": true,
    "github_reviewed_at": "2024-07-16T20:04:44Z"
  },
  "references": [
    {
      "type": "ADVISORY",
      "url": "https://nvd.nist.gov/vuln/detail/CVE-2024-39887"
    },
    {
      "type": "WEB",
      "url": "https://github.com/apache/superset/commit/56f0103b5771d477dd106272abbd8021c9ea7506"
    },
    {
      "type": "PACKAGE",
      "url": "https://github.com/apache/superset"
    },
    {
      "type": "WEB",
      "url": "https://lists.apache.org/thread/j55vm41jg3l0x6w49zrmvbf3k0ts5fqz"
    },
    {
      "type": "WEB",
      "url": "http://www.openwall.com/lists/oss-security/2024/07/16/5"
    }
  ],
  "affected": [
    {
      "package": {
        "name": "apache-superset",
        "ecosystem": "PyPI",
        "purl": "pkg:pypi/apache-superset"
      },
      "ranges": [
        {
          "type": "ECOSYSTEM",
          "events": [
            {
              "introduced": "0"
            },
            {
              "fixed": "4.0.2"
            }
          ]
        }
      ],
      "versions": [
        "0.34.0",
        "0.34.1",
        "0.35.1",
        "0.35.2",
        "0.36.0",
        "0.37.0",
        "0.37.1",
        "0.37.2",
        "0.38.0",
        "0.38.1",
        "1.0.0",
        "1.0.1",
        "1.1.0",
        "1.2.0",
        "1.3.0",
        "1.3.1",
        "1.3.2",
        "1.4.0",
        "1.4.1",
        "1.4.2",
        "1.5.0",
        "1.5.1",
        "1.5.2",
        "1.5.3",
        "2.0.0",
        "2.0.1",
        "2.1.0",
        "2.1.1",
        "2.1.1rc1",
        "2.1.1rc2",
        "2.1.1rc3",
        "2.1.2",
        "2.1.3",
        "3.0.0",
        "3.0.0rc1",
        "3.0.0rc2",
        "3.0.0rc3",
        "3.0.0rc4",
        "3.0.1",
        "3.0.2",
        "3.0.3",
        "3.0.4",
        "3.1.0",
        "3.1.0rc1",
        "3.1.0rc2",
        "3.1.0rc3",
        "3.1.0rc4",
        "3.1.1",
        "3.1.2",
        "3.1.3",
        "4.0.0",
        "4.0.0rc1",
        "4.0.0rc2",
        "4.0.1"
      ],
      "database_specific": {
        "source": "https://github.com/github/advisory-database/blob/main/advisories/github-reviewed/2024/07/GHSA-2q6j-vpvr-6pvj/GHSA-2q6j-vpvr-6pvj.json"
      }
    }
  ],
  "schema_version": "1.6.0",
  "severity": [
    {
      "type": "CVSS_V3",
      "score": "CVSS:3.1/AV:N/AC:L/PR:L/UI:N/S:U/C:L/I:N/A:N"
    },
    {
      "type": "CVSS_V4",
      "score": "CVSS:4.0/AV:N/AC:L/AT:N/PR:N/UI:N/VC:L/VI:N/VA:N/SC:N/SI:N/SA:N"
    }
  ]
}