{
  "id": "GHSA-2r57-2mrh-ggjv",
  "summary": "ydata cross-site scripting",
  "details": "A cross-site scripting (XSS) vulnerability in versions 3.7.0 or newer of Ydata's ydata-profiling open-source library allows for payloads to be run when a maliocusly crafted report is viewed in the browser.",
  "aliases": [
    "CVE-2024-37063"
  ],
  "modified": "2024-06-05T13:41:43.287330Z",
  "published": "2024-06-04T12:31:05Z",
  "database_specific": {
    "nvd_published_at": "2024-06-04T12:15:13Z",
    "cwe_ids": [
      "CWE-79"
    ],
    "severity": "HIGH",
    "github_reviewed": true,
    "github_reviewed_at": "2024-06-05T13:26:58Z"
  },
  "references": [
    {
      "type": "ADVISORY",
      "url": "https://nvd.nist.gov/vuln/detail/CVE-2024-37063"
    },
    {
      "type": "PACKAGE",
      "url": "https://github.com/ydataai/ydata-profiling"
    },
    {
      "type": "WEB",
      "url": "https://hiddenlayer.com/sai-security-advisory/ydata-june2024"
    }
  ],
  "affected": [
    {
      "package": {
        "name": "ydata-profiling",
        "ecosystem": "PyPI",
        "purl": "pkg:pypi/ydata-profiling"
      },
      "ranges": [
        {
          "type": "ECOSYSTEM",
          "events": [
            {
              "introduced": "3.7.0"
            },
            {
              "last_affected": "4.8.3"
            }
          ]
        }
      ],
      "versions": [
        "4.0.0",
        "4.1.0",
        "4.1.1",
        "4.1.2",
        "4.2.0",
        "4.3.0",
        "4.3.1",
        "4.3.2",
        "4.4.0",
        "4.5.0",
        "4.5.1",
        "4.6.0",
        "4.6.1",
        "4.6.2",
        "4.6.3",
        "4.6.4",
        "4.6.5",
        "4.7.0",
        "4.8.3"
      ],
      "database_specific": {
        "source": "https://github.com/github/advisory-database/blob/main/advisories/github-reviewed/2024/06/GHSA-2r57-2mrh-ggjv/GHSA-2r57-2mrh-ggjv.json"
      }
    }
  ],
  "schema_version": "1.6.0",
  "severity": [
    {
      "type": "CVSS_V3",
      "score": "CVSS:3.1/AV:L/AC:L/PR:N/UI:R/S:U/C:H/I:H/A:H"
    }
  ]
}