{
  "id": "GHSA-2xwp-m7mq-7q3r",
  "summary": "CLI does not correctly implement strict mode",
  "details": "In the affected versions, the AWS Encryption CLI operated in \"discovery mode\" even when \"strict mode\" was specified. Although decryption only succeeded if the user had permission to decrypt with at least one of the CMKs, decryption could be successful using a CMK that was not included in the user-defined set when the CLI was operating in \"strict mode.\"\n\nAffected users should upgrade to Encryption CLI v1.8.x or v2.1.x as soon as possible.",
  "modified": "2023-04-11T01:46:50.663107Z",
  "published": "2020-10-28T17:05:38Z",
  "database_specific": {
    "nvd_published_at": null,
    "github_reviewed_at": "2020-10-28T17:04:54Z",
    "severity": "LOW",
    "github_reviewed": true,
    "cwe_ids": [
      "CWE-326"
    ]
  },
  "references": [
    {
      "type": "WEB",
      "url": "https://github.com/aws/aws-encryption-sdk-cli/security/advisories/GHSA-2xwp-m7mq-7q3r"
    },
    {
      "type": "WEB",
      "url": "https://github.com/aws/aws-encryption-sdk-cli/commit/7d21b8051cab9e52e056fe427d2bff19cf146460"
    }
  ],
  "affected": [
    {
      "package": {
        "name": "aws-encryption-sdk-cli",
        "ecosystem": "PyPI",
        "purl": "pkg:pypi/aws-encryption-sdk-cli"
      },
      "ranges": [
        {
          "type": "ECOSYSTEM",
          "events": [
            {
              "introduced": "0"
            },
            {
              "fixed": "1.8.0"
            }
          ]
        }
      ],
      "versions": [
        "1.1.0",
        "1.1.1",
        "1.1.2",
        "1.1.3",
        "1.1.4",
        "1.1.5",
        "1.1.6",
        "1.1.7",
        "1.7.0"
      ],
      "database_specific": {
        "source": "https://github.com/github/advisory-database/blob/main/advisories/github-reviewed/2020/10/GHSA-2xwp-m7mq-7q3r/GHSA-2xwp-m7mq-7q3r.json"
      }
    },
    {
      "package": {
        "name": "aws-encryption-sdk-cli",
        "ecosystem": "PyPI",
        "purl": "pkg:pypi/aws-encryption-sdk-cli"
      },
      "ranges": [
        {
          "type": "ECOSYSTEM",
          "events": [
            {
              "introduced": "2.0.0"
            },
            {
              "fixed": "2.1.0"
            }
          ]
        }
      ],
      "versions": [
        "2.0.0"
      ],
      "database_specific": {
        "source": "https://github.com/github/advisory-database/blob/main/advisories/github-reviewed/2020/10/GHSA-2xwp-m7mq-7q3r/GHSA-2xwp-m7mq-7q3r.json"
      }
    }
  ],
  "schema_version": "1.6.0"
}