{
  "id": "GHSA-3rw2-wfc8-wmj5",
  "summary": "Fides Webserver Vulnerable to SVG Bomb File Uploads",
  "details": "### Impact\nThe Fides webserver is vulnerable to a type of Denial of Service (DoS) attack. Attackers can exploit this vulnerability to upload zip files containing malicious SVG bombs (similar to a billion laughs attack), causing resource exhaustion in Admin UI browser tabs and creating a persistent denial of service of the 'new connector' page (`datastore-connection/new`).\n\nThis vulnerability affects Fides versions `2.11.0` through `2.15.1`. Exploitation is limited to users with elevated privileges with the `CONNECTOR_TEMPLATE_REGISTER` scope, which includes root users and users with the owner role.\n\n### Patches\nThe vulnerability has been patched in Fides version `2.16.0`. Users are advised to upgrade to this version or later to secure their systems against this threat.\n\n### Workarounds\nThere is no known workaround to remediate this vulnerability without upgrading.",
  "aliases": [
    "CVE-2023-37481"
  ],
  "modified": "2024-02-16T08:21:42.596043Z",
  "published": "2023-07-18T19:23:29Z",
  "database_specific": {
    "nvd_published_at": "2023-07-18T19:15:09Z",
    "cwe_ids": [
      "CWE-400"
    ],
    "severity": "LOW",
    "github_reviewed": true,
    "github_reviewed_at": "2023-07-18T19:23:29Z"
  },
  "references": [
    {
      "type": "WEB",
      "url": "https://github.com/ethyca/fides/security/advisories/GHSA-3rw2-wfc8-wmj5"
    },
    {
      "type": "ADVISORY",
      "url": "https://nvd.nist.gov/vuln/detail/CVE-2023-37481"
    },
    {
      "type": "WEB",
      "url": "https://github.com/ethyca/fides/commit/8beaace082b325e693dc7682029a3cb7e6c2b69d"
    },
    {
      "type": "PACKAGE",
      "url": "https://github.com/ethyca/fides"
    },
    {
      "type": "WEB",
      "url": "https://github.com/ethyca/fides/releases/tag/2.16.0"
    }
  ],
  "affected": [
    {
      "package": {
        "name": "ethyca-fides",
        "ecosystem": "PyPI",
        "purl": "pkg:pypi/ethyca-fides"
      },
      "ranges": [
        {
          "type": "ECOSYSTEM",
          "events": [
            {
              "introduced": "2.11.0"
            },
            {
              "fixed": "2.16.0"
            }
          ]
        }
      ],
      "versions": [
        "2.11.0",
        "2.11.1b0",
        "2.11.1b1",
        "2.11.1b2",
        "2.11.1b3",
        "2.11.1b4",
        "2.11.1b5",
        "2.11.1b6",
        "2.12.0",
        "2.12.1",
        "2.12.1b0",
        "2.12.1b1",
        "2.12.1b2",
        "2.12.1b3",
        "2.12.1b4",
        "2.12.2b0",
        "2.12.2b1",
        "2.12.2b2",
        "2.13.0",
        "2.13.1b0",
        "2.13.1b1",
        "2.13.1b2",
        "2.14.0",
        "2.14.1",
        "2.14.1b0",
        "2.14.1b1",
        "2.14.1b2",
        "2.14.2",
        "2.14.2b0",
        "2.14.3b0",
        "2.15.0",
        "2.15.1",
        "2.15.1b0",
        "2.15.1b1",
        "2.15.2b0"
      ],
      "ecosystem_specific": {
        "affected_functions": [
          "fides.api.service.connectors.saas.connector_registry_service.CustomConnectorTemplateLoader.save_template"
        ]
      },
      "database_specific": {
        "source": "https://github.com/github/advisory-database/blob/main/advisories/github-reviewed/2023/07/GHSA-3rw2-wfc8-wmj5/GHSA-3rw2-wfc8-wmj5.json"
      }
    }
  ],
  "schema_version": "1.6.0",
  "severity": [
    {
      "type": "CVSS_V3",
      "score": "CVSS:3.1/AV:N/AC:L/PR:H/UI:N/S:U/C:N/I:N/A:L"
    }
  ]
}