{
  "id": "GHSA-39mj-fpg2-3jrg",
  "summary": "StackStorm st2 Infinite Loop Condition",
  "details": "StackStorm before 3.4.1, in some situations, has an infinite loop that consumes all available memory and disk space. This can occur if Python 3.x is used, the locale is not utf-8, and there is an attempt to log Unicode data (from an action or rule name).",
  "modified": "2024-02-16T08:11:02.590876Z",
  "published": "2022-05-24T17:44:46Z",
  "withdrawn": "2023-08-07T20:56:50Z",
  "database_specific": {
    "nvd_published_at": "2021-03-18T03:15:00Z",
    "cwe_ids": [
      "CWE-835"
    ],
    "severity": "HIGH",
    "github_reviewed": true,
    "github_reviewed_at": "2023-07-10T22:59:05Z"
  },
  "references": [
    {
      "type": "ADVISORY",
      "url": "https://nvd.nist.gov/vuln/detail/CVE-2021-28667"
    },
    {
      "type": "PACKAGE",
      "url": "https://github.com/StackStorm/st2"
    },
    {
      "type": "WEB",
      "url": "https://stackstorm.com/2021/03/10/stackstorm-v3-4-1-security-fix"
    }
  ],
  "affected": [
    {
      "package": {
        "name": "st2client",
        "ecosystem": "PyPI",
        "purl": "pkg:pypi/st2client"
      },
      "ranges": [
        {
          "type": "ECOSYSTEM",
          "events": [
            {
              "introduced": "0"
            },
            {
              "fixed": "3.4.1"
            }
          ]
        }
      ],
      "versions": [
        "0.11.5.13",
        "0.12.0.3",
        "0.12.1.5",
        "0.12.2.6",
        "0.13.0.3",
        "0.13.1.4",
        "0.13.2.5",
        "0.5.1",
        "0.7",
        "0.8.0",
        "0.9.0.11",
        "0.9.0.9",
        "1.1.0.5",
        "1.1.1.8",
        "1.2.0.8",
        "1.3.0.10",
        "1.3.0.11",
        "1.3.0.12",
        "1.3.0.9",
        "1.3.1.13",
        "1.3.1.15",
        "1.3.2.16",
        "1.4.0.8",
        "1.5.0",
        "1.5.1",
        "1.6.0",
        "2.0.0",
        "2.0.1",
        "2.1.0",
        "2.10.0",
        "2.10.1",
        "2.10.2",
        "2.10.3",
        "2.10.4",
        "2.2.0",
        "2.2.1",
        "2.3.0",
        "2.4.1",
        "2.5.0",
        "2.5.1",
        "2.6.0",
        "2.7.0",
        "2.7.1",
        "2.7.2",
        "2.8.0",
        "2.8.1",
        "2.9.0",
        "2.9.1",
        "2.9.2",
        "3.0.0",
        "3.0.1",
        "3.1.0",
        "3.2.0",
        "3.3.0",
        "3.4.0"
      ],
      "database_specific": {
        "source": "https://github.com/github/advisory-database/blob/main/advisories/github-reviewed/2022/05/GHSA-39mj-fpg2-3jrg/GHSA-39mj-fpg2-3jrg.json"
      }
    }
  ],
  "schema_version": "1.6.0",
  "severity": [
    {
      "type": "CVSS_V3",
      "score": "CVSS:3.1/AV:N/AC:L/PR:N/UI:N/S:U/C:N/I:N/A:H"
    }
  ]
}