{
  "id": "GHSA-2hrw-hx67-34x6",
  "summary": "Resource exhaustion in Django",
  "details": "An issue was discovered in the Multipart Request Parser in Django 3.2 before 3.2.18, 4.0 before 4.0.10, and 4.1 before 4.1.7. Passing certain inputs (e.g., an excessive number of parts) to multipart forms could result in too many open files or memory exhaustion, and provided a potential vector for a denial-of-service attack.",
  "aliases": [
    "BIT-django-2023-24580",
    "CVE-2023-24580",
    "PYSEC-2023-13"
  ],
  "modified": "2024-04-03T15:14:09.575967Z",
  "published": "2023-02-15T03:30:47Z",
  "database_specific": {
    "nvd_published_at": "2023-02-15T01:15:00Z",
    "cwe_ids": [
      "CWE-400"
    ],
    "severity": "HIGH",
    "github_reviewed": true,
    "github_reviewed_at": "2023-02-15T17:42:14Z"
  },
  "references": [
    {
      "type": "ADVISORY",
      "url": "https://nvd.nist.gov/vuln/detail/CVE-2023-24580"
    },
    {
      "type": "WEB",
      "url": "https://github.com/django/django/commit/628b33a854a9c68ec8a0c51f382f304a0044ec92"
    },
    {
      "type": "WEB",
      "url": "https://github.com/django/django/commit/83f1ea83e4553e211c1c5a0dfc197b66d4e50432"
    },
    {
      "type": "WEB",
      "url": "https://github.com/django/django/commit/a665ed5179f5bbd3db95ce67286d0192eff041d8"
    },
    {
      "type": "WEB",
      "url": "https://docs.djangoproject.com/en/4.1/releases/security"
    },
    {
      "type": "PACKAGE",
      "url": "https://github.com/django/django"
    },
    {
      "type": "WEB",
      "url": "https://groups.google.com/forum/#!forum/django-announce"
    },
    {
      "type": "WEB",
      "url": "https://lists.debian.org/debian-lts-announce/2023/02/msg00023.html"
    },
    {
      "type": "WEB",
      "url": "https://lists.fedoraproject.org/archives/list/package-announce@lists.fedoraproject.org/message/FKYVMMR7RPM6AHJ2SBVM2LO6D3NGFY7B"
    },
    {
      "type": "WEB",
      "url": "https://lists.fedoraproject.org/archives/list/package-announce@lists.fedoraproject.org/message/HWY6DQWRVBALV73BPUVBXC3QIYUM24IK"
    },
    {
      "type": "WEB",
      "url": "https://lists.fedoraproject.org/archives/list/package-announce@lists.fedoraproject.org/message/LTZVAKU5ALQWOKFTPISE257VCVIYGFQI"
    },
    {
      "type": "WEB",
      "url": "https://lists.fedoraproject.org/archives/list/package-announce@lists.fedoraproject.org/message/VZS4G6NSZWPTVXMMZHJOJVQEPL3QTO77"
    },
    {
      "type": "WEB",
      "url": "https://lists.fedoraproject.org/archives/list/package-announce@lists.fedoraproject.org/message/YJB6FUBBLVKKG655UMTLQNN6UQ6EDLSP"
    },
    {
      "type": "WEB",
      "url": "https://security.netapp.com/advisory/ntap-20230316-0006"
    },
    {
      "type": "WEB",
      "url": "https://www.djangoproject.com/weblog/2023/feb/14/security-releases"
    },
    {
      "type": "WEB",
      "url": "http://www.openwall.com/lists/oss-security/2023/02/14/1"
    }
  ],
  "affected": [
    {
      "package": {
        "name": "django",
        "ecosystem": "PyPI",
        "purl": "pkg:pypi/django"
      },
      "ranges": [
        {
          "type": "ECOSYSTEM",
          "events": [
            {
              "introduced": "3.2"
            },
            {
              "fixed": "3.2.18"
            }
          ]
        }
      ],
      "versions": [
        "3.2",
        "3.2.1",
        "3.2.10",
        "3.2.11",
        "3.2.12",
        "3.2.13",
        "3.2.14",
        "3.2.15",
        "3.2.16",
        "3.2.17",
        "3.2.2",
        "3.2.3",
        "3.2.4",
        "3.2.5",
        "3.2.6",
        "3.2.7",
        "3.2.8",
        "3.2.9"
      ],
      "database_specific": {
        "source": "https://github.com/github/advisory-database/blob/main/advisories/github-reviewed/2023/02/GHSA-2hrw-hx67-34x6/GHSA-2hrw-hx67-34x6.json"
      }
    },
    {
      "package": {
        "name": "django",
        "ecosystem": "PyPI",
        "purl": "pkg:pypi/django"
      },
      "ranges": [
        {
          "type": "ECOSYSTEM",
          "events": [
            {
              "introduced": "4.1"
            },
            {
              "fixed": "4.1.7"
            }
          ]
        }
      ],
      "versions": [
        "4.1",
        "4.1.1",
        "4.1.2",
        "4.1.3",
        "4.1.4",
        "4.1.5",
        "4.1.6"
      ],
      "database_specific": {
        "source": "https://github.com/github/advisory-database/blob/main/advisories/github-reviewed/2023/02/GHSA-2hrw-hx67-34x6/GHSA-2hrw-hx67-34x6.json"
      }
    },
    {
      "package": {
        "name": "django",
        "ecosystem": "PyPI",
        "purl": "pkg:pypi/django"
      },
      "ranges": [
        {
          "type": "ECOSYSTEM",
          "events": [
            {
              "introduced": "4.0"
            },
            {
              "fixed": "4.0.10"
            }
          ]
        }
      ],
      "versions": [
        "4.0",
        "4.0.1",
        "4.0.2",
        "4.0.3",
        "4.0.4",
        "4.0.5",
        "4.0.6",
        "4.0.7",
        "4.0.8",
        "4.0.9"
      ],
      "database_specific": {
        "source": "https://github.com/github/advisory-database/blob/main/advisories/github-reviewed/2023/02/GHSA-2hrw-hx67-34x6/GHSA-2hrw-hx67-34x6.json"
      }
    }
  ],
  "schema_version": "1.6.0",
  "severity": [
    {
      "type": "CVSS_V3",
      "score": "CVSS:3.1/AV:N/AC:L/PR:N/UI:N/S:U/C:N/I:N/A:H"
    }
  ]
}