{
  "id": "GHSA-452h-rx28-49w9",
  "summary": "MoinMoin Cross-site scripting (XSS) vulnerability",
  "details": "Cross-site scripting (XSS) vulnerability in the rsslink function in `theme/__init__.py` in MoinMoin before 1.9.6 allows remote attackers to inject arbitrary web script or HTML via the page name in a rss link.",
  "aliases": [
    "CVE-2012-6082",
    "PYSEC-2013-23"
  ],
  "modified": "2024-05-01T11:11:33.644464Z",
  "published": "2022-05-17T05:17:02Z",
  "database_specific": {
    "nvd_published_at": "2013-01-03T01:55:00Z",
    "cwe_ids": [
      "CWE-79"
    ],
    "severity": "MODERATE",
    "github_reviewed": true,
    "github_reviewed_at": "2024-05-01T10:49:43Z"
  },
  "references": [
    {
      "type": "ADVISORY",
      "url": "https://nvd.nist.gov/vuln/detail/CVE-2012-6082"
    },
    {
      "type": "WEB",
      "url": "https://web.archive.org/web/20151023152540/http://secunia.com/advisories/51663"
    },
    {
      "type": "WEB",
      "url": "https://web.archive.org/web/20200228182002/http://www.securityfocus.com/bid/57089"
    },
    {
      "type": "WEB",
      "url": "http://hg.moinmo.in/moin/1.9/rev/c98ec456e493"
    },
    {
      "type": "WEB",
      "url": "http://moinmo.in/SecurityFixes"
    },
    {
      "type": "WEB",
      "url": "http://www.openwall.com/lists/oss-security/2012/12/29/7"
    },
    {
      "type": "WEB",
      "url": "http://www.openwall.com/lists/oss-security/2012/12/30/5"
    }
  ],
  "affected": [
    {
      "package": {
        "name": "moin",
        "ecosystem": "PyPI",
        "purl": "pkg:pypi/moin"
      },
      "ranges": [
        {
          "type": "ECOSYSTEM",
          "events": [
            {
              "introduced": "0"
            },
            {
              "fixed": "1.9.6"
            }
          ]
        }
      ],
      "versions": [
        "1.8.4",
        "1.8.5",
        "1.8.6",
        "1.8.7",
        "1.9.0",
        "1.9.1",
        "1.9.2",
        "1.9.3",
        "1.9.4",
        "1.9.5"
      ],
      "database_specific": {
        "source": "https://github.com/github/advisory-database/blob/main/advisories/github-reviewed/2022/05/GHSA-452h-rx28-49w9/GHSA-452h-rx28-49w9.json"
      }
    }
  ],
  "schema_version": "1.6.0"
}