{
  "id": "GHSA-3pww-qvr8-6mhp",
  "summary": "Ray Path Traversal vulnerability",
  "details": "LFI in Ray's log API endpoint allows attackers to read any file on the server without authentication. The issue is fixed in version 2.8.1+. Ray maintainers response can be found here: https://www.anyscale.com/blog/update-on-ray-cves-cve-2023-6019-cve-2023-6020-cve-2023-6021-cve-2023-48022-cve-2023-48023",
  "aliases": [
    "CVE-2023-6021"
  ],
  "modified": "2024-02-17T05:34:53.513205Z",
  "published": "2023-11-16T18:30:31Z",
  "database_specific": {
    "nvd_published_at": "2023-11-16T17:15:09Z",
    "cwe_ids": [
      "CWE-22",
      "CWE-29"
    ],
    "severity": "CRITICAL",
    "github_reviewed": true,
    "github_reviewed_at": "2023-11-27T23:20:39Z"
  },
  "references": [
    {
      "type": "ADVISORY",
      "url": "https://nvd.nist.gov/vuln/detail/CVE-2023-6021"
    },
    {
      "type": "WEB",
      "url": "https://github.com/ray-project/ray"
    },
    {
      "type": "WEB",
      "url": "https://huntr.com/bounties/5039c045-f986-4cbc-81ac-370fe4b0d3f8"
    },
    {
      "type": "WEB",
      "url": "https://www.anyscale.com/blog/update-on-ray-cves-cve-2023-6019-cve-2023-6020-cve-2023-6021-cve-2023-48022-cve-2023-48023"
    }
  ],
  "affected": [
    {
      "package": {
        "name": "ray",
        "ecosystem": "PyPI",
        "purl": "pkg:pypi/ray"
      },
      "ranges": [
        {
          "type": "ECOSYSTEM",
          "events": [
            {
              "introduced": "0"
            },
            {
              "last_affected": "2.6.3"
            }
          ]
        }
      ],
      "versions": [
        "0.1.1",
        "0.1.2",
        "0.2.0",
        "0.2.1",
        "0.2.2",
        "0.3.0",
        "0.3.1",
        "0.4.0",
        "0.5.0",
        "0.5.2",
        "0.5.3",
        "0.6.0",
        "0.6.1",
        "0.6.2",
        "0.6.3",
        "0.6.4",
        "0.6.5",
        "0.6.6",
        "0.7.0",
        "0.7.1",
        "0.7.2",
        "0.7.3",
        "0.7.4",
        "0.7.5",
        "0.7.6",
        "0.7.7",
        "0.8.0",
        "0.8.1",
        "0.8.2",
        "0.8.3",
        "0.8.4",
        "0.8.5",
        "0.8.6",
        "0.8.7",
        "1.0.0",
        "1.0.0rc0",
        "1.0.0rc1",
        "1.0.0rc2",
        "1.0.1",
        "1.0.1.post1",
        "1.1.0",
        "1.10.0",
        "1.10.0rc0",
        "1.11.0",
        "1.11.0rc0",
        "1.11.0rc1",
        "1.11.1",
        "1.12.0",
        "1.12.0rc1",
        "1.12.1",
        "1.13.0",
        "1.2.0",
        "1.3.0",
        "1.4.0",
        "1.4.0rc1",
        "1.4.0rc2",
        "1.4.1",
        "1.5.0",
        "1.5.1",
        "1.5.2",
        "1.6.0",
        "1.7.0",
        "1.7.0rc0",
        "1.7.1",
        "1.8.0",
        "1.9.0",
        "1.9.0rc1",
        "1.9.0rc2",
        "1.9.1",
        "1.9.1rc0",
        "1.9.2",
        "2.0.0",
        "2.0.0rc0",
        "2.0.0rc1",
        "2.0.1",
        "2.1.0",
        "2.2.0",
        "2.3.0",
        "2.3.0rc0",
        "2.3.1",
        "2.4.0",
        "2.5.0",
        "2.5.1",
        "2.6.0",
        "2.6.1",
        "2.6.2",
        "2.6.3"
      ],
      "database_specific": {
        "source": "https://github.com/github/advisory-database/blob/main/advisories/github-reviewed/2023/11/GHSA-3pww-qvr8-6mhp/GHSA-3pww-qvr8-6mhp.json"
      }
    }
  ],
  "schema_version": "1.6.0",
  "severity": [
    {
      "type": "CVSS_V3",
      "score": "CVSS:3.0/AV:N/AC:L/PR:N/UI:N/S:C/C:H/I:L/A:N"
    }
  ]
}