{
  "id": "GHSA-4q2r-qxp6-h5j6",
  "summary": "Improper Restriction of XML External Entity Reference in Quokka",
  "details": "XML External Entities (XXE) in Quokka v0.4.0 allows remote attackers to execute arbitrary code via the component 'quokka/core/content/views.py'.",
  "aliases": [
    "CVE-2020-18705",
    "PYSEC-2021-145"
  ],
  "modified": "2023-11-08T04:02:44.528111Z",
  "published": "2021-08-30T16:25:18Z",
  "database_specific": {
    "nvd_published_at": "2021-08-16T18:15:00Z",
    "github_reviewed_at": "2021-08-26T16:34:46Z",
    "severity": "CRITICAL",
    "github_reviewed": true,
    "cwe_ids": [
      "CWE-611"
    ]
  },
  "references": [
    {
      "type": "ADVISORY",
      "url": "https://nvd.nist.gov/vuln/detail/CVE-2020-18705"
    },
    {
      "type": "WEB",
      "url": "https://github.com/rochacbruno/quokka/issues/676"
    },
    {
      "type": "WEB",
      "url": "https://github.com/quokkaproject/quokka/pull/679"
    },
    {
      "type": "PACKAGE",
      "url": "https://github.com/rochacbruno/quokka"
    }
  ],
  "affected": [
    {
      "package": {
        "name": "quokka",
        "ecosystem": "PyPI",
        "purl": "pkg:pypi/quokka"
      },
      "ranges": [
        {
          "type": "ECOSYSTEM",
          "events": [
            {
              "introduced": "0"
            },
            {
              "last_affected": "0.4.0"
            }
          ]
        }
      ],
      "versions": [
        "0.0.1.dev84",
        "0.1.0",
        "0.2.0",
        "0.3.0",
        "0.3.1",
        "0.3.2",
        "0.3.3",
        "0.3.4",
        "0.3.6.dev1",
        "0.3.7.dev1",
        "0.4.0"
      ],
      "ecosystem_specific": {
        "affected_functions": [
          "quokka.admin.wtforms_html5.set_title"
        ]
      },
      "database_specific": {
        "source": "https://github.com/github/advisory-database/blob/main/advisories/github-reviewed/2021/08/GHSA-4q2r-qxp6-h5j6/GHSA-4q2r-qxp6-h5j6.json"
      }
    }
  ],
  "schema_version": "1.6.0",
  "severity": [
    {
      "type": "CVSS_V3",
      "score": "CVSS:3.1/AV:N/AC:L/PR:N/UI:N/S:U/C:H/I:H/A:H"
    }
  ]
}