{
  "id": "GHSA-23fx-92m6-4f2g",
  "summary": "pretalx allows path traversal in HTML export",
  "details": "pretalx 2.3.1 before 2.3.2 allows path traversal in HTML export (a non-default feature). Organizers can trigger the overwriting (with the standard pretalx 404 page content) of an arbitrary file.",
  "aliases": [
    "CVE-2023-28458",
    "PYSEC-2023-40"
  ],
  "modified": "2024-02-16T08:04:15.973960Z",
  "published": "2023-04-20T21:33:27Z",
  "database_specific": {
    "nvd_published_at": "2023-04-20T21:15:08Z",
    "cwe_ids": [
      "CWE-22"
    ],
    "severity": "MODERATE",
    "github_reviewed": true,
    "github_reviewed_at": "2023-04-21T19:39:52Z"
  },
  "references": [
    {
      "type": "ADVISORY",
      "url": "https://nvd.nist.gov/vuln/detail/CVE-2023-28458"
    },
    {
      "type": "WEB",
      "url": "https://github.com/pretalx/pretalx/commit/60722c43cf975f319e94102e6bff320723776890"
    },
    {
      "type": "PACKAGE",
      "url": "https://github.com/pretalx/pretalx"
    },
    {
      "type": "WEB",
      "url": "https://github.com/pretalx/pretalx/releases/tag/v2.3.2"
    },
    {
      "type": "WEB",
      "url": "https://pretalx.com/p/news/security-release-232"
    },
    {
      "type": "WEB",
      "url": "https://www.sonarsource.com/blog/pretalx-vulnerabilities-how-to-get-accepted-at-every-conference"
    }
  ],
  "affected": [
    {
      "package": {
        "name": "pretalx",
        "ecosystem": "PyPI",
        "purl": "pkg:pypi/pretalx"
      },
      "ranges": [
        {
          "type": "ECOSYSTEM",
          "events": [
            {
              "introduced": "0"
            },
            {
              "fixed": "2.3.2"
            }
          ]
        }
      ],
      "versions": [
        "0.1.0",
        "0.2.0.post1",
        "0.2.1.post1",
        "0.2.2",
        "0.3.0",
        "0.3.1",
        "0.4.0",
        "0.4.1",
        "0.5.0",
        "0.6.0",
        "0.6.1",
        "0.7.0",
        "0.7.1",
        "0.8.0",
        "0.9.0",
        "1.0.0",
        "1.0.1",
        "1.0.2",
        "1.0.3",
        "1.0.4",
        "1.1.0",
        "1.1.1",
        "1.1.2",
        "2.0.0",
        "2.1.0",
        "2.1.1",
        "2.2.0",
        "2.3.0",
        "2.3.1"
      ],
      "database_specific": {
        "source": "https://github.com/github/advisory-database/blob/main/advisories/github-reviewed/2023/04/GHSA-23fx-92m6-4f2g/GHSA-23fx-92m6-4f2g.json"
      }
    }
  ],
  "schema_version": "1.6.0",
  "severity": [
    {
      "type": "CVSS_V3",
      "score": "CVSS:3.1/AV:N/AC:L/PR:L/UI:N/S:U/C:N/I:L/A:N"
    }
  ]
}