{
  "id": "GHSA-299q-3p96-5898",
  "summary": "Apache Superset Incorrect Authorization vulnerability",
  "details": "An authenticated user could potentially access metadata for a datasource they are not authorized to view by submitting a targeted REST API request. This issue affects Apache Superset before 3.1.2.\n\nUsers are recommended to upgrade to version 3.1.2 or above, which fixes the issue.\n\n",
  "aliases": [
    "CVE-2024-28148"
  ],
  "modified": "2024-05-08T14:29:21.465152Z",
  "published": "2024-05-07T15:30:36Z",
  "database_specific": {
    "nvd_published_at": "2024-05-07T14:15:10Z",
    "cwe_ids": [
      "CWE-863"
    ],
    "severity": "MODERATE",
    "github_reviewed": true,
    "github_reviewed_at": "2024-05-07T16:53:40Z"
  },
  "references": [
    {
      "type": "ADVISORY",
      "url": "https://nvd.nist.gov/vuln/detail/CVE-2024-28148"
    },
    {
      "type": "PACKAGE",
      "url": "https://github.com/apache/superset"
    },
    {
      "type": "WEB",
      "url": "https://lists.apache.org/thread/n27wlbd05oc6bgjh28d5pxzsrrph8dgo"
    }
  ],
  "affected": [
    {
      "package": {
        "name": "apache-superset",
        "ecosystem": "PyPI",
        "purl": "pkg:pypi/apache-superset"
      },
      "ranges": [
        {
          "type": "ECOSYSTEM",
          "events": [
            {
              "introduced": "0"
            },
            {
              "fixed": "3.1.2"
            }
          ]
        }
      ],
      "versions": [
        "0.34.0",
        "0.34.1",
        "0.35.1",
        "0.35.2",
        "0.36.0",
        "0.37.0",
        "0.37.1",
        "0.37.2",
        "0.38.0",
        "0.38.1",
        "1.0.0",
        "1.0.1",
        "1.1.0",
        "1.2.0",
        "1.3.0",
        "1.3.1",
        "1.3.2",
        "1.4.0",
        "1.4.1",
        "1.4.2",
        "1.5.0",
        "1.5.1",
        "1.5.2",
        "1.5.3",
        "2.0.0",
        "2.0.1",
        "2.1.0",
        "2.1.1",
        "2.1.1rc1",
        "2.1.1rc2",
        "2.1.1rc3",
        "2.1.2",
        "2.1.3",
        "3.0.0",
        "3.0.0rc1",
        "3.0.0rc2",
        "3.0.0rc3",
        "3.0.0rc4",
        "3.0.1",
        "3.0.2",
        "3.0.3",
        "3.0.4",
        "3.1.0",
        "3.1.0rc1",
        "3.1.0rc2",
        "3.1.0rc3",
        "3.1.0rc4",
        "3.1.1"
      ],
      "database_specific": {
        "source": "https://github.com/github/advisory-database/blob/main/advisories/github-reviewed/2024/05/GHSA-299q-3p96-5898/GHSA-299q-3p96-5898.json"
      }
    }
  ],
  "schema_version": "1.6.0",
  "severity": [
    {
      "type": "CVSS_V3",
      "score": "CVSS:3.1/AV:N/AC:L/PR:L/UI:N/S:U/C:L/I:N/A:N"
    }
  ]
}